2025-03-05 00:52:40	/var/www/html/lib/plugins/toctweak/syntax/sidetoc.php(73)	E_WARNING: Undefined variable $section
  #0 /var/www/html/lib/plugins/toctweak/syntax/sidetoc.php(73): dokuwiki\ErrorHandler::errorHandler()
  #1 /var/www/html/inc/parser/renderer.php(126): syntax_plugin_toctweak_sidetoc->render()
  #2 /var/www/html/inc/parserutils.php(691): Doku_Renderer->plugin()
  #3 /var/www/html/inc/parserutils.php(158): p_render()
  #4 /var/www/html/inc/parserutils.php(97): p_cached_output()
  #5 /var/www/html/inc/template.php(1679): p_wiki_xhtml()
  #6 /var/www/html/lib/tpl/arcadebasic/main.php(143): tpl_include_page()
  #7 /var/www/html/inc/actions.php(30): include('...')
  #8 /var/www/html/doku.php(131): act_dispatch()
  #9 {main}
2025-03-05 00:52:40	/var/www/html/lib/plugins/toctweak/helper.php(96)	E_WARNING: Undefined array key "tableofcontents"
  #0 /var/www/html/lib/plugins/toctweak/helper.php(96): dokuwiki\ErrorHandler::errorHandler()
  #1 /var/www/html/lib/plugins/toctweak/syntax/sidetoc.php(73): helper_plugin_toctweak->get_metatoc()
  #2 /var/www/html/inc/parser/renderer.php(126): syntax_plugin_toctweak_sidetoc->render()
  #3 /var/www/html/inc/parserutils.php(691): Doku_Renderer->plugin()
  #4 /var/www/html/inc/parserutils.php(158): p_render()
  #5 /var/www/html/inc/parserutils.php(97): p_cached_output()
  #6 /var/www/html/inc/template.php(1679): p_wiki_xhtml()
  #7 /var/www/html/lib/tpl/arcadebasic/main.php(143): tpl_include_page()
  #8 /var/www/html/inc/actions.php(30): include('...')
  #9 /var/www/html/doku.php(131): act_dispatch()
  #10 {main}
2025-03-05 01:52:19	/var/www/html/lib/plugins/toctweak/syntax/sidetoc.php(73)	E_WARNING: Undefined variable $section
  #0 /var/www/html/lib/plugins/toctweak/syntax/sidetoc.php(73): dokuwiki\ErrorHandler::errorHandler()
  #1 /var/www/html/inc/parser/renderer.php(126): syntax_plugin_toctweak_sidetoc->render()
  #2 /var/www/html/inc/parserutils.php(691): Doku_Renderer->plugin()
  #3 /var/www/html/inc/parserutils.php(158): p_render()
  #4 /var/www/html/inc/parserutils.php(97): p_cached_output()
  #5 /var/www/html/inc/template.php(1679): p_wiki_xhtml()
  #6 /var/www/html/lib/tpl/arcadebasic/main.php(143): tpl_include_page()
  #7 /var/www/html/inc/actions.php(30): include('...')
  #8 /var/www/html/doku.php(131): act_dispatch()
  #9 {main}
2025-03-05 01:52:19	/var/www/html/lib/plugins/toctweak/helper.php(96)	E_WARNING: Undefined array key "tableofcontents"
  #0 /var/www/html/lib/plugins/toctweak/helper.php(96): dokuwiki\ErrorHandler::errorHandler()
  #1 /var/www/html/lib/plugins/toctweak/syntax/sidetoc.php(73): helper_plugin_toctweak->get_metatoc()
  #2 /var/www/html/inc/parser/renderer.php(126): syntax_plugin_toctweak_sidetoc->render()
  #3 /var/www/html/inc/parserutils.php(691): Doku_Renderer->plugin()
  #4 /var/www/html/inc/parserutils.php(158): p_render()
  #5 /var/www/html/inc/parserutils.php(97): p_cached_output()
  #6 /var/www/html/inc/template.php(1679): p_wiki_xhtml()
  #7 /var/www/html/lib/tpl/arcadebasic/main.php(143): tpl_include_page()
  #8 /var/www/html/inc/actions.php(30): include('...')
  #9 /var/www/html/doku.php(131): act_dispatch()
  #10 {main}
2025-03-05 03:02:22	/var/www/html/lib/plugins/toctweak/syntax/sidetoc.php(73)	E_WARNING: Undefined variable $section
  #0 /var/www/html/lib/plugins/toctweak/syntax/sidetoc.php(73): dokuwiki\ErrorHandler::errorHandler()
  #1 /var/www/html/inc/parser/renderer.php(126): syntax_plugin_toctweak_sidetoc->render()
  #2 /var/www/html/inc/parserutils.php(691): Doku_Renderer->plugin()
  #3 /var/www/html/inc/parserutils.php(158): p_render()
  #4 /var/www/html/inc/parserutils.php(97): p_cached_output()
  #5 /var/www/html/inc/template.php(1679): p_wiki_xhtml()
  #6 /var/www/html/lib/tpl/arcadebasic/main.php(143): tpl_include_page()
  #7 /var/www/html/inc/actions.php(30): include('...')
  #8 /var/www/html/doku.php(131): act_dispatch()
  #9 {main}
2025-03-05 03:02:22	/var/www/html/lib/plugins/toctweak/helper.php(96)	E_WARNING: Undefined array key "tableofcontents"
  #0 /var/www/html/lib/plugins/toctweak/helper.php(96): dokuwiki\ErrorHandler::errorHandler()
  #1 /var/www/html/lib/plugins/toctweak/syntax/sidetoc.php(73): helper_plugin_toctweak->get_metatoc()
  #2 /var/www/html/inc/parser/renderer.php(126): syntax_plugin_toctweak_sidetoc->render()
  #3 /var/www/html/inc/parserutils.php(691): Doku_Renderer->plugin()
  #4 /var/www/html/inc/parserutils.php(158): p_render()
  #5 /var/www/html/inc/parserutils.php(97): p_cached_output()
  #6 /var/www/html/inc/template.php(1679): p_wiki_xhtml()
  #7 /var/www/html/lib/tpl/arcadebasic/main.php(143): tpl_include_page()
  #8 /var/www/html/inc/actions.php(30): include('...')
  #9 /var/www/html/doku.php(131): act_dispatch()
  #10 {main}
2025-03-05 03:51:03	/var/www/html/lib/plugins/toctweak/syntax/sidetoc.php(73)	E_WARNING: Undefined variable $section
  #0 /var/www/html/lib/plugins/toctweak/syntax/sidetoc.php(73): dokuwiki\ErrorHandler::errorHandler()
  #1 /var/www/html/inc/parser/renderer.php(126): syntax_plugin_toctweak_sidetoc->render()
  #2 /var/www/html/inc/parserutils.php(691): Doku_Renderer->plugin()
  #3 /var/www/html/inc/parserutils.php(158): p_render()
  #4 /var/www/html/inc/parserutils.php(97): p_cached_output()
  #5 /var/www/html/inc/template.php(1679): p_wiki_xhtml()
  #6 /var/www/html/lib/tpl/arcadebasic/main.php(143): tpl_include_page()
  #7 /var/www/html/inc/actions.php(30): include('...')
  #8 /var/www/html/doku.php(131): act_dispatch()
  #9 {main}
2025-03-05 04:05:53	/var/www/html/lib/plugins/toctweak/syntax/sidetoc.php(73)	E_WARNING: Undefined variable $section
  #0 /var/www/html/lib/plugins/toctweak/syntax/sidetoc.php(73): dokuwiki\ErrorHandler::errorHandler()
  #1 /var/www/html/inc/parser/renderer.php(126): syntax_plugin_toctweak_sidetoc->render()
  #2 /var/www/html/inc/parserutils.php(691): Doku_Renderer->plugin()
  #3 /var/www/html/inc/parserutils.php(158): p_render()
  #4 /var/www/html/inc/parserutils.php(97): p_cached_output()
  #5 /var/www/html/inc/template.php(1679): p_wiki_xhtml()
  #6 /var/www/html/lib/tpl/arcadebasic/main.php(143): tpl_include_page()
  #7 /var/www/html/inc/actions.php(30): include('...')
  #8 /var/www/html/doku.php(131): act_dispatch()
  #9 {main}
2025-03-05 04:05:53	/var/www/html/lib/plugins/toctweak/helper.php(96)	E_WARNING: Undefined array key "tableofcontents"
  #0 /var/www/html/lib/plugins/toctweak/helper.php(96): dokuwiki\ErrorHandler::errorHandler()
  #1 /var/www/html/lib/plugins/toctweak/syntax/sidetoc.php(73): helper_plugin_toctweak->get_metatoc()
  #2 /var/www/html/inc/parser/renderer.php(126): syntax_plugin_toctweak_sidetoc->render()
  #3 /var/www/html/inc/parserutils.php(691): Doku_Renderer->plugin()
  #4 /var/www/html/inc/parserutils.php(158): p_render()
  #5 /var/www/html/inc/parserutils.php(97): p_cached_output()
  #6 /var/www/html/inc/template.php(1679): p_wiki_xhtml()
  #7 /var/www/html/lib/tpl/arcadebasic/main.php(143): tpl_include_page()
  #8 /var/www/html/inc/actions.php(30): include('...')
  #9 /var/www/html/doku.php(131): act_dispatch()
  #10 {main}
2025-03-05 04:06:17	/var/www/html/lib/plugins/toctweak/syntax/sidetoc.php(73)	E_WARNING: Undefined variable $section
  #0 /var/www/html/lib/plugins/toctweak/syntax/sidetoc.php(73): dokuwiki\ErrorHandler::errorHandler()
  #1 /var/www/html/inc/parser/renderer.php(126): syntax_plugin_toctweak_sidetoc->render()
  #2 /var/www/html/inc/parserutils.php(691): Doku_Renderer->plugin()
  #3 /var/www/html/inc/parserutils.php(158): p_render()
  #4 /var/www/html/inc/parserutils.php(97): p_cached_output()
  #5 /var/www/html/inc/template.php(1679): p_wiki_xhtml()
  #6 /var/www/html/lib/tpl/arcadebasic/main.php(143): tpl_include_page()
  #7 /var/www/html/inc/actions.php(30): include('...')
  #8 /var/www/html/doku.php(131): act_dispatch()
  #9 {main}
2025-03-05 04:25:49	/var/www/html/lib/plugins/toctweak/syntax/sidetoc.php(73)	E_WARNING: Undefined variable $section
  #0 /var/www/html/lib/plugins/toctweak/syntax/sidetoc.php(73): dokuwiki\ErrorHandler::errorHandler()
  #1 /var/www/html/inc/parser/renderer.php(126): syntax_plugin_toctweak_sidetoc->render()
  #2 /var/www/html/inc/parserutils.php(691): Doku_Renderer->plugin()
  #3 /var/www/html/inc/parserutils.php(158): p_render()
  #4 /var/www/html/inc/parserutils.php(97): p_cached_output()
  #5 /var/www/html/inc/template.php(1679): p_wiki_xhtml()
  #6 /var/www/html/lib/tpl/arcadebasic/main.php(143): tpl_include_page()
  #7 /var/www/html/inc/actions.php(30): include('...')
  #8 /var/www/html/doku.php(131): act_dispatch()
  #9 {main}
2025-03-05 04:25:49	/var/www/html/lib/plugins/toctweak/helper.php(96)	E_WARNING: Undefined array key "tableofcontents"
  #0 /var/www/html/lib/plugins/toctweak/helper.php(96): dokuwiki\ErrorHandler::errorHandler()
  #1 /var/www/html/lib/plugins/toctweak/syntax/sidetoc.php(73): helper_plugin_toctweak->get_metatoc()
  #2 /var/www/html/inc/parser/renderer.php(126): syntax_plugin_toctweak_sidetoc->render()
  #3 /var/www/html/inc/parserutils.php(691): Doku_Renderer->plugin()
  #4 /var/www/html/inc/parserutils.php(158): p_render()
  #5 /var/www/html/inc/parserutils.php(97): p_cached_output()
  #6 /var/www/html/inc/template.php(1679): p_wiki_xhtml()
  #7 /var/www/html/lib/tpl/arcadebasic/main.php(143): tpl_include_page()
  #8 /var/www/html/inc/actions.php(30): include('...')
  #9 /var/www/html/doku.php(131): act_dispatch()
  #10 {main}
2025-03-05 04:43:08	/var/www/html/lib/plugins/toctweak/syntax/sidetoc.php(73)	E_WARNING: Undefined variable $section
  #0 /var/www/html/lib/plugins/toctweak/syntax/sidetoc.php(73): dokuwiki\ErrorHandler::errorHandler()
  #1 /var/www/html/inc/parser/renderer.php(126): syntax_plugin_toctweak_sidetoc->render()
  #2 /var/www/html/inc/parserutils.php(691): Doku_Renderer->plugin()
  #3 /var/www/html/inc/parserutils.php(158): p_render()
  #4 /var/www/html/inc/parserutils.php(97): p_cached_output()
  #5 /var/www/html/inc/template.php(1679): p_wiki_xhtml()
  #6 /var/www/html/lib/tpl/arcadebasic/main.php(143): tpl_include_page()
  #7 /var/www/html/inc/actions.php(30): include('...')
  #8 /var/www/html/doku.php(131): act_dispatch()
  #9 {main}
2025-03-05 04:43:28	/var/www/html/lib/plugins/toctweak/syntax/sidetoc.php(73)	E_WARNING: Undefined variable $section
  #0 /var/www/html/lib/plugins/toctweak/syntax/sidetoc.php(73): dokuwiki\ErrorHandler::errorHandler()
  #1 /var/www/html/inc/parser/renderer.php(126): syntax_plugin_toctweak_sidetoc->render()
  #2 /var/www/html/inc/parserutils.php(691): Doku_Renderer->plugin()
  #3 /var/www/html/inc/parserutils.php(158): p_render()
  #4 /var/www/html/inc/parserutils.php(97): p_cached_output()
  #5 /var/www/html/inc/template.php(1679): p_wiki_xhtml()
  #6 /var/www/html/lib/tpl/arcadebasic/main.php(143): tpl_include_page()
  #7 /var/www/html/inc/actions.php(30): include('...')
  #8 /var/www/html/doku.php(131): act_dispatch()
  #9 {main}
2025-03-05 04:55:21	/var/www/html/lib/plugins/toctweak/syntax/sidetoc.php(73)	E_WARNING: Undefined variable $section
  #0 /var/www/html/lib/plugins/toctweak/syntax/sidetoc.php(73): dokuwiki\ErrorHandler::errorHandler()
  #1 /var/www/html/inc/parser/renderer.php(126): syntax_plugin_toctweak_sidetoc->render()
  #2 /var/www/html/inc/parserutils.php(691): Doku_Renderer->plugin()
  #3 /var/www/html/inc/parserutils.php(158): p_render()
  #4 /var/www/html/inc/parserutils.php(97): p_cached_output()
  #5 /var/www/html/inc/template.php(1679): p_wiki_xhtml()
  #6 /var/www/html/lib/tpl/arcadebasic/main.php(143): tpl_include_page()
  #7 /var/www/html/inc/actions.php(30): include('...')
  #8 /var/www/html/doku.php(131): act_dispatch()
  #9 {main}
2025-03-05 05:54:48	/var/www/html/lib/plugins/toctweak/syntax/sidetoc.php(73)	E_WARNING: Undefined variable $section
  #0 /var/www/html/lib/plugins/toctweak/syntax/sidetoc.php(73): dokuwiki\ErrorHandler::errorHandler()
  #1 /var/www/html/inc/parser/renderer.php(126): syntax_plugin_toctweak_sidetoc->render()
  #2 /var/www/html/inc/parserutils.php(691): Doku_Renderer->plugin()
  #3 /var/www/html/inc/parserutils.php(158): p_render()
  #4 /var/www/html/inc/parserutils.php(97): p_cached_output()
  #5 /var/www/html/inc/template.php(1679): p_wiki_xhtml()
  #6 /var/www/html/lib/tpl/arcadebasic/main.php(143): tpl_include_page()
  #7 /var/www/html/inc/actions.php(30): include('...')
  #8 /var/www/html/doku.php(131): act_dispatch()
  #9 {main}
2025-03-05 07:34:26	/var/www/html/lib/plugins/toctweak/syntax/sidetoc.php(73)	E_WARNING: Undefined variable $section
  #0 /var/www/html/lib/plugins/toctweak/syntax/sidetoc.php(73): dokuwiki\ErrorHandler::errorHandler()
  #1 /var/www/html/inc/parser/renderer.php(126): syntax_plugin_toctweak_sidetoc->render()
  #2 /var/www/html/inc/parserutils.php(691): Doku_Renderer->plugin()
  #3 /var/www/html/inc/parserutils.php(158): p_render()
  #4 /var/www/html/inc/parserutils.php(97): p_cached_output()
  #5 /var/www/html/inc/template.php(1679): p_wiki_xhtml()
  #6 /var/www/html/lib/tpl/arcadebasic/main.php(143): tpl_include_page()
  #7 /var/www/html/inc/actions.php(30): include('...')
  #8 /var/www/html/doku.php(131): act_dispatch()
  #9 {main}
2025-03-05 07:49:15	/var/www/html/lib/plugins/toctweak/syntax/sidetoc.php(73)	E_WARNING: Undefined variable $section
  #0 /var/www/html/lib/plugins/toctweak/syntax/sidetoc.php(73): dokuwiki\ErrorHandler::errorHandler()
  #1 /var/www/html/inc/parser/renderer.php(126): syntax_plugin_toctweak_sidetoc->render()
  #2 /var/www/html/inc/parserutils.php(691): Doku_Renderer->plugin()
  #3 /var/www/html/inc/parserutils.php(158): p_render()
  #4 /var/www/html/inc/parserutils.php(97): p_cached_output()
  #5 /var/www/html/inc/template.php(1679): p_wiki_xhtml()
  #6 /var/www/html/lib/tpl/arcadebasic/main.php(143): tpl_include_page()
  #7 /var/www/html/inc/actions.php(30): include('...')
  #8 /var/www/html/doku.php(131): act_dispatch()
  #9 {main}
2025-03-05 07:49:27	/var/www/html/inc/Extension/PluginController.php(110)	E_WARNING: Undefined array key "base"
  #0 /var/www/html/inc/Extension/PluginController.php(110): dokuwiki\ErrorHandler::errorHandler()
  #1 /var/www/html/inc/pluginutils.php(55): dokuwiki\Extension\PluginController->load()
  #2 /var/www/html/inc/parserutils.php(578): plugin_load()
  #3 /var/www/html/inc/parserutils.php(222): p_get_parsermodes()
  #4 /var/www/html/inc/parserutils.php(198): p_get_instructions()
  #5 /var/www/html/inc/parserutils.php(158): p_cached_instructions()
  #6 /var/www/html/inc/parserutils.php(129): p_cached_output()
  #7 /var/www/html/inc/parserutils.php(104): p_locale_xhtml()
  #8 /var/www/html/inc/Ui/PageView.php(67): p_wiki_xhtml()
  #9 /var/www/html/inc/Action/Show.php(40): dokuwiki\Ui\PageView->show()
  #10 /var/www/html/inc/template.php(120): dokuwiki\Action\Show->tplContent()
  #11 [internal function]: tpl_content_core()
  #12 /var/www/html/inc/Extension/Event.php(134): call_user_func_array()
  #13 /var/www/html/inc/Extension/Event.php(200): dokuwiki\Extension\Event->trigger()
  #14 /var/www/html/inc/template.php(102): dokuwiki\Extension\Event::createAndTrigger()
  #15 /var/www/html/lib/tpl/arcadebasic/main.php(119): tpl_content()
  #16 /var/www/html/inc/actions.php(30): include('...')
  #17 /var/www/html/doku.php(131): act_dispatch()
  #18 {main}
2025-03-05 07:49:27	/var/www/html/lib/plugins/toctweak/syntax/sidetoc.php(73)	E_WARNING: Undefined variable $section
  #0 /var/www/html/lib/plugins/toctweak/syntax/sidetoc.php(73): dokuwiki\ErrorHandler::errorHandler()
  #1 /var/www/html/inc/parser/renderer.php(126): syntax_plugin_toctweak_sidetoc->render()
  #2 /var/www/html/inc/parserutils.php(691): Doku_Renderer->plugin()
  #3 /var/www/html/inc/parserutils.php(158): p_render()
  #4 /var/www/html/inc/parserutils.php(97): p_cached_output()
  #5 /var/www/html/inc/template.php(1679): p_wiki_xhtml()
  #6 /var/www/html/lib/tpl/arcadebasic/main.php(143): tpl_include_page()
  #7 /var/www/html/inc/actions.php(30): include('...')
  #8 /var/www/html/doku.php(131): act_dispatch()
  #9 {main}
2025-03-05 07:49:27	/var/www/html/lib/plugins/toctweak/helper.php(96)	E_WARNING: Undefined array key "description"
  #0 /var/www/html/lib/plugins/toctweak/helper.php(96): dokuwiki\ErrorHandler::errorHandler()
  #1 /var/www/html/lib/plugins/toctweak/syntax/sidetoc.php(73): helper_plugin_toctweak->get_metatoc()
  #2 /var/www/html/inc/parser/renderer.php(126): syntax_plugin_toctweak_sidetoc->render()
  #3 /var/www/html/inc/parserutils.php(691): Doku_Renderer->plugin()
  #4 /var/www/html/inc/parserutils.php(158): p_render()
  #5 /var/www/html/inc/parserutils.php(97): p_cached_output()
  #6 /var/www/html/inc/template.php(1679): p_wiki_xhtml()
  #7 /var/www/html/lib/tpl/arcadebasic/main.php(143): tpl_include_page()
  #8 /var/www/html/inc/actions.php(30): include('...')
  #9 /var/www/html/doku.php(131): act_dispatch()
  #10 {main}
2025-03-05 07:49:27	/var/www/html/lib/plugins/toctweak/helper.php(96)	E_WARNING: Trying to access array offset on value of type null
  #0 /var/www/html/lib/plugins/toctweak/helper.php(96): dokuwiki\ErrorHandler::errorHandler()
  #1 /var/www/html/lib/plugins/toctweak/syntax/sidetoc.php(73): helper_plugin_toctweak->get_metatoc()
  #2 /var/www/html/inc/parser/renderer.php(126): syntax_plugin_toctweak_sidetoc->render()
  #3 /var/www/html/inc/parserutils.php(691): Doku_Renderer->plugin()
  #4 /var/www/html/inc/parserutils.php(158): p_render()
  #5 /var/www/html/inc/parserutils.php(97): p_cached_output()
  #6 /var/www/html/inc/template.php(1679): p_wiki_xhtml()
  #7 /var/www/html/lib/tpl/arcadebasic/main.php(143): tpl_include_page()
  #8 /var/www/html/inc/actions.php(30): include('...')
  #9 /var/www/html/doku.php(131): act_dispatch()
  #10 {main}
2025-03-05 07:49:27	/var/www/html/lib/plugins/toctweak/syntax/sidetoc.php(73)	E_WARNING: Undefined variable $section
  #0 /var/www/html/lib/plugins/toctweak/syntax/sidetoc.php(73): dokuwiki\ErrorHandler::errorHandler()
  #1 /var/www/html/inc/parser/renderer.php(126): syntax_plugin_toctweak_sidetoc->render()
  #2 /var/www/html/inc/parserutils.php(691): Doku_Renderer->plugin()
  #3 /var/www/html/inc/parserutils.php(158): p_render()
  #4 /var/www/html/inc/parserutils.php(97): p_cached_output()
  #5 /var/www/html/inc/template.php(1679): p_wiki_xhtml()
  #6 /var/www/html/lib/tpl/arcadebasic/main.php(143): tpl_include_page()
  #7 /var/www/html/inc/actions.php(30): include('...')
  #8 /var/www/html/doku.php(131): act_dispatch()
  #9 {main}
2025-03-05 07:49:27	/var/www/html/lib/plugins/toctweak/helper.php(96)	E_WARNING: Undefined array key "description"
  #0 /var/www/html/lib/plugins/toctweak/helper.php(96): dokuwiki\ErrorHandler::errorHandler()
  #1 /var/www/html/lib/plugins/toctweak/syntax/sidetoc.php(73): helper_plugin_toctweak->get_metatoc()
  #2 /var/www/html/inc/parser/renderer.php(126): syntax_plugin_toctweak_sidetoc->render()
  #3 /var/www/html/inc/parserutils.php(691): Doku_Renderer->plugin()
  #4 /var/www/html/inc/parserutils.php(158): p_render()
  #5 /var/www/html/inc/parserutils.php(97): p_cached_output()
  #6 /var/www/html/inc/template.php(1679): p_wiki_xhtml()
  #7 /var/www/html/lib/tpl/arcadebasic/main.php(143): tpl_include_page()
  #8 /var/www/html/inc/actions.php(30): include('...')
  #9 /var/www/html/doku.php(131): act_dispatch()
  #10 {main}
2025-03-05 07:49:27	/var/www/html/lib/plugins/toctweak/helper.php(96)	E_WARNING: Trying to access array offset on value of type null
  #0 /var/www/html/lib/plugins/toctweak/helper.php(96): dokuwiki\ErrorHandler::errorHandler()
  #1 /var/www/html/lib/plugins/toctweak/syntax/sidetoc.php(73): helper_plugin_toctweak->get_metatoc()
  #2 /var/www/html/inc/parser/renderer.php(126): syntax_plugin_toctweak_sidetoc->render()
  #3 /var/www/html/inc/parserutils.php(691): Doku_Renderer->plugin()
  #4 /var/www/html/inc/parserutils.php(158): p_render()
  #5 /var/www/html/inc/parserutils.php(97): p_cached_output()
  #6 /var/www/html/inc/template.php(1679): p_wiki_xhtml()
  #7 /var/www/html/lib/tpl/arcadebasic/main.php(143): tpl_include_page()
  #8 /var/www/html/inc/actions.php(30): include('...')
  #9 /var/www/html/doku.php(131): act_dispatch()
  #10 {main}
2025-03-05 07:49:28	/var/www/html/lib/plugins/toctweak/syntax/sidetoc.php(73)	E_WARNING: Undefined variable $section
  #0 /var/www/html/lib/plugins/toctweak/syntax/sidetoc.php(73): dokuwiki\ErrorHandler::errorHandler()
  #1 /var/www/html/inc/parser/renderer.php(126): syntax_plugin_toctweak_sidetoc->render()
  #2 /var/www/html/inc/parserutils.php(691): Doku_Renderer->plugin()
  #3 /var/www/html/inc/parserutils.php(158): p_render()
  #4 /var/www/html/inc/parserutils.php(97): p_cached_output()
  #5 /var/www/html/inc/template.php(1679): p_wiki_xhtml()
  #6 /var/www/html/lib/tpl/arcadebasic/main.php(143): tpl_include_page()
  #7 /var/www/html/inc/actions.php(30): include('...')
  #8 /var/www/html/doku.php(131): act_dispatch()
  #9 {main}
2025-03-05 07:49:28	/var/www/html/lib/plugins/toctweak/helper.php(96)	E_WARNING: Undefined array key "description"
  #0 /var/www/html/lib/plugins/toctweak/helper.php(96): dokuwiki\ErrorHandler::errorHandler()
  #1 /var/www/html/lib/plugins/toctweak/syntax/sidetoc.php(73): helper_plugin_toctweak->get_metatoc()
  #2 /var/www/html/inc/parser/renderer.php(126): syntax_plugin_toctweak_sidetoc->render()
  #3 /var/www/html/inc/parserutils.php(691): Doku_Renderer->plugin()
  #4 /var/www/html/inc/parserutils.php(158): p_render()
  #5 /var/www/html/inc/parserutils.php(97): p_cached_output()
  #6 /var/www/html/inc/template.php(1679): p_wiki_xhtml()
  #7 /var/www/html/lib/tpl/arcadebasic/main.php(143): tpl_include_page()
  #8 /var/www/html/inc/actions.php(30): include('...')
  #9 /var/www/html/doku.php(131): act_dispatch()
  #10 {main}
2025-03-05 07:49:28	/var/www/html/lib/plugins/toctweak/helper.php(96)	E_WARNING: Trying to access array offset on value of type null
  #0 /var/www/html/lib/plugins/toctweak/helper.php(96): dokuwiki\ErrorHandler::errorHandler()
  #1 /var/www/html/lib/plugins/toctweak/syntax/sidetoc.php(73): helper_plugin_toctweak->get_metatoc()
  #2 /var/www/html/inc/parser/renderer.php(126): syntax_plugin_toctweak_sidetoc->render()
  #3 /var/www/html/inc/parserutils.php(691): Doku_Renderer->plugin()
  #4 /var/www/html/inc/parserutils.php(158): p_render()
  #5 /var/www/html/inc/parserutils.php(97): p_cached_output()
  #6 /var/www/html/inc/template.php(1679): p_wiki_xhtml()
  #7 /var/www/html/lib/tpl/arcadebasic/main.php(143): tpl_include_page()
  #8 /var/www/html/inc/actions.php(30): include('...')
  #9 /var/www/html/doku.php(131): act_dispatch()
  #10 {main}
2025-03-05 07:50:09	/var/www/html/lib/plugins/toctweak/syntax/sidetoc.php(73)	E_WARNING: Undefined variable $section
  #0 /var/www/html/lib/plugins/toctweak/syntax/sidetoc.php(73): dokuwiki\ErrorHandler::errorHandler()
  #1 /var/www/html/inc/parser/renderer.php(126): syntax_plugin_toctweak_sidetoc->render()
  #2 /var/www/html/inc/parserutils.php(691): Doku_Renderer->plugin()
  #3 /var/www/html/inc/parserutils.php(158): p_render()
  #4 /var/www/html/inc/parserutils.php(97): p_cached_output()
  #5 /var/www/html/inc/template.php(1679): p_wiki_xhtml()
  #6 /var/www/html/lib/tpl/arcadebasic/main.php(143): tpl_include_page()
  #7 /var/www/html/inc/actions.php(30): include('...')
  #8 /var/www/html/doku.php(131): act_dispatch()
  #9 {main}
2025-03-05 07:50:35	/var/www/html/lib/plugins/toctweak/syntax/sidetoc.php(73)	E_WARNING: Undefined variable $section
  #0 /var/www/html/lib/plugins/toctweak/syntax/sidetoc.php(73): dokuwiki\ErrorHandler::errorHandler()
  #1 /var/www/html/inc/parser/renderer.php(126): syntax_plugin_toctweak_sidetoc->render()
  #2 /var/www/html/inc/parserutils.php(691): Doku_Renderer->plugin()
  #3 /var/www/html/inc/parserutils.php(158): p_render()
  #4 /var/www/html/inc/parserutils.php(97): p_cached_output()
  #5 /var/www/html/inc/template.php(1679): p_wiki_xhtml()
  #6 /var/www/html/lib/tpl/arcadebasic/main.php(143): tpl_include_page()
  #7 /var/www/html/inc/actions.php(30): include('...')
  #8 /var/www/html/doku.php(131): act_dispatch()
  #9 {main}
2025-03-05 08:22:00	/var/www/html/lib/plugins/toctweak/syntax/sidetoc.php(73)	E_WARNING: Undefined variable $section
  #0 /var/www/html/lib/plugins/toctweak/syntax/sidetoc.php(73): dokuwiki\ErrorHandler::errorHandler()
  #1 /var/www/html/inc/parser/renderer.php(126): syntax_plugin_toctweak_sidetoc->render()
  #2 /var/www/html/inc/parserutils.php(691): Doku_Renderer->plugin()
  #3 /var/www/html/inc/parserutils.php(158): p_render()
  #4 /var/www/html/inc/parserutils.php(97): p_cached_output()
  #5 /var/www/html/inc/template.php(1679): p_wiki_xhtml()
  #6 /var/www/html/lib/tpl/arcadebasic/main.php(143): tpl_include_page()
  #7 /var/www/html/inc/actions.php(30): include('...')
  #8 /var/www/html/doku.php(131): act_dispatch()
  #9 {main}
2025-03-05 10:25:26	/var/www/html/lib/plugins/toctweak/syntax/sidetoc.php(73)	E_WARNING: Undefined variable $section
  #0 /var/www/html/lib/plugins/toctweak/syntax/sidetoc.php(73): dokuwiki\ErrorHandler::errorHandler()
  #1 /var/www/html/inc/parser/renderer.php(126): syntax_plugin_toctweak_sidetoc->render()
  #2 /var/www/html/inc/parserutils.php(691): Doku_Renderer->plugin()
  #3 /var/www/html/inc/parserutils.php(158): p_render()
  #4 /var/www/html/inc/parserutils.php(97): p_cached_output()
  #5 /var/www/html/inc/template.php(1679): p_wiki_xhtml()
  #6 /var/www/html/lib/tpl/arcadebasic/main.php(143): tpl_include_page()
  #7 /var/www/html/inc/actions.php(30): include('...')
  #8 /var/www/html/doku.php(131): act_dispatch()
  #9 {main}
2025-03-05 10:27:03	/var/www/html/inc/Extension/PluginController.php(110)	E_WARNING: Undefined array key "base"
  #0 /var/www/html/inc/Extension/PluginController.php(110): dokuwiki\ErrorHandler::errorHandler()
  #1 /var/www/html/inc/pluginutils.php(55): dokuwiki\Extension\PluginController->load()
  #2 /var/www/html/inc/parserutils.php(578): plugin_load()
  #3 /var/www/html/inc/parserutils.php(222): p_get_parsermodes()
  #4 /var/www/html/inc/parserutils.php(198): p_get_instructions()
  #5 /var/www/html/inc/parserutils.php(520): p_cached_instructions()
  #6 /var/www/html/inc/parserutils.php(299): p_render_metadata()
  #7 /var/www/html/inc/common.php(264): p_get_metadata()
  #8 /var/www/html/doku.php(101): pageinfo()
  #9 {main}
2025-03-05 10:27:04	/var/www/html/lib/plugins/toctweak/syntax/sidetoc.php(73)	E_WARNING: Undefined variable $section
  #0 /var/www/html/lib/plugins/toctweak/syntax/sidetoc.php(73): dokuwiki\ErrorHandler::errorHandler()
  #1 /var/www/html/inc/parser/renderer.php(126): syntax_plugin_toctweak_sidetoc->render()
  #2 /var/www/html/inc/parserutils.php(691): Doku_Renderer->plugin()
  #3 /var/www/html/inc/parserutils.php(158): p_render()
  #4 /var/www/html/inc/parserutils.php(97): p_cached_output()
  #5 /var/www/html/inc/template.php(1679): p_wiki_xhtml()
  #6 /var/www/html/lib/tpl/arcadebasic/main.php(143): tpl_include_page()
  #7 /var/www/html/inc/actions.php(30): include('...')
  #8 /var/www/html/doku.php(131): act_dispatch()
  #9 {main}
2025-03-05 10:27:05	/var/www/html/inc/Extension/PluginController.php(110)	E_WARNING: Undefined array key "base"
  #0 /var/www/html/inc/Extension/PluginController.php(110): dokuwiki\ErrorHandler::errorHandler()
  #1 /var/www/html/inc/pluginutils.php(55): dokuwiki\Extension\PluginController->load()
  #2 /var/www/html/inc/parserutils.php(578): plugin_load()
  #3 /var/www/html/inc/parserutils.php(222): p_get_parsermodes()
  #4 /var/www/html/inc/parserutils.php(198): p_get_instructions()
  #5 /var/www/html/inc/parserutils.php(520): p_cached_instructions()
  #6 /var/www/html/inc/parserutils.php(299): p_render_metadata()
  #7 /var/www/html/inc/common.php(264): p_get_metadata()
  #8 /var/www/html/doku.php(101): pageinfo()
  #9 {main}
2025-03-05 10:27:05	/var/www/html/lib/plugins/toctweak/syntax/sidetoc.php(73)	E_WARNING: Undefined variable $section
  #0 /var/www/html/lib/plugins/toctweak/syntax/sidetoc.php(73): dokuwiki\ErrorHandler::errorHandler()
  #1 /var/www/html/inc/parser/renderer.php(126): syntax_plugin_toctweak_sidetoc->render()
  #2 /var/www/html/inc/parserutils.php(691): Doku_Renderer->plugin()
  #3 /var/www/html/inc/parserutils.php(158): p_render()
  #4 /var/www/html/inc/parserutils.php(97): p_cached_output()
  #5 /var/www/html/inc/template.php(1679): p_wiki_xhtml()
  #6 /var/www/html/lib/tpl/arcadebasic/main.php(143): tpl_include_page()
  #7 /var/www/html/inc/actions.php(30): include('...')
  #8 /var/www/html/doku.php(131): act_dispatch()
  #9 {main}
2025-03-05 10:29:48	/var/www/html/lib/plugins/toctweak/syntax/sidetoc.php(73)	E_WARNING: Undefined variable $section
  #0 /var/www/html/lib/plugins/toctweak/syntax/sidetoc.php(73): dokuwiki\ErrorHandler::errorHandler()
  #1 /var/www/html/inc/parser/renderer.php(126): syntax_plugin_toctweak_sidetoc->render()
  #2 /var/www/html/inc/parserutils.php(691): Doku_Renderer->plugin()
  #3 /var/www/html/inc/parserutils.php(158): p_render()
  #4 /var/www/html/inc/parserutils.php(97): p_cached_output()
  #5 /var/www/html/inc/template.php(1679): p_wiki_xhtml()
  #6 /var/www/html/lib/tpl/arcadebasic/main.php(143): tpl_include_page()
  #7 /var/www/html/inc/actions.php(30): include('...')
  #8 /var/www/html/doku.php(131): act_dispatch()
  #9 {main}
2025-03-05 10:29:48	/var/www/html/lib/plugins/toctweak/helper.php(96)	E_WARNING: Undefined array key "tableofcontents"
  #0 /var/www/html/lib/plugins/toctweak/helper.php(96): dokuwiki\ErrorHandler::errorHandler()
  #1 /var/www/html/lib/plugins/toctweak/syntax/sidetoc.php(73): helper_plugin_toctweak->get_metatoc()
  #2 /var/www/html/inc/parser/renderer.php(126): syntax_plugin_toctweak_sidetoc->render()
  #3 /var/www/html/inc/parserutils.php(691): Doku_Renderer->plugin()
  #4 /var/www/html/inc/parserutils.php(158): p_render()
  #5 /var/www/html/inc/parserutils.php(97): p_cached_output()
  #6 /var/www/html/inc/template.php(1679): p_wiki_xhtml()
  #7 /var/www/html/lib/tpl/arcadebasic/main.php(143): tpl_include_page()
  #8 /var/www/html/inc/actions.php(30): include('...')
  #9 /var/www/html/doku.php(131): act_dispatch()
  #10 {main}
2025-03-05 10:29:50	/var/www/html/lib/plugins/toctweak/syntax/sidetoc.php(73)	E_WARNING: Undefined variable $section
  #0 /var/www/html/lib/plugins/toctweak/syntax/sidetoc.php(73): dokuwiki\ErrorHandler::errorHandler()
  #1 /var/www/html/inc/parser/renderer.php(126): syntax_plugin_toctweak_sidetoc->render()
  #2 /var/www/html/inc/parserutils.php(691): Doku_Renderer->plugin()
  #3 /var/www/html/inc/parserutils.php(158): p_render()
  #4 /var/www/html/inc/parserutils.php(97): p_cached_output()
  #5 /var/www/html/inc/template.php(1679): p_wiki_xhtml()
  #6 /var/www/html/lib/tpl/arcadebasic/main.php(143): tpl_include_page()
  #7 /var/www/html/inc/actions.php(30): include('...')
  #8 /var/www/html/doku.php(131): act_dispatch()
  #9 {main}
2025-03-05 10:31:04	/var/www/html/inc/Extension/PluginController.php(110)	E_WARNING: Undefined array key "base"
  #0 /var/www/html/inc/Extension/PluginController.php(110): dokuwiki\ErrorHandler::errorHandler()
  #1 /var/www/html/inc/pluginutils.php(55): dokuwiki\Extension\PluginController->load()
  #2 /var/www/html/inc/parserutils.php(578): plugin_load()
  #3 /var/www/html/inc/parserutils.php(222): p_get_parsermodes()
  #4 /var/www/html/inc/parserutils.php(198): p_get_instructions()
  #5 /var/www/html/inc/parserutils.php(158): p_cached_instructions()
  #6 /var/www/html/inc/parserutils.php(129): p_cached_output()
  #7 /var/www/html/inc/Ui/Editor.php(158): p_locale_xhtml()
  #8 /var/www/html/inc/Action/Edit.php(94): dokuwiki\Ui\Editor->show()
  #9 /var/www/html/inc/template.php(120): dokuwiki\Action\Edit->tplContent()
  #10 [internal function]: tpl_content_core()
  #11 /var/www/html/inc/Extension/Event.php(134): call_user_func_array()
  #12 /var/www/html/inc/Extension/Event.php(200): dokuwiki\Extension\Event->trigger()
  #13 /var/www/html/inc/template.php(102): dokuwiki\Extension\Event::createAndTrigger()
  #14 /var/www/html/lib/tpl/arcadebasic/main.php(119): tpl_content()
  #15 /var/www/html/inc/actions.php(30): include('...')
  #16 /var/www/html/doku.php(131): act_dispatch()
  #17 {main}
2025-03-05 10:31:16	/var/www/html/inc/JpegMeta.php(3183)	E_WARNING: JPEGMeta failed parsing image metadata of /var/www/html/data/media/art2.jpg. Got 0 instead of 29 bytes at offset 0.
  #0 /var/www/html/inc/JpegMeta.php(1574): JpegMeta->_getFixedString()
  #1 /var/www/html/inc/JpegMeta.php(345): JpegMeta->_parseMarkerXmp()
  #2 /var/www/html/inc/JpegMeta.php(152): JpegMeta->getXmpField()
  #3 /var/www/html/inc/Ui/Media/DisplayRow.php(71): JpegMeta->getField()
  #4 /var/www/html/inc/Ui/Media/DisplayRow.php(51): dokuwiki\Ui\Media\DisplayRow->showDetails()
  #5 /var/www/html/inc/media.php(755): dokuwiki\Ui\Media\DisplayRow->show()
  #6 /var/www/html/inc/template.php(1445): media_filelist()
  #7 /var/www/html/lib/tpl/arcadebasic/mediamanager.php(43): tpl_mediaContent()
  #8 /var/www/html/lib/exe/mediamanager.php(130): include('...')
  #9 {main}
2025-03-05 10:31:16	/var/www/html/inc/JpegMeta.php(3183)	E_WARNING: JPEGMeta failed parsing image metadata of /var/www/html/data/media/art3.jpg. Got 0 instead of 29 bytes at offset 0.
  #0 /var/www/html/inc/JpegMeta.php(1574): JpegMeta->_getFixedString()
  #1 /var/www/html/inc/JpegMeta.php(345): JpegMeta->_parseMarkerXmp()
  #2 /var/www/html/inc/JpegMeta.php(152): JpegMeta->getXmpField()
  #3 /var/www/html/inc/Ui/Media/DisplayRow.php(71): JpegMeta->getField()
  #4 /var/www/html/inc/Ui/Media/DisplayRow.php(51): dokuwiki\Ui\Media\DisplayRow->showDetails()
  #5 /var/www/html/inc/media.php(755): dokuwiki\Ui\Media\DisplayRow->show()
  #6 /var/www/html/inc/template.php(1445): media_filelist()
  #7 /var/www/html/lib/tpl/arcadebasic/mediamanager.php(43): tpl_mediaContent()
  #8 /var/www/html/lib/exe/mediamanager.php(130): include('...')
  #9 {main}
2025-03-05 10:31:16	/var/www/html/inc/JpegMeta.php(3183)	E_WARNING: JPEGMeta failed parsing image metadata of /var/www/html/data/media/art4.jpg. Got 0 instead of 29 bytes at offset 0.
  #0 /var/www/html/inc/JpegMeta.php(1574): JpegMeta->_getFixedString()
  #1 /var/www/html/inc/JpegMeta.php(345): JpegMeta->_parseMarkerXmp()
  #2 /var/www/html/inc/JpegMeta.php(152): JpegMeta->getXmpField()
  #3 /var/www/html/inc/Ui/Media/DisplayRow.php(71): JpegMeta->getField()
  #4 /var/www/html/inc/Ui/Media/DisplayRow.php(51): dokuwiki\Ui\Media\DisplayRow->showDetails()
  #5 /var/www/html/inc/media.php(755): dokuwiki\Ui\Media\DisplayRow->show()
  #6 /var/www/html/inc/template.php(1445): media_filelist()
  #7 /var/www/html/lib/tpl/arcadebasic/mediamanager.php(43): tpl_mediaContent()
  #8 /var/www/html/lib/exe/mediamanager.php(130): include('...')
  #9 {main}
2025-03-05 10:31:16	/var/www/html/inc/JpegMeta.php(3183)	E_WARNING: JPEGMeta failed parsing image metadata of /var/www/html/data/media/artgallery3.jpg. Got 0 instead of 29 bytes at offset 0.
  #0 /var/www/html/inc/JpegMeta.php(1574): JpegMeta->_getFixedString()
  #1 /var/www/html/inc/JpegMeta.php(345): JpegMeta->_parseMarkerXmp()
  #2 /var/www/html/inc/JpegMeta.php(152): JpegMeta->getXmpField()
  #3 /var/www/html/inc/Ui/Media/DisplayRow.php(71): JpegMeta->getField()
  #4 /var/www/html/inc/Ui/Media/DisplayRow.php(51): dokuwiki\Ui\Media\DisplayRow->showDetails()
  #5 /var/www/html/inc/media.php(755): dokuwiki\Ui\Media\DisplayRow->show()
  #6 /var/www/html/inc/template.php(1445): media_filelist()
  #7 /var/www/html/lib/tpl/arcadebasic/mediamanager.php(43): tpl_mediaContent()
  #8 /var/www/html/lib/exe/mediamanager.php(130): include('...')
  #9 {main}
2025-03-05 10:31:16	/var/www/html/inc/JpegMeta.php(3183)	E_WARNING: JPEGMeta failed parsing image metadata of /var/www/html/data/media/artgallery4.jpg. Got 0 instead of 29 bytes at offset 0.
  #0 /var/www/html/inc/JpegMeta.php(1574): JpegMeta->_getFixedString()
  #1 /var/www/html/inc/JpegMeta.php(345): JpegMeta->_parseMarkerXmp()
  #2 /var/www/html/inc/JpegMeta.php(152): JpegMeta->getXmpField()
  #3 /var/www/html/inc/Ui/Media/DisplayRow.php(71): JpegMeta->getField()
  #4 /var/www/html/inc/Ui/Media/DisplayRow.php(51): dokuwiki\Ui\Media\DisplayRow->showDetails()
  #5 /var/www/html/inc/media.php(755): dokuwiki\Ui\Media\DisplayRow->show()
  #6 /var/www/html/inc/template.php(1445): media_filelist()
  #7 /var/www/html/lib/tpl/arcadebasic/mediamanager.php(43): tpl_mediaContent()
  #8 /var/www/html/lib/exe/mediamanager.php(130): include('...')
  #9 {main}
2025-03-05 10:31:22	/var/www/html/lib/plugins/gitbacked/action/editcommit.php(96)	E_WARNING: Trying to access array offset on value of type null
  #0 /var/www/html/lib/plugins/gitbacked/action/editcommit.php(96): dokuwiki\ErrorHandler::errorHandler()
  #1 /var/www/html/lib/plugins/gitbacked/action/editcommit.php(227): action_plugin_gitbacked_editcommit->getAuthor()
  #2 /var/www/html/inc/Extension/EventHandler.php(80): action_plugin_gitbacked_editcommit->handle_media_upload()
  #3 /var/www/html/inc/Extension/Event.php(97): dokuwiki\Extension\EventHandler->process_event()
  #4 /var/www/html/inc/Extension/Event.php(137): dokuwiki\Extension\Event->advise_after()
  #5 /var/www/html/inc/Extension/Event.php(200): dokuwiki\Extension\Event->trigger()
  #6 /var/www/html/inc/media.php(504): dokuwiki\Extension\Event::createAndTrigger()
  #7 /var/www/html/inc/media.php(336): media_save()
  #8 /var/www/html/inc/Ajax.php(295): media_upload_xhr()
  #9 /var/www/html/inc/Ajax.php(28): dokuwiki\Ajax->callMediaupload()
  #10 /var/www/html/lib/exe/ajax.php(26): dokuwiki\Ajax->__construct()
  #11 {main}
2025-03-05 10:31:22	/var/www/html/lib/plugins/gitbacked/action/editcommit.php(100)	E_WARNING: Trying to access array offset on value of type null
  #0 /var/www/html/lib/plugins/gitbacked/action/editcommit.php(100): dokuwiki\ErrorHandler::errorHandler()
  #1 /var/www/html/lib/plugins/gitbacked/action/editcommit.php(51): action_plugin_gitbacked_editcommit->getAuthorMail()
  #2 /var/www/html/lib/plugins/gitbacked/action/editcommit.php(76): action_plugin_gitbacked_editcommit->initRepo()
  #3 /var/www/html/lib/plugins/gitbacked/action/editcommit.php(231): action_plugin_gitbacked_editcommit->commitFile()
  #4 /var/www/html/inc/Extension/EventHandler.php(80): action_plugin_gitbacked_editcommit->handle_media_upload()
  #5 /var/www/html/inc/Extension/Event.php(97): dokuwiki\Extension\EventHandler->process_event()
  #6 /var/www/html/inc/Extension/Event.php(137): dokuwiki\Extension\Event->advise_after()
  #7 /var/www/html/inc/Extension/Event.php(200): dokuwiki\Extension\Event->trigger()
  #8 /var/www/html/inc/media.php(504): dokuwiki\Extension\Event::createAndTrigger()
  #9 /var/www/html/inc/media.php(336): media_save()
  #10 /var/www/html/inc/Ajax.php(295): media_upload_xhr()
  #11 /var/www/html/inc/Ajax.php(28): dokuwiki\Ajax->callMediaupload()
  #12 /var/www/html/lib/exe/ajax.php(26): dokuwiki\Ajax->__construct()
  #13 {main}
2025-03-05 10:31:22	/var/www/html/lib/plugins/gitbacked/action/editcommit.php(96)	E_WARNING: Trying to access array offset on value of type null
  #0 /var/www/html/lib/plugins/gitbacked/action/editcommit.php(96): dokuwiki\ErrorHandler::errorHandler()
  #1 /var/www/html/lib/plugins/gitbacked/action/editcommit.php(51): action_plugin_gitbacked_editcommit->getAuthor()
  #2 /var/www/html/lib/plugins/gitbacked/action/editcommit.php(76): action_plugin_gitbacked_editcommit->initRepo()
  #3 /var/www/html/lib/plugins/gitbacked/action/editcommit.php(231): action_plugin_gitbacked_editcommit->commitFile()
  #4 /var/www/html/inc/Extension/EventHandler.php(80): action_plugin_gitbacked_editcommit->handle_media_upload()
  #5 /var/www/html/inc/Extension/Event.php(97): dokuwiki\Extension\EventHandler->process_event()
  #6 /var/www/html/inc/Extension/Event.php(137): dokuwiki\Extension\Event->advise_after()
  #7 /var/www/html/inc/Extension/Event.php(200): dokuwiki\Extension\Event->trigger()
  #8 /var/www/html/inc/media.php(504): dokuwiki\Extension\Event::createAndTrigger()
  #9 /var/www/html/inc/media.php(336): media_save()
  #10 /var/www/html/inc/Ajax.php(295): media_upload_xhr()
  #11 /var/www/html/inc/Ajax.php(28): dokuwiki\Ajax->callMediaupload()
  #12 /var/www/html/lib/exe/ajax.php(26): dokuwiki\Ajax->__construct()
  #13 {main}
2025-03-05 10:31:22	/var/www/html/lib/plugins/gitbacked/action/editcommit.php(88)	Exception: Git committing or pushing failed: fatal: detected dubious ownership in repository at '/var/www/html/data'
To add an exception for this directory, call:

	git config --global --add safe.directory /var/www/html/data

  #0 /var/www/html/lib/plugins/gitbacked/action/editcommit.php(231): action_plugin_gitbacked_editcommit->commitFile()
  #1 /var/www/html/inc/Extension/EventHandler.php(80): action_plugin_gitbacked_editcommit->handle_media_upload()
  #2 /var/www/html/inc/Extension/Event.php(97): dokuwiki\Extension\EventHandler->process_event()
  #3 /var/www/html/inc/Extension/Event.php(137): dokuwiki\Extension\Event->advise_after()
  #4 /var/www/html/inc/Extension/Event.php(200): dokuwiki\Extension\Event->trigger()
  #5 /var/www/html/inc/media.php(504): dokuwiki\Extension\Event::createAndTrigger()
  #6 /var/www/html/inc/media.php(336): media_save()
  #7 /var/www/html/inc/Ajax.php(295): media_upload_xhr()
  #8 /var/www/html/inc/Ajax.php(28): dokuwiki\Ajax->callMediaupload()
  #9 /var/www/html/lib/exe/ajax.php(26): dokuwiki\Ajax->__construct()
  #10 {main}
2025-03-05 10:31:30	/var/www/html/lib/plugins/gitbacked/action/editcommit.php(96)	E_WARNING: Trying to access array offset on value of type null
  #0 /var/www/html/lib/plugins/gitbacked/action/editcommit.php(96): dokuwiki\ErrorHandler::errorHandler()
  #1 /var/www/html/lib/plugins/gitbacked/action/editcommit.php(227): action_plugin_gitbacked_editcommit->getAuthor()
  #2 /var/www/html/inc/Extension/EventHandler.php(80): action_plugin_gitbacked_editcommit->handle_media_upload()
  #3 /var/www/html/inc/Extension/Event.php(97): dokuwiki\Extension\EventHandler->process_event()
  #4 /var/www/html/inc/Extension/Event.php(137): dokuwiki\Extension\Event->advise_after()
  #5 /var/www/html/inc/Extension/Event.php(200): dokuwiki\Extension\Event->trigger()
  #6 /var/www/html/inc/media.php(504): dokuwiki\Extension\Event::createAndTrigger()
  #7 /var/www/html/inc/media.php(336): media_save()
  #8 /var/www/html/inc/Ajax.php(295): media_upload_xhr()
  #9 /var/www/html/inc/Ajax.php(28): dokuwiki\Ajax->callMediaupload()
  #10 /var/www/html/lib/exe/ajax.php(26): dokuwiki\Ajax->__construct()
  #11 {main}
2025-03-05 10:31:30	/var/www/html/lib/plugins/gitbacked/action/editcommit.php(100)	E_WARNING: Trying to access array offset on value of type null
  #0 /var/www/html/lib/plugins/gitbacked/action/editcommit.php(100): dokuwiki\ErrorHandler::errorHandler()
  #1 /var/www/html/lib/plugins/gitbacked/action/editcommit.php(51): action_plugin_gitbacked_editcommit->getAuthorMail()
  #2 /var/www/html/lib/plugins/gitbacked/action/editcommit.php(76): action_plugin_gitbacked_editcommit->initRepo()
  #3 /var/www/html/lib/plugins/gitbacked/action/editcommit.php(231): action_plugin_gitbacked_editcommit->commitFile()
  #4 /var/www/html/inc/Extension/EventHandler.php(80): action_plugin_gitbacked_editcommit->handle_media_upload()
  #5 /var/www/html/inc/Extension/Event.php(97): dokuwiki\Extension\EventHandler->process_event()
  #6 /var/www/html/inc/Extension/Event.php(137): dokuwiki\Extension\Event->advise_after()
  #7 /var/www/html/inc/Extension/Event.php(200): dokuwiki\Extension\Event->trigger()
  #8 /var/www/html/inc/media.php(504): dokuwiki\Extension\Event::createAndTrigger()
  #9 /var/www/html/inc/media.php(336): media_save()
  #10 /var/www/html/inc/Ajax.php(295): media_upload_xhr()
  #11 /var/www/html/inc/Ajax.php(28): dokuwiki\Ajax->callMediaupload()
  #12 /var/www/html/lib/exe/ajax.php(26): dokuwiki\Ajax->__construct()
  #13 {main}
2025-03-05 10:31:30	/var/www/html/lib/plugins/gitbacked/action/editcommit.php(96)	E_WARNING: Trying to access array offset on value of type null
  #0 /var/www/html/lib/plugins/gitbacked/action/editcommit.php(96): dokuwiki\ErrorHandler::errorHandler()
  #1 /var/www/html/lib/plugins/gitbacked/action/editcommit.php(51): action_plugin_gitbacked_editcommit->getAuthor()
  #2 /var/www/html/lib/plugins/gitbacked/action/editcommit.php(76): action_plugin_gitbacked_editcommit->initRepo()
  #3 /var/www/html/lib/plugins/gitbacked/action/editcommit.php(231): action_plugin_gitbacked_editcommit->commitFile()
  #4 /var/www/html/inc/Extension/EventHandler.php(80): action_plugin_gitbacked_editcommit->handle_media_upload()
  #5 /var/www/html/inc/Extension/Event.php(97): dokuwiki\Extension\EventHandler->process_event()
  #6 /var/www/html/inc/Extension/Event.php(137): dokuwiki\Extension\Event->advise_after()
  #7 /var/www/html/inc/Extension/Event.php(200): dokuwiki\Extension\Event->trigger()
  #8 /var/www/html/inc/media.php(504): dokuwiki\Extension\Event::createAndTrigger()
  #9 /var/www/html/inc/media.php(336): media_save()
  #10 /var/www/html/inc/Ajax.php(295): media_upload_xhr()
  #11 /var/www/html/inc/Ajax.php(28): dokuwiki\Ajax->callMediaupload()
  #12 /var/www/html/lib/exe/ajax.php(26): dokuwiki\Ajax->__construct()
  #13 {main}
2025-03-05 10:31:30	/var/www/html/lib/plugins/gitbacked/action/editcommit.php(88)	Exception: Git committing or pushing failed: fatal: detected dubious ownership in repository at '/var/www/html/data'
To add an exception for this directory, call:

	git config --global --add safe.directory /var/www/html/data

  #0 /var/www/html/lib/plugins/gitbacked/action/editcommit.php(231): action_plugin_gitbacked_editcommit->commitFile()
  #1 /var/www/html/inc/Extension/EventHandler.php(80): action_plugin_gitbacked_editcommit->handle_media_upload()
  #2 /var/www/html/inc/Extension/Event.php(97): dokuwiki\Extension\EventHandler->process_event()
  #3 /var/www/html/inc/Extension/Event.php(137): dokuwiki\Extension\Event->advise_after()
  #4 /var/www/html/inc/Extension/Event.php(200): dokuwiki\Extension\Event->trigger()
  #5 /var/www/html/inc/media.php(504): dokuwiki\Extension\Event::createAndTrigger()
  #6 /var/www/html/inc/media.php(336): media_save()
  #7 /var/www/html/inc/Ajax.php(295): media_upload_xhr()
  #8 /var/www/html/inc/Ajax.php(28): dokuwiki\Ajax->callMediaupload()
  #9 /var/www/html/lib/exe/ajax.php(26): dokuwiki\Ajax->__construct()
  #10 {main}
2025-03-05 10:32:05	/var/www/html/inc/JpegMeta.php(3183)	E_WARNING: JPEGMeta failed parsing image metadata of /var/www/html/data/media/art2.jpg. Got 0 instead of 29 bytes at offset 0.
  #0 /var/www/html/inc/JpegMeta.php(1574): JpegMeta->_getFixedString()
  #1 /var/www/html/inc/JpegMeta.php(345): JpegMeta->_parseMarkerXmp()
  #2 /var/www/html/inc/JpegMeta.php(152): JpegMeta->getXmpField()
  #3 /var/www/html/inc/Ui/Media/DisplayRow.php(71): JpegMeta->getField()
  #4 /var/www/html/inc/Ui/Media/DisplayRow.php(51): dokuwiki\Ui\Media\DisplayRow->showDetails()
  #5 /var/www/html/inc/media.php(755): dokuwiki\Ui\Media\DisplayRow->show()
  #6 /var/www/html/inc/template.php(1445): media_filelist()
  #7 /var/www/html/lib/tpl/arcadebasic/mediamanager.php(43): tpl_mediaContent()
  #8 /var/www/html/lib/exe/mediamanager.php(130): include('...')
  #9 {main}
2025-03-05 10:32:05	/var/www/html/inc/JpegMeta.php(3183)	E_WARNING: JPEGMeta failed parsing image metadata of /var/www/html/data/media/art3.jpg. Got 0 instead of 29 bytes at offset 0.
  #0 /var/www/html/inc/JpegMeta.php(1574): JpegMeta->_getFixedString()
  #1 /var/www/html/inc/JpegMeta.php(345): JpegMeta->_parseMarkerXmp()
  #2 /var/www/html/inc/JpegMeta.php(152): JpegMeta->getXmpField()
  #3 /var/www/html/inc/Ui/Media/DisplayRow.php(71): JpegMeta->getField()
  #4 /var/www/html/inc/Ui/Media/DisplayRow.php(51): dokuwiki\Ui\Media\DisplayRow->showDetails()
  #5 /var/www/html/inc/media.php(755): dokuwiki\Ui\Media\DisplayRow->show()
  #6 /var/www/html/inc/template.php(1445): media_filelist()
  #7 /var/www/html/lib/tpl/arcadebasic/mediamanager.php(43): tpl_mediaContent()
  #8 /var/www/html/lib/exe/mediamanager.php(130): include('...')
  #9 {main}
2025-03-05 10:32:05	/var/www/html/inc/JpegMeta.php(3183)	E_WARNING: JPEGMeta failed parsing image metadata of /var/www/html/data/media/art4.jpg. Got 0 instead of 29 bytes at offset 0.
  #0 /var/www/html/inc/JpegMeta.php(1574): JpegMeta->_getFixedString()
  #1 /var/www/html/inc/JpegMeta.php(345): JpegMeta->_parseMarkerXmp()
  #2 /var/www/html/inc/JpegMeta.php(152): JpegMeta->getXmpField()
  #3 /var/www/html/inc/Ui/Media/DisplayRow.php(71): JpegMeta->getField()
  #4 /var/www/html/inc/Ui/Media/DisplayRow.php(51): dokuwiki\Ui\Media\DisplayRow->showDetails()
  #5 /var/www/html/inc/media.php(755): dokuwiki\Ui\Media\DisplayRow->show()
  #6 /var/www/html/inc/template.php(1445): media_filelist()
  #7 /var/www/html/lib/tpl/arcadebasic/mediamanager.php(43): tpl_mediaContent()
  #8 /var/www/html/lib/exe/mediamanager.php(130): include('...')
  #9 {main}
2025-03-05 10:32:05	/var/www/html/inc/JpegMeta.php(3183)	E_WARNING: JPEGMeta failed parsing image metadata of /var/www/html/data/media/artgallery3.jpg. Got 0 instead of 29 bytes at offset 0.
  #0 /var/www/html/inc/JpegMeta.php(1574): JpegMeta->_getFixedString()
  #1 /var/www/html/inc/JpegMeta.php(345): JpegMeta->_parseMarkerXmp()
  #2 /var/www/html/inc/JpegMeta.php(152): JpegMeta->getXmpField()
  #3 /var/www/html/inc/Ui/Media/DisplayRow.php(71): JpegMeta->getField()
  #4 /var/www/html/inc/Ui/Media/DisplayRow.php(51): dokuwiki\Ui\Media\DisplayRow->showDetails()
  #5 /var/www/html/inc/media.php(755): dokuwiki\Ui\Media\DisplayRow->show()
  #6 /var/www/html/inc/template.php(1445): media_filelist()
  #7 /var/www/html/lib/tpl/arcadebasic/mediamanager.php(43): tpl_mediaContent()
  #8 /var/www/html/lib/exe/mediamanager.php(130): include('...')
  #9 {main}
2025-03-05 10:32:05	/var/www/html/inc/JpegMeta.php(3183)	E_WARNING: JPEGMeta failed parsing image metadata of /var/www/html/data/media/artgallery4.jpg. Got 0 instead of 29 bytes at offset 0.
  #0 /var/www/html/inc/JpegMeta.php(1574): JpegMeta->_getFixedString()
  #1 /var/www/html/inc/JpegMeta.php(345): JpegMeta->_parseMarkerXmp()
  #2 /var/www/html/inc/JpegMeta.php(152): JpegMeta->getXmpField()
  #3 /var/www/html/inc/Ui/Media/DisplayRow.php(71): JpegMeta->getField()
  #4 /var/www/html/inc/Ui/Media/DisplayRow.php(51): dokuwiki\Ui\Media\DisplayRow->showDetails()
  #5 /var/www/html/inc/media.php(755): dokuwiki\Ui\Media\DisplayRow->show()
  #6 /var/www/html/inc/template.php(1445): media_filelist()
  #7 /var/www/html/lib/tpl/arcadebasic/mediamanager.php(43): tpl_mediaContent()
  #8 /var/www/html/lib/exe/mediamanager.php(130): include('...')
  #9 {main}
2025-03-05 10:32:11	/var/www/html/lib/plugins/gitbacked/action/editcommit.php(96)	E_WARNING: Trying to access array offset on value of type null
  #0 /var/www/html/lib/plugins/gitbacked/action/editcommit.php(96): dokuwiki\ErrorHandler::errorHandler()
  #1 /var/www/html/lib/plugins/gitbacked/action/editcommit.php(227): action_plugin_gitbacked_editcommit->getAuthor()
  #2 /var/www/html/inc/Extension/EventHandler.php(80): action_plugin_gitbacked_editcommit->handle_media_upload()
  #3 /var/www/html/inc/Extension/Event.php(97): dokuwiki\Extension\EventHandler->process_event()
  #4 /var/www/html/inc/Extension/Event.php(137): dokuwiki\Extension\Event->advise_after()
  #5 /var/www/html/inc/Extension/Event.php(200): dokuwiki\Extension\Event->trigger()
  #6 /var/www/html/inc/media.php(504): dokuwiki\Extension\Event::createAndTrigger()
  #7 /var/www/html/inc/media.php(336): media_save()
  #8 /var/www/html/inc/Ajax.php(295): media_upload_xhr()
  #9 /var/www/html/inc/Ajax.php(28): dokuwiki\Ajax->callMediaupload()
  #10 /var/www/html/lib/exe/ajax.php(26): dokuwiki\Ajax->__construct()
  #11 {main}
2025-03-05 10:32:11	/var/www/html/lib/plugins/gitbacked/action/editcommit.php(100)	E_WARNING: Trying to access array offset on value of type null
  #0 /var/www/html/lib/plugins/gitbacked/action/editcommit.php(100): dokuwiki\ErrorHandler::errorHandler()
  #1 /var/www/html/lib/plugins/gitbacked/action/editcommit.php(51): action_plugin_gitbacked_editcommit->getAuthorMail()
  #2 /var/www/html/lib/plugins/gitbacked/action/editcommit.php(76): action_plugin_gitbacked_editcommit->initRepo()
  #3 /var/www/html/lib/plugins/gitbacked/action/editcommit.php(231): action_plugin_gitbacked_editcommit->commitFile()
  #4 /var/www/html/inc/Extension/EventHandler.php(80): action_plugin_gitbacked_editcommit->handle_media_upload()
  #5 /var/www/html/inc/Extension/Event.php(97): dokuwiki\Extension\EventHandler->process_event()
  #6 /var/www/html/inc/Extension/Event.php(137): dokuwiki\Extension\Event->advise_after()
  #7 /var/www/html/inc/Extension/Event.php(200): dokuwiki\Extension\Event->trigger()
  #8 /var/www/html/inc/media.php(504): dokuwiki\Extension\Event::createAndTrigger()
  #9 /var/www/html/inc/media.php(336): media_save()
  #10 /var/www/html/inc/Ajax.php(295): media_upload_xhr()
  #11 /var/www/html/inc/Ajax.php(28): dokuwiki\Ajax->callMediaupload()
  #12 /var/www/html/lib/exe/ajax.php(26): dokuwiki\Ajax->__construct()
  #13 {main}
2025-03-05 10:32:11	/var/www/html/lib/plugins/gitbacked/action/editcommit.php(96)	E_WARNING: Trying to access array offset on value of type null
  #0 /var/www/html/lib/plugins/gitbacked/action/editcommit.php(96): dokuwiki\ErrorHandler::errorHandler()
  #1 /var/www/html/lib/plugins/gitbacked/action/editcommit.php(51): action_plugin_gitbacked_editcommit->getAuthor()
  #2 /var/www/html/lib/plugins/gitbacked/action/editcommit.php(76): action_plugin_gitbacked_editcommit->initRepo()
  #3 /var/www/html/lib/plugins/gitbacked/action/editcommit.php(231): action_plugin_gitbacked_editcommit->commitFile()
  #4 /var/www/html/inc/Extension/EventHandler.php(80): action_plugin_gitbacked_editcommit->handle_media_upload()
  #5 /var/www/html/inc/Extension/Event.php(97): dokuwiki\Extension\EventHandler->process_event()
  #6 /var/www/html/inc/Extension/Event.php(137): dokuwiki\Extension\Event->advise_after()
  #7 /var/www/html/inc/Extension/Event.php(200): dokuwiki\Extension\Event->trigger()
  #8 /var/www/html/inc/media.php(504): dokuwiki\Extension\Event::createAndTrigger()
  #9 /var/www/html/inc/media.php(336): media_save()
  #10 /var/www/html/inc/Ajax.php(295): media_upload_xhr()
  #11 /var/www/html/inc/Ajax.php(28): dokuwiki\Ajax->callMediaupload()
  #12 /var/www/html/lib/exe/ajax.php(26): dokuwiki\Ajax->__construct()
  #13 {main}
2025-03-05 10:32:11	/var/www/html/lib/plugins/gitbacked/action/editcommit.php(88)	Exception: Git committing or pushing failed: fatal: detected dubious ownership in repository at '/var/www/html/data'
To add an exception for this directory, call:

	git config --global --add safe.directory /var/www/html/data

  #0 /var/www/html/lib/plugins/gitbacked/action/editcommit.php(231): action_plugin_gitbacked_editcommit->commitFile()
  #1 /var/www/html/inc/Extension/EventHandler.php(80): action_plugin_gitbacked_editcommit->handle_media_upload()
  #2 /var/www/html/inc/Extension/Event.php(97): dokuwiki\Extension\EventHandler->process_event()
  #3 /var/www/html/inc/Extension/Event.php(137): dokuwiki\Extension\Event->advise_after()
  #4 /var/www/html/inc/Extension/Event.php(200): dokuwiki\Extension\Event->trigger()
  #5 /var/www/html/inc/media.php(504): dokuwiki\Extension\Event::createAndTrigger()
  #6 /var/www/html/inc/media.php(336): media_save()
  #7 /var/www/html/inc/Ajax.php(295): media_upload_xhr()
  #8 /var/www/html/inc/Ajax.php(28): dokuwiki\Ajax->callMediaupload()
  #9 /var/www/html/lib/exe/ajax.php(26): dokuwiki\Ajax->__construct()
  #10 {main}
2025-03-05 10:32:36	/var/www/html/lib/plugins/gitbacked/action/editcommit.php(96)	E_WARNING: Trying to access array offset on value of type null
  #0 /var/www/html/lib/plugins/gitbacked/action/editcommit.php(96): dokuwiki\ErrorHandler::errorHandler()
  #1 /var/www/html/lib/plugins/gitbacked/action/editcommit.php(227): action_plugin_gitbacked_editcommit->getAuthor()
  #2 /var/www/html/inc/Extension/EventHandler.php(80): action_plugin_gitbacked_editcommit->handle_media_upload()
  #3 /var/www/html/inc/Extension/Event.php(97): dokuwiki\Extension\EventHandler->process_event()
  #4 /var/www/html/inc/Extension/Event.php(137): dokuwiki\Extension\Event->advise_after()
  #5 /var/www/html/inc/Extension/Event.php(200): dokuwiki\Extension\Event->trigger()
  #6 /var/www/html/inc/media.php(504): dokuwiki\Extension\Event::createAndTrigger()
  #7 /var/www/html/inc/media.php(336): media_save()
  #8 /var/www/html/inc/Ajax.php(295): media_upload_xhr()
  #9 /var/www/html/inc/Ajax.php(28): dokuwiki\Ajax->callMediaupload()
  #10 /var/www/html/lib/exe/ajax.php(26): dokuwiki\Ajax->__construct()
  #11 {main}
2025-03-05 10:32:36	/var/www/html/lib/plugins/gitbacked/action/editcommit.php(100)	E_WARNING: Trying to access array offset on value of type null
  #0 /var/www/html/lib/plugins/gitbacked/action/editcommit.php(100): dokuwiki\ErrorHandler::errorHandler()
  #1 /var/www/html/lib/plugins/gitbacked/action/editcommit.php(51): action_plugin_gitbacked_editcommit->getAuthorMail()
  #2 /var/www/html/lib/plugins/gitbacked/action/editcommit.php(76): action_plugin_gitbacked_editcommit->initRepo()
  #3 /var/www/html/lib/plugins/gitbacked/action/editcommit.php(231): action_plugin_gitbacked_editcommit->commitFile()
  #4 /var/www/html/inc/Extension/EventHandler.php(80): action_plugin_gitbacked_editcommit->handle_media_upload()
  #5 /var/www/html/inc/Extension/Event.php(97): dokuwiki\Extension\EventHandler->process_event()
  #6 /var/www/html/inc/Extension/Event.php(137): dokuwiki\Extension\Event->advise_after()
  #7 /var/www/html/inc/Extension/Event.php(200): dokuwiki\Extension\Event->trigger()
  #8 /var/www/html/inc/media.php(504): dokuwiki\Extension\Event::createAndTrigger()
  #9 /var/www/html/inc/media.php(336): media_save()
  #10 /var/www/html/inc/Ajax.php(295): media_upload_xhr()
  #11 /var/www/html/inc/Ajax.php(28): dokuwiki\Ajax->callMediaupload()
  #12 /var/www/html/lib/exe/ajax.php(26): dokuwiki\Ajax->__construct()
  #13 {main}
2025-03-05 10:32:36	/var/www/html/lib/plugins/gitbacked/action/editcommit.php(96)	E_WARNING: Trying to access array offset on value of type null
  #0 /var/www/html/lib/plugins/gitbacked/action/editcommit.php(96): dokuwiki\ErrorHandler::errorHandler()
  #1 /var/www/html/lib/plugins/gitbacked/action/editcommit.php(51): action_plugin_gitbacked_editcommit->getAuthor()
  #2 /var/www/html/lib/plugins/gitbacked/action/editcommit.php(76): action_plugin_gitbacked_editcommit->initRepo()
  #3 /var/www/html/lib/plugins/gitbacked/action/editcommit.php(231): action_plugin_gitbacked_editcommit->commitFile()
  #4 /var/www/html/inc/Extension/EventHandler.php(80): action_plugin_gitbacked_editcommit->handle_media_upload()
  #5 /var/www/html/inc/Extension/Event.php(97): dokuwiki\Extension\EventHandler->process_event()
  #6 /var/www/html/inc/Extension/Event.php(137): dokuwiki\Extension\Event->advise_after()
  #7 /var/www/html/inc/Extension/Event.php(200): dokuwiki\Extension\Event->trigger()
  #8 /var/www/html/inc/media.php(504): dokuwiki\Extension\Event::createAndTrigger()
  #9 /var/www/html/inc/media.php(336): media_save()
  #10 /var/www/html/inc/Ajax.php(295): media_upload_xhr()
  #11 /var/www/html/inc/Ajax.php(28): dokuwiki\Ajax->callMediaupload()
  #12 /var/www/html/lib/exe/ajax.php(26): dokuwiki\Ajax->__construct()
  #13 {main}
2025-03-05 10:32:36	/var/www/html/lib/plugins/gitbacked/action/editcommit.php(88)	Exception: Git committing or pushing failed: fatal: detected dubious ownership in repository at '/var/www/html/data'
To add an exception for this directory, call:

	git config --global --add safe.directory /var/www/html/data

  #0 /var/www/html/lib/plugins/gitbacked/action/editcommit.php(231): action_plugin_gitbacked_editcommit->commitFile()
  #1 /var/www/html/inc/Extension/EventHandler.php(80): action_plugin_gitbacked_editcommit->handle_media_upload()
  #2 /var/www/html/inc/Extension/Event.php(97): dokuwiki\Extension\EventHandler->process_event()
  #3 /var/www/html/inc/Extension/Event.php(137): dokuwiki\Extension\Event->advise_after()
  #4 /var/www/html/inc/Extension/Event.php(200): dokuwiki\Extension\Event->trigger()
  #5 /var/www/html/inc/media.php(504): dokuwiki\Extension\Event::createAndTrigger()
  #6 /var/www/html/inc/media.php(336): media_save()
  #7 /var/www/html/inc/Ajax.php(295): media_upload_xhr()
  #8 /var/www/html/inc/Ajax.php(28): dokuwiki\Ajax->callMediaupload()
  #9 /var/www/html/lib/exe/ajax.php(26): dokuwiki\Ajax->__construct()
  #10 {main}
2025-03-05 10:33:03	/var/www/html/inc/Extension/PluginController.php(110)	E_WARNING: Undefined array key "base"
  #0 /var/www/html/inc/Extension/PluginController.php(110): dokuwiki\ErrorHandler::errorHandler()
  #1 /var/www/html/inc/pluginutils.php(55): dokuwiki\Extension\PluginController->load()
  #2 /var/www/html/inc/parserutils.php(578): plugin_load()
  #3 /var/www/html/inc/parserutils.php(222): p_get_parsermodes()
  #4 /var/www/html/inc/parserutils.php(198): p_get_instructions()
  #5 /var/www/html/inc/parserutils.php(158): p_cached_instructions()
  #6 /var/www/html/inc/parserutils.php(129): p_cached_output()
  #7 /var/www/html/inc/Ui/PageView.php(54): p_locale_xhtml()
  #8 /var/www/html/inc/Action/Preview.php(32): dokuwiki\Ui\PageView->show()
  #9 /var/www/html/inc/template.php(120): dokuwiki\Action\Preview->tplContent()
  #10 [internal function]: tpl_content_core()
  #11 /var/www/html/inc/Extension/Event.php(134): call_user_func_array()
  #12 /var/www/html/inc/Extension/Event.php(200): dokuwiki\Extension\Event->trigger()
  #13 /var/www/html/inc/template.php(102): dokuwiki\Extension\Event::createAndTrigger()
  #14 /var/www/html/lib/tpl/arcadebasic/main.php(119): tpl_content()
  #15 /var/www/html/inc/actions.php(30): include('...')
  #16 /var/www/html/doku.php(131): act_dispatch()
  #17 {main}
2025-03-05 10:33:23	/var/www/html/lib/plugins/gitbacked/action/editcommit.php(96)	E_WARNING: Trying to access array offset on value of type null
  #0 /var/www/html/lib/plugins/gitbacked/action/editcommit.php(96): dokuwiki\ErrorHandler::errorHandler()
  #1 /var/www/html/lib/plugins/gitbacked/action/editcommit.php(270): action_plugin_gitbacked_editcommit->getAuthor()
  #2 /var/www/html/inc/Extension/EventHandler.php(80): action_plugin_gitbacked_editcommit->handle_io_wikipage_write()
  #3 /var/www/html/inc/Extension/Event.php(97): dokuwiki\Extension\EventHandler->process_event()
  #4 /var/www/html/inc/Extension/Event.php(137): dokuwiki\Extension\Event->advise_after()
  #5 /var/www/html/inc/Extension/Event.php(200): dokuwiki\Extension\Event->trigger()
  #6 /var/www/html/inc/io.php(218): dokuwiki\Extension\Event::createAndTrigger()
  #7 /var/www/html/inc/File/PageFile.php(187): io_writeWikiPage()
  #8 /var/www/html/inc/common.php(1302): dokuwiki\File\PageFile->saveWikiText()
  #9 /var/www/html/inc/Action/Save.php(58): saveWikiText()
  #10 /var/www/html/inc/ActionRouter.php(86): dokuwiki\Action\Save->preProcess()
  #11 /var/www/html/inc/ActionRouter.php(49): dokuwiki\ActionRouter->setupAction()
  #12 /var/www/html/inc/ActionRouter.php(62): dokuwiki\ActionRouter->__construct()
  #13 /var/www/html/inc/actions.php(19): dokuwiki\ActionRouter::getInstance()
  #14 /var/www/html/doku.php(131): act_dispatch()
  #15 {main}
2025-03-05 10:33:23	/var/www/html/lib/plugins/gitbacked/action/editcommit.php(100)	E_WARNING: Trying to access array offset on value of type null
  #0 /var/www/html/lib/plugins/gitbacked/action/editcommit.php(100): dokuwiki\ErrorHandler::errorHandler()
  #1 /var/www/html/lib/plugins/gitbacked/action/editcommit.php(51): action_plugin_gitbacked_editcommit->getAuthorMail()
  #2 /var/www/html/lib/plugins/gitbacked/action/editcommit.php(76): action_plugin_gitbacked_editcommit->initRepo()
  #3 /var/www/html/lib/plugins/gitbacked/action/editcommit.php(274): action_plugin_gitbacked_editcommit->commitFile()
  #4 /var/www/html/inc/Extension/EventHandler.php(80): action_plugin_gitbacked_editcommit->handle_io_wikipage_write()
  #5 /var/www/html/inc/Extension/Event.php(97): dokuwiki\Extension\EventHandler->process_event()
  #6 /var/www/html/inc/Extension/Event.php(137): dokuwiki\Extension\Event->advise_after()
  #7 /var/www/html/inc/Extension/Event.php(200): dokuwiki\Extension\Event->trigger()
  #8 /var/www/html/inc/io.php(218): dokuwiki\Extension\Event::createAndTrigger()
  #9 /var/www/html/inc/File/PageFile.php(187): io_writeWikiPage()
  #10 /var/www/html/inc/common.php(1302): dokuwiki\File\PageFile->saveWikiText()
  #11 /var/www/html/inc/Action/Save.php(58): saveWikiText()
  #12 /var/www/html/inc/ActionRouter.php(86): dokuwiki\Action\Save->preProcess()
  #13 /var/www/html/inc/ActionRouter.php(49): dokuwiki\ActionRouter->setupAction()
  #14 /var/www/html/inc/ActionRouter.php(62): dokuwiki\ActionRouter->__construct()
  #15 /var/www/html/inc/actions.php(19): dokuwiki\ActionRouter::getInstance()
  #16 /var/www/html/doku.php(131): act_dispatch()
  #17 {main}
2025-03-05 10:33:23	/var/www/html/lib/plugins/gitbacked/action/editcommit.php(96)	E_WARNING: Trying to access array offset on value of type null
  #0 /var/www/html/lib/plugins/gitbacked/action/editcommit.php(96): dokuwiki\ErrorHandler::errorHandler()
  #1 /var/www/html/lib/plugins/gitbacked/action/editcommit.php(51): action_plugin_gitbacked_editcommit->getAuthor()
  #2 /var/www/html/lib/plugins/gitbacked/action/editcommit.php(76): action_plugin_gitbacked_editcommit->initRepo()
  #3 /var/www/html/lib/plugins/gitbacked/action/editcommit.php(274): action_plugin_gitbacked_editcommit->commitFile()
  #4 /var/www/html/inc/Extension/EventHandler.php(80): action_plugin_gitbacked_editcommit->handle_io_wikipage_write()
  #5 /var/www/html/inc/Extension/Event.php(97): dokuwiki\Extension\EventHandler->process_event()
  #6 /var/www/html/inc/Extension/Event.php(137): dokuwiki\Extension\Event->advise_after()
  #7 /var/www/html/inc/Extension/Event.php(200): dokuwiki\Extension\Event->trigger()
  #8 /var/www/html/inc/io.php(218): dokuwiki\Extension\Event::createAndTrigger()
  #9 /var/www/html/inc/File/PageFile.php(187): io_writeWikiPage()
  #10 /var/www/html/inc/common.php(1302): dokuwiki\File\PageFile->saveWikiText()
  #11 /var/www/html/inc/Action/Save.php(58): saveWikiText()
  #12 /var/www/html/inc/ActionRouter.php(86): dokuwiki\Action\Save->preProcess()
  #13 /var/www/html/inc/ActionRouter.php(49): dokuwiki\ActionRouter->setupAction()
  #14 /var/www/html/inc/ActionRouter.php(62): dokuwiki\ActionRouter->__construct()
  #15 /var/www/html/inc/actions.php(19): dokuwiki\ActionRouter::getInstance()
  #16 /var/www/html/doku.php(131): act_dispatch()
  #17 {main}
2025-03-05 10:33:23	/var/www/html/lib/plugins/gitbacked/action/editcommit.php(88)	Exception: Git committing or pushing failed: fatal: detected dubious ownership in repository at '/var/www/html/data'
To add an exception for this directory, call:

	git config --global --add safe.directory /var/www/html/data

  #0 /var/www/html/lib/plugins/gitbacked/action/editcommit.php(274): action_plugin_gitbacked_editcommit->commitFile()
  #1 /var/www/html/inc/Extension/EventHandler.php(80): action_plugin_gitbacked_editcommit->handle_io_wikipage_write()
  #2 /var/www/html/inc/Extension/Event.php(97): dokuwiki\Extension\EventHandler->process_event()
  #3 /var/www/html/inc/Extension/Event.php(137): dokuwiki\Extension\Event->advise_after()
  #4 /var/www/html/inc/Extension/Event.php(200): dokuwiki\Extension\Event->trigger()
  #5 /var/www/html/inc/io.php(218): dokuwiki\Extension\Event::createAndTrigger()
  #6 /var/www/html/inc/File/PageFile.php(187): io_writeWikiPage()
  #7 /var/www/html/inc/common.php(1302): dokuwiki\File\PageFile->saveWikiText()
  #8 /var/www/html/inc/Action/Save.php(58): saveWikiText()
  #9 /var/www/html/inc/ActionRouter.php(86): dokuwiki\Action\Save->preProcess()
  #10 /var/www/html/inc/ActionRouter.php(49): dokuwiki\ActionRouter->setupAction()
  #11 /var/www/html/inc/ActionRouter.php(62): dokuwiki\ActionRouter->__construct()
  #12 /var/www/html/inc/actions.php(19): dokuwiki\ActionRouter::getInstance()
  #13 /var/www/html/doku.php(131): act_dispatch()
  #14 {main}
2025-03-05 10:33:34	/var/www/html/inc/Extension/PluginController.php(110)	E_WARNING: Undefined array key "base"
  #0 /var/www/html/inc/Extension/PluginController.php(110): dokuwiki\ErrorHandler::errorHandler()
  #1 /var/www/html/inc/pluginutils.php(55): dokuwiki\Extension\PluginController->load()
  #2 /var/www/html/inc/parserutils.php(578): plugin_load()
  #3 /var/www/html/inc/parserutils.php(222): p_get_parsermodes()
  #4 /var/www/html/inc/parserutils.php(198): p_get_instructions()
  #5 /var/www/html/inc/parserutils.php(520): p_cached_instructions()
  #6 /var/www/html/inc/parserutils.php(299): p_render_metadata()
  #7 /var/www/html/inc/common.php(264): p_get_metadata()
  #8 /var/www/html/doku.php(101): pageinfo()
  #9 {main}
2025-03-05 10:33:43	/var/www/html/lib/plugins/toctweak/syntax/sidetoc.php(73)	E_WARNING: Undefined variable $section
  #0 /var/www/html/lib/plugins/toctweak/syntax/sidetoc.php(73): dokuwiki\ErrorHandler::errorHandler()
  #1 /var/www/html/inc/parser/renderer.php(126): syntax_plugin_toctweak_sidetoc->render()
  #2 /var/www/html/inc/parserutils.php(691): Doku_Renderer->plugin()
  #3 /var/www/html/inc/parserutils.php(158): p_render()
  #4 /var/www/html/inc/parserutils.php(97): p_cached_output()
  #5 /var/www/html/inc/template.php(1679): p_wiki_xhtml()
  #6 /var/www/html/lib/tpl/arcadebasic/main.php(143): tpl_include_page()
  #7 /var/www/html/inc/actions.php(30): include('...')
  #8 /var/www/html/doku.php(131): act_dispatch()
  #9 {main}
2025-03-05 10:33:47	/var/www/html/lib/plugins/toctweak/syntax/sidetoc.php(73)	E_WARNING: Undefined variable $section
  #0 /var/www/html/lib/plugins/toctweak/syntax/sidetoc.php(73): dokuwiki\ErrorHandler::errorHandler()
  #1 /var/www/html/inc/parser/renderer.php(126): syntax_plugin_toctweak_sidetoc->render()
  #2 /var/www/html/inc/parserutils.php(691): Doku_Renderer->plugin()
  #3 /var/www/html/inc/parserutils.php(158): p_render()
  #4 /var/www/html/inc/parserutils.php(97): p_cached_output()
  #5 /var/www/html/inc/template.php(1679): p_wiki_xhtml()
  #6 /var/www/html/lib/tpl/arcadebasic/main.php(143): tpl_include_page()
  #7 /var/www/html/inc/actions.php(30): include('...')
  #8 /var/www/html/doku.php(131): act_dispatch()
  #9 {main}
2025-03-05 10:33:50	/var/www/html/lib/plugins/toctweak/syntax/sidetoc.php(73)	E_WARNING: Undefined variable $section
  #0 /var/www/html/lib/plugins/toctweak/syntax/sidetoc.php(73): dokuwiki\ErrorHandler::errorHandler()
  #1 /var/www/html/inc/parser/renderer.php(126): syntax_plugin_toctweak_sidetoc->render()
  #2 /var/www/html/inc/parserutils.php(691): Doku_Renderer->plugin()
  #3 /var/www/html/inc/parserutils.php(158): p_render()
  #4 /var/www/html/inc/parserutils.php(97): p_cached_output()
  #5 /var/www/html/inc/template.php(1679): p_wiki_xhtml()
  #6 /var/www/html/lib/tpl/arcadebasic/main.php(143): tpl_include_page()
  #7 /var/www/html/inc/actions.php(30): include('...')
  #8 /var/www/html/doku.php(131): act_dispatch()
  #9 {main}
2025-03-05 10:33:53	/var/www/html/inc/Extension/PluginController.php(110)	E_WARNING: Undefined array key "base"
  #0 /var/www/html/inc/Extension/PluginController.php(110): dokuwiki\ErrorHandler::errorHandler()
  #1 /var/www/html/inc/pluginutils.php(55): dokuwiki\Extension\PluginController->load()
  #2 /var/www/html/inc/parserutils.php(578): plugin_load()
  #3 /var/www/html/inc/parserutils.php(222): p_get_parsermodes()
  #4 /var/www/html/inc/parserutils.php(198): p_get_instructions()
  #5 /var/www/html/inc/parserutils.php(158): p_cached_instructions()
  #6 /var/www/html/inc/parserutils.php(129): p_cached_output()
  #7 /var/www/html/inc/Ui/Login.php(43): p_locale_xhtml()
  #8 /var/www/html/inc/Action/Login.php(37): dokuwiki\Ui\Login->show()
  #9 /var/www/html/inc/template.php(120): dokuwiki\Action\Login->tplContent()
  #10 [internal function]: tpl_content_core()
  #11 /var/www/html/inc/Extension/Event.php(134): call_user_func_array()
  #12 /var/www/html/inc/Extension/Event.php(200): dokuwiki\Extension\Event->trigger()
  #13 /var/www/html/inc/template.php(102): dokuwiki\Extension\Event::createAndTrigger()
  #14 /var/www/html/lib/tpl/arcadebasic/main.php(119): tpl_content()
  #15 /var/www/html/inc/actions.php(30): include('...')
  #16 /var/www/html/doku.php(131): act_dispatch()
  #17 {main}
2025-03-05 10:33:57	/var/www/html/lib/plugins/toctweak/syntax/sidetoc.php(73)	E_WARNING: Undefined variable $section
  #0 /var/www/html/lib/plugins/toctweak/syntax/sidetoc.php(73): dokuwiki\ErrorHandler::errorHandler()
  #1 /var/www/html/inc/parser/renderer.php(126): syntax_plugin_toctweak_sidetoc->render()
  #2 /var/www/html/inc/parserutils.php(691): Doku_Renderer->plugin()
  #3 /var/www/html/inc/parserutils.php(158): p_render()
  #4 /var/www/html/inc/parserutils.php(97): p_cached_output()
  #5 /var/www/html/inc/template.php(1679): p_wiki_xhtml()
  #6 /var/www/html/lib/tpl/arcadebasic/main.php(143): tpl_include_page()
  #7 /var/www/html/inc/actions.php(30): include('...')
  #8 /var/www/html/doku.php(131): act_dispatch()
  #9 {main}
2025-03-05 10:34:11	/var/www/html/inc/infoutils.php(112)	E_WARNING: file_get_contents(/var/www/html/.git/packed-refs): Failed to open stream: No such file or directory
  #0 [internal function]: dokuwiki\ErrorHandler::errorHandler()
  #1 /var/www/html/inc/infoutils.php(112): file_get_contents()
  #2 /var/www/html/inc/infoutils.php(162): getVersionData()
  #3 /var/www/html/inc/Ui/Admin.php(73): getVersion()
  #4 /var/www/html/inc/Ui/Admin.php(39): dokuwiki\Ui\Admin->showVersion()
  #5 /var/www/html/inc/template.php(208): dokuwiki\Ui\Admin->show()
  #6 /var/www/html/inc/Action/Admin.php(43): tpl_admin()
  #7 /var/www/html/inc/template.php(120): dokuwiki\Action\Admin->tplContent()
  #8 [internal function]: tpl_content_core()
  #9 /var/www/html/inc/Extension/Event.php(134): call_user_func_array()
  #10 /var/www/html/inc/Extension/Event.php(200): dokuwiki\Extension\Event->trigger()
  #11 /var/www/html/inc/template.php(102): dokuwiki\Extension\Event::createAndTrigger()
  #12 /var/www/html/lib/tpl/arcadebasic/main.php(119): tpl_content()
  #13 /var/www/html/inc/actions.php(30): include('...')
  #14 /var/www/html/doku.php(131): act_dispatch()
  #15 {main}
2025-03-05 10:34:35	/var/www/html/inc/Extension/PluginController.php(110)	E_WARNING: Undefined array key "base"
  #0 /var/www/html/inc/Extension/PluginController.php(110): dokuwiki\ErrorHandler::errorHandler()
  #1 /var/www/html/inc/pluginutils.php(55): dokuwiki\Extension\PluginController->load()
  #2 /var/www/html/inc/parserutils.php(578): plugin_load()
  #3 /var/www/html/inc/parserutils.php(222): p_get_parsermodes()
  #4 /var/www/html/inc/Ui/PageView.php(56): p_get_instructions()
  #5 /var/www/html/inc/Action/Preview.php(32): dokuwiki\Ui\PageView->show()
  #6 /var/www/html/inc/template.php(120): dokuwiki\Action\Preview->tplContent()
  #7 [internal function]: tpl_content_core()
  #8 /var/www/html/inc/Extension/Event.php(134): call_user_func_array()
  #9 /var/www/html/inc/Extension/Event.php(200): dokuwiki\Extension\Event->trigger()
  #10 /var/www/html/inc/template.php(102): dokuwiki\Extension\Event::createAndTrigger()
  #11 /var/www/html/lib/tpl/arcadebasic/main.php(119): tpl_content()
  #12 /var/www/html/inc/actions.php(30): include('...')
  #13 /var/www/html/doku.php(131): act_dispatch()
  #14 {main}
2025-03-05 10:34:38	/var/www/html/inc/Extension/PluginController.php(110)	E_WARNING: Undefined array key "base"
  #0 /var/www/html/inc/Extension/PluginController.php(110): dokuwiki\ErrorHandler::errorHandler()
  #1 /var/www/html/inc/pluginutils.php(55): dokuwiki\Extension\PluginController->load()
  #2 /var/www/html/inc/parserutils.php(578): plugin_load()
  #3 /var/www/html/inc/parserutils.php(222): p_get_parsermodes()
  #4 /var/www/html/inc/parserutils.php(198): p_get_instructions()
  #5 /var/www/html/inc/parserutils.php(520): p_cached_instructions()
  #6 /var/www/html/inc/parserutils.php(299): p_render_metadata()
  #7 /var/www/html/inc/common.php(264): p_get_metadata()
  #8 /var/www/html/doku.php(101): pageinfo()
  #9 {main}
2025-03-05 10:34:47	/var/www/html/inc/Extension/PluginController.php(110)	E_WARNING: Undefined array key "base"
  #0 /var/www/html/inc/Extension/PluginController.php(110): dokuwiki\ErrorHandler::errorHandler()
  #1 /var/www/html/inc/pluginutils.php(55): dokuwiki\Extension\PluginController->load()
  #2 /var/www/html/inc/parserutils.php(578): plugin_load()
  #3 /var/www/html/inc/parserutils.php(222): p_get_parsermodes()
  #4 /var/www/html/inc/parserutils.php(198): p_get_instructions()
  #5 /var/www/html/inc/parserutils.php(520): p_cached_instructions()
  #6 /var/www/html/inc/parserutils.php(299): p_render_metadata()
  #7 /var/www/html/inc/common.php(264): p_get_metadata()
  #8 /var/www/html/doku.php(101): pageinfo()
  #9 {main}
2025-03-05 10:34:47	/var/www/html/lib/plugins/toctweak/helper.php(37)	E_WARNING: Undefined array key 1
  #0 /var/www/html/lib/plugins/toctweak/helper.php(37): dokuwiki\ErrorHandler::errorHandler()
  #1 /var/www/html/lib/plugins/toctweak/syntax/metatoc.php(52): helper_plugin_toctweak->parse()
  #2 /var/www/html/lib/plugins/toctweak/syntax/sidetoc.php(32): syntax_plugin_toctweak_metatoc->handle()
  #3 /var/www/html/inc/parser/handler.php(298): syntax_plugin_toctweak_sidetoc->handle()
  #4 /var/www/html/inc/Parsing/Lexer/Lexer.php(269): Doku_Handler->plugin()
  #5 /var/www/html/inc/Parsing/Lexer/Lexer.php(196): dokuwiki\Parsing\Lexer\Lexer->invokeHandler()
  #6 /var/www/html/inc/Parsing/Lexer/Lexer.php(146): dokuwiki\Parsing\Lexer\Lexer->dispatchTokens()
  #7 /var/www/html/inc/Parsing/Parser.php(113): dokuwiki\Parsing\Lexer\Lexer->parse()
  #8 /var/www/html/inc/parserutils.php(234): dokuwiki\Parsing\Parser->parse()
  #9 /var/www/html/inc/parserutils.php(198): p_get_instructions()
  #10 /var/www/html/inc/parserutils.php(520): p_cached_instructions()
  #11 /var/www/html/inc/parserutils.php(299): p_render_metadata()
  #12 /var/www/html/inc/Cache/CacheRenderer.php(79): p_get_metadata()
  #13 /var/www/html/inc/Cache/Cache.php(79): dokuwiki\Cache\CacheRenderer->addDependencies()
  #14 /var/www/html/inc/parserutils.php(152): dokuwiki\Cache\Cache->useCache()
  #15 /var/www/html/inc/parserutils.php(97): p_cached_output()
  #16 /var/www/html/inc/template.php(1679): p_wiki_xhtml()
  #17 /var/www/html/lib/tpl/arcadebasic/main.php(143): tpl_include_page()
  #18 /var/www/html/inc/actions.php(30): include('...')
  #19 /var/www/html/doku.php(131): act_dispatch()
  #20 {main}
2025-03-05 10:34:47	/var/www/html/lib/plugins/toctweak/helper.php(38)	E_WARNING: Undefined array key 1
  #0 /var/www/html/lib/plugins/toctweak/helper.php(38): dokuwiki\ErrorHandler::errorHandler()
  #1 /var/www/html/lib/plugins/toctweak/syntax/metatoc.php(52): helper_plugin_toctweak->parse()
  #2 /var/www/html/lib/plugins/toctweak/syntax/sidetoc.php(32): syntax_plugin_toctweak_metatoc->handle()
  #3 /var/www/html/inc/parser/handler.php(298): syntax_plugin_toctweak_sidetoc->handle()
  #4 /var/www/html/inc/Parsing/Lexer/Lexer.php(269): Doku_Handler->plugin()
  #5 /var/www/html/inc/Parsing/Lexer/Lexer.php(196): dokuwiki\Parsing\Lexer\Lexer->invokeHandler()
  #6 /var/www/html/inc/Parsing/Lexer/Lexer.php(146): dokuwiki\Parsing\Lexer\Lexer->dispatchTokens()
  #7 /var/www/html/inc/Parsing/Parser.php(113): dokuwiki\Parsing\Lexer\Lexer->parse()
  #8 /var/www/html/inc/parserutils.php(234): dokuwiki\Parsing\Parser->parse()
  #9 /var/www/html/inc/parserutils.php(198): p_get_instructions()
  #10 /var/www/html/inc/parserutils.php(520): p_cached_instructions()
  #11 /var/www/html/inc/parserutils.php(299): p_render_metadata()
  #12 /var/www/html/inc/Cache/CacheRenderer.php(79): p_get_metadata()
  #13 /var/www/html/inc/Cache/Cache.php(79): dokuwiki\Cache\CacheRenderer->addDependencies()
  #14 /var/www/html/inc/parserutils.php(152): dokuwiki\Cache\Cache->useCache()
  #15 /var/www/html/inc/parserutils.php(97): p_cached_output()
  #16 /var/www/html/inc/template.php(1679): p_wiki_xhtml()
  #17 /var/www/html/lib/tpl/arcadebasic/main.php(143): tpl_include_page()
  #18 /var/www/html/inc/actions.php(30): include('...')
  #19 /var/www/html/doku.php(131): act_dispatch()
  #20 {main}
2025-03-05 10:34:47	/var/www/html/lib/plugins/toctweak/helper.php(85)	E_WARNING: Undefined variable $topLv
  #0 /var/www/html/lib/plugins/toctweak/helper.php(85): dokuwiki\ErrorHandler::errorHandler()
  #1 /var/www/html/lib/plugins/toctweak/syntax/metatoc.php(52): helper_plugin_toctweak->parse()
  #2 /var/www/html/lib/plugins/toctweak/syntax/sidetoc.php(32): syntax_plugin_toctweak_metatoc->handle()
  #3 /var/www/html/inc/parser/handler.php(298): syntax_plugin_toctweak_sidetoc->handle()
  #4 /var/www/html/inc/Parsing/Lexer/Lexer.php(269): Doku_Handler->plugin()
  #5 /var/www/html/inc/Parsing/Lexer/Lexer.php(196): dokuwiki\Parsing\Lexer\Lexer->invokeHandler()
  #6 /var/www/html/inc/Parsing/Lexer/Lexer.php(146): dokuwiki\Parsing\Lexer\Lexer->dispatchTokens()
  #7 /var/www/html/inc/Parsing/Parser.php(113): dokuwiki\Parsing\Lexer\Lexer->parse()
  #8 /var/www/html/inc/parserutils.php(234): dokuwiki\Parsing\Parser->parse()
  #9 /var/www/html/inc/parserutils.php(198): p_get_instructions()
  #10 /var/www/html/inc/parserutils.php(520): p_cached_instructions()
  #11 /var/www/html/inc/parserutils.php(299): p_render_metadata()
  #12 /var/www/html/inc/Cache/CacheRenderer.php(79): p_get_metadata()
  #13 /var/www/html/inc/Cache/Cache.php(79): dokuwiki\Cache\CacheRenderer->addDependencies()
  #14 /var/www/html/inc/parserutils.php(152): dokuwiki\Cache\Cache->useCache()
  #15 /var/www/html/inc/parserutils.php(97): p_cached_output()
  #16 /var/www/html/inc/template.php(1679): p_wiki_xhtml()
  #17 /var/www/html/lib/tpl/arcadebasic/main.php(143): tpl_include_page()
  #18 /var/www/html/inc/actions.php(30): include('...')
  #19 /var/www/html/doku.php(131): act_dispatch()
  #20 {main}
2025-03-05 10:34:47	/var/www/html/lib/plugins/toctweak/helper.php(85)	E_WARNING: Undefined variable $maxLv
  #0 /var/www/html/lib/plugins/toctweak/helper.php(85): dokuwiki\ErrorHandler::errorHandler()
  #1 /var/www/html/lib/plugins/toctweak/syntax/metatoc.php(52): helper_plugin_toctweak->parse()
  #2 /var/www/html/lib/plugins/toctweak/syntax/sidetoc.php(32): syntax_plugin_toctweak_metatoc->handle()
  #3 /var/www/html/inc/parser/handler.php(298): syntax_plugin_toctweak_sidetoc->handle()
  #4 /var/www/html/inc/Parsing/Lexer/Lexer.php(269): Doku_Handler->plugin()
  #5 /var/www/html/inc/Parsing/Lexer/Lexer.php(196): dokuwiki\Parsing\Lexer\Lexer->invokeHandler()
  #6 /var/www/html/inc/Parsing/Lexer/Lexer.php(146): dokuwiki\Parsing\Lexer\Lexer->dispatchTokens()
  #7 /var/www/html/inc/Parsing/Parser.php(113): dokuwiki\Parsing\Lexer\Lexer->parse()
  #8 /var/www/html/inc/parserutils.php(234): dokuwiki\Parsing\Parser->parse()
  #9 /var/www/html/inc/parserutils.php(198): p_get_instructions()
  #10 /var/www/html/inc/parserutils.php(520): p_cached_instructions()
  #11 /var/www/html/inc/parserutils.php(299): p_render_metadata()
  #12 /var/www/html/inc/Cache/CacheRenderer.php(79): p_get_metadata()
  #13 /var/www/html/inc/Cache/Cache.php(79): dokuwiki\Cache\CacheRenderer->addDependencies()
  #14 /var/www/html/inc/parserutils.php(152): dokuwiki\Cache\Cache->useCache()
  #15 /var/www/html/inc/parserutils.php(97): p_cached_output()
  #16 /var/www/html/inc/template.php(1679): p_wiki_xhtml()
  #17 /var/www/html/lib/tpl/arcadebasic/main.php(143): tpl_include_page()
  #18 /var/www/html/inc/actions.php(30): include('...')
  #19 /var/www/html/doku.php(131): act_dispatch()
  #20 {main}
2025-03-05 10:34:47	/var/www/html/lib/plugins/toctweak/syntax/sidetoc.php(73)	E_WARNING: Undefined variable $section
  #0 /var/www/html/lib/plugins/toctweak/syntax/sidetoc.php(73): dokuwiki\ErrorHandler::errorHandler()
  #1 /var/www/html/inc/parser/renderer.php(126): syntax_plugin_toctweak_sidetoc->render()
  #2 /var/www/html/inc/parserutils.php(691): Doku_Renderer->plugin()
  #3 /var/www/html/inc/parserutils.php(158): p_render()
  #4 /var/www/html/inc/parserutils.php(97): p_cached_output()
  #5 /var/www/html/inc/template.php(1679): p_wiki_xhtml()
  #6 /var/www/html/lib/tpl/arcadebasic/main.php(143): tpl_include_page()
  #7 /var/www/html/inc/actions.php(30): include('...')
  #8 /var/www/html/doku.php(131): act_dispatch()
  #9 {main}
2025-03-05 10:34:47	/var/www/html/lib/plugins/toctweak/helper.php(96)	E_WARNING: Undefined array key "tableofcontents"
  #0 /var/www/html/lib/plugins/toctweak/helper.php(96): dokuwiki\ErrorHandler::errorHandler()
  #1 /var/www/html/lib/plugins/toctweak/syntax/sidetoc.php(73): helper_plugin_toctweak->get_metatoc()
  #2 /var/www/html/inc/parser/renderer.php(126): syntax_plugin_toctweak_sidetoc->render()
  #3 /var/www/html/inc/parserutils.php(691): Doku_Renderer->plugin()
  #4 /var/www/html/inc/parserutils.php(158): p_render()
  #5 /var/www/html/inc/parserutils.php(97): p_cached_output()
  #6 /var/www/html/inc/template.php(1679): p_wiki_xhtml()
  #7 /var/www/html/lib/tpl/arcadebasic/main.php(143): tpl_include_page()
  #8 /var/www/html/inc/actions.php(30): include('...')
  #9 /var/www/html/doku.php(131): act_dispatch()
  #10 {main}
2025-03-05 10:34:50	/var/www/html/inc/Extension/PluginController.php(110)	E_WARNING: Undefined array key "base"
  #0 /var/www/html/inc/Extension/PluginController.php(110): dokuwiki\ErrorHandler::errorHandler()
  #1 /var/www/html/inc/pluginutils.php(55): dokuwiki\Extension\PluginController->load()
  #2 /var/www/html/inc/parserutils.php(578): plugin_load()
  #3 /var/www/html/inc/parserutils.php(222): p_get_parsermodes()
  #4 /var/www/html/inc/parserutils.php(198): p_get_instructions()
  #5 /var/www/html/inc/parserutils.php(520): p_cached_instructions()
  #6 /var/www/html/inc/parserutils.php(299): p_render_metadata()
  #7 /var/www/html/inc/common.php(264): p_get_metadata()
  #8 /var/www/html/doku.php(101): pageinfo()
  #9 {main}
2025-03-05 10:34:50	/var/www/html/lib/plugins/toctweak/syntax/sidetoc.php(73)	E_WARNING: Undefined variable $section
  #0 /var/www/html/lib/plugins/toctweak/syntax/sidetoc.php(73): dokuwiki\ErrorHandler::errorHandler()
  #1 /var/www/html/inc/parser/renderer.php(126): syntax_plugin_toctweak_sidetoc->render()
  #2 /var/www/html/inc/parserutils.php(691): Doku_Renderer->plugin()
  #3 /var/www/html/inc/parserutils.php(158): p_render()
  #4 /var/www/html/inc/parserutils.php(97): p_cached_output()
  #5 /var/www/html/inc/template.php(1679): p_wiki_xhtml()
  #6 /var/www/html/lib/tpl/arcadebasic/main.php(143): tpl_include_page()
  #7 /var/www/html/inc/actions.php(30): include('...')
  #8 /var/www/html/doku.php(131): act_dispatch()
  #9 {main}
2025-03-05 10:34:52	/var/www/html/inc/Extension/PluginController.php(110)	E_WARNING: Undefined array key "base"
  #0 /var/www/html/inc/Extension/PluginController.php(110): dokuwiki\ErrorHandler::errorHandler()
  #1 /var/www/html/inc/pluginutils.php(55): dokuwiki\Extension\PluginController->load()
  #2 /var/www/html/inc/parserutils.php(578): plugin_load()
  #3 /var/www/html/inc/parserutils.php(222): p_get_parsermodes()
  #4 /var/www/html/inc/parserutils.php(198): p_get_instructions()
  #5 /var/www/html/inc/parserutils.php(158): p_cached_instructions()
  #6 /var/www/html/inc/parserutils.php(129): p_cached_output()
  #7 /var/www/html/inc/parserutils.php(104): p_locale_xhtml()
  #8 /var/www/html/inc/Ui/PageView.php(67): p_wiki_xhtml()
  #9 /var/www/html/inc/Action/Show.php(40): dokuwiki\Ui\PageView->show()
  #10 /var/www/html/inc/template.php(120): dokuwiki\Action\Show->tplContent()
  #11 [internal function]: tpl_content_core()
  #12 /var/www/html/inc/Extension/Event.php(134): call_user_func_array()
  #13 /var/www/html/inc/Extension/Event.php(200): dokuwiki\Extension\Event->trigger()
  #14 /var/www/html/inc/template.php(102): dokuwiki\Extension\Event::createAndTrigger()
  #15 /var/www/html/lib/tpl/arcadebasic/main.php(119): tpl_content()
  #16 /var/www/html/inc/actions.php(30): include('...')
  #17 /var/www/html/doku.php(131): act_dispatch()
  #18 {main}
2025-03-05 10:34:52	/var/www/html/lib/plugins/toctweak/syntax/sidetoc.php(73)	E_WARNING: Undefined variable $section
  #0 /var/www/html/lib/plugins/toctweak/syntax/sidetoc.php(73): dokuwiki\ErrorHandler::errorHandler()
  #1 /var/www/html/inc/parser/renderer.php(126): syntax_plugin_toctweak_sidetoc->render()
  #2 /var/www/html/inc/parserutils.php(691): Doku_Renderer->plugin()
  #3 /var/www/html/inc/parserutils.php(158): p_render()
  #4 /var/www/html/inc/parserutils.php(97): p_cached_output()
  #5 /var/www/html/inc/template.php(1679): p_wiki_xhtml()
  #6 /var/www/html/lib/tpl/arcadebasic/main.php(143): tpl_include_page()
  #7 /var/www/html/inc/actions.php(30): include('...')
  #8 /var/www/html/doku.php(131): act_dispatch()
  #9 {main}
2025-03-05 10:34:52	/var/www/html/lib/plugins/toctweak/helper.php(96)	E_WARNING: Undefined array key "description"
  #0 /var/www/html/lib/plugins/toctweak/helper.php(96): dokuwiki\ErrorHandler::errorHandler()
  #1 /var/www/html/lib/plugins/toctweak/syntax/sidetoc.php(73): helper_plugin_toctweak->get_metatoc()
  #2 /var/www/html/inc/parser/renderer.php(126): syntax_plugin_toctweak_sidetoc->render()
  #3 /var/www/html/inc/parserutils.php(691): Doku_Renderer->plugin()
  #4 /var/www/html/inc/parserutils.php(158): p_render()
  #5 /var/www/html/inc/parserutils.php(97): p_cached_output()
  #6 /var/www/html/inc/template.php(1679): p_wiki_xhtml()
  #7 /var/www/html/lib/tpl/arcadebasic/main.php(143): tpl_include_page()
  #8 /var/www/html/inc/actions.php(30): include('...')
  #9 /var/www/html/doku.php(131): act_dispatch()
  #10 {main}
2025-03-05 10:34:52	/var/www/html/lib/plugins/toctweak/helper.php(96)	E_WARNING: Trying to access array offset on value of type null
  #0 /var/www/html/lib/plugins/toctweak/helper.php(96): dokuwiki\ErrorHandler::errorHandler()
  #1 /var/www/html/lib/plugins/toctweak/syntax/sidetoc.php(73): helper_plugin_toctweak->get_metatoc()
  #2 /var/www/html/inc/parser/renderer.php(126): syntax_plugin_toctweak_sidetoc->render()
  #3 /var/www/html/inc/parserutils.php(691): Doku_Renderer->plugin()
  #4 /var/www/html/inc/parserutils.php(158): p_render()
  #5 /var/www/html/inc/parserutils.php(97): p_cached_output()
  #6 /var/www/html/inc/template.php(1679): p_wiki_xhtml()
  #7 /var/www/html/lib/tpl/arcadebasic/main.php(143): tpl_include_page()
  #8 /var/www/html/inc/actions.php(30): include('...')
  #9 /var/www/html/doku.php(131): act_dispatch()
  #10 {main}
2025-03-05 10:34:54	/var/www/html/lib/plugins/toctweak/syntax/sidetoc.php(73)	E_WARNING: Undefined variable $section
  #0 /var/www/html/lib/plugins/toctweak/syntax/sidetoc.php(73): dokuwiki\ErrorHandler::errorHandler()
  #1 /var/www/html/inc/parser/renderer.php(126): syntax_plugin_toctweak_sidetoc->render()
  #2 /var/www/html/inc/parserutils.php(691): Doku_Renderer->plugin()
  #3 /var/www/html/inc/parserutils.php(158): p_render()
  #4 /var/www/html/inc/parserutils.php(97): p_cached_output()
  #5 /var/www/html/inc/template.php(1679): p_wiki_xhtml()
  #6 /var/www/html/lib/tpl/arcadebasic/main.php(143): tpl_include_page()
  #7 /var/www/html/inc/actions.php(30): include('...')
  #8 /var/www/html/doku.php(131): act_dispatch()
  #9 {main}
2025-03-05 10:34:59	/var/www/html/lib/plugins/toctweak/syntax/sidetoc.php(73)	E_WARNING: Undefined variable $section
  #0 /var/www/html/lib/plugins/toctweak/syntax/sidetoc.php(73): dokuwiki\ErrorHandler::errorHandler()
  #1 /var/www/html/inc/parser/renderer.php(126): syntax_plugin_toctweak_sidetoc->render()
  #2 /var/www/html/inc/parserutils.php(691): Doku_Renderer->plugin()
  #3 /var/www/html/inc/parserutils.php(158): p_render()
  #4 /var/www/html/inc/parserutils.php(97): p_cached_output()
  #5 /var/www/html/inc/template.php(1679): p_wiki_xhtml()
  #6 /var/www/html/lib/tpl/arcadebasic/main.php(143): tpl_include_page()
  #7 /var/www/html/inc/actions.php(30): include('...')
  #8 /var/www/html/doku.php(131): act_dispatch()
  #9 {main}
2025-03-05 10:34:59	/var/www/html/lib/plugins/toctweak/helper.php(96)	E_WARNING: Undefined array key "description"
  #0 /var/www/html/lib/plugins/toctweak/helper.php(96): dokuwiki\ErrorHandler::errorHandler()
  #1 /var/www/html/lib/plugins/toctweak/syntax/sidetoc.php(73): helper_plugin_toctweak->get_metatoc()
  #2 /var/www/html/inc/parser/renderer.php(126): syntax_plugin_toctweak_sidetoc->render()
  #3 /var/www/html/inc/parserutils.php(691): Doku_Renderer->plugin()
  #4 /var/www/html/inc/parserutils.php(158): p_render()
  #5 /var/www/html/inc/parserutils.php(97): p_cached_output()
  #6 /var/www/html/inc/template.php(1679): p_wiki_xhtml()
  #7 /var/www/html/lib/tpl/arcadebasic/main.php(143): tpl_include_page()
  #8 /var/www/html/inc/actions.php(30): include('...')
  #9 /var/www/html/doku.php(131): act_dispatch()
  #10 {main}
2025-03-05 10:34:59	/var/www/html/lib/plugins/toctweak/helper.php(96)	E_WARNING: Trying to access array offset on value of type null
  #0 /var/www/html/lib/plugins/toctweak/helper.php(96): dokuwiki\ErrorHandler::errorHandler()
  #1 /var/www/html/lib/plugins/toctweak/syntax/sidetoc.php(73): helper_plugin_toctweak->get_metatoc()
  #2 /var/www/html/inc/parser/renderer.php(126): syntax_plugin_toctweak_sidetoc->render()
  #3 /var/www/html/inc/parserutils.php(691): Doku_Renderer->plugin()
  #4 /var/www/html/inc/parserutils.php(158): p_render()
  #5 /var/www/html/inc/parserutils.php(97): p_cached_output()
  #6 /var/www/html/inc/template.php(1679): p_wiki_xhtml()
  #7 /var/www/html/lib/tpl/arcadebasic/main.php(143): tpl_include_page()
  #8 /var/www/html/inc/actions.php(30): include('...')
  #9 /var/www/html/doku.php(131): act_dispatch()
  #10 {main}
2025-03-05 10:35:02	/var/www/html/inc/Extension/PluginController.php(110)	E_WARNING: Undefined array key "base"
  #0 /var/www/html/inc/Extension/PluginController.php(110): dokuwiki\ErrorHandler::errorHandler()
  #1 /var/www/html/inc/pluginutils.php(55): dokuwiki\Extension\PluginController->load()
  #2 /var/www/html/inc/parserutils.php(578): plugin_load()
  #3 /var/www/html/inc/parserutils.php(222): p_get_parsermodes()
  #4 /var/www/html/inc/parserutils.php(198): p_get_instructions()
  #5 /var/www/html/inc/parserutils.php(158): p_cached_instructions()
  #6 /var/www/html/inc/parserutils.php(129): p_cached_output()
  #7 /var/www/html/inc/Ui/Editor.php(158): p_locale_xhtml()
  #8 /var/www/html/inc/Action/Edit.php(94): dokuwiki\Ui\Editor->show()
  #9 /var/www/html/inc/template.php(120): dokuwiki\Action\Edit->tplContent()
  #10 [internal function]: tpl_content_core()
  #11 /var/www/html/inc/Extension/Event.php(134): call_user_func_array()
  #12 /var/www/html/inc/Extension/Event.php(200): dokuwiki\Extension\Event->trigger()
  #13 /var/www/html/inc/template.php(102): dokuwiki\Extension\Event::createAndTrigger()
  #14 /var/www/html/lib/tpl/arcadebasic/main.php(119): tpl_content()
  #15 /var/www/html/inc/actions.php(30): include('...')
  #16 /var/www/html/doku.php(131): act_dispatch()
  #17 {main}
2025-03-05 10:35:12	/var/www/html/inc/Extension/PluginController.php(110)	E_WARNING: Undefined array key "base"
  #0 /var/www/html/inc/Extension/PluginController.php(110): dokuwiki\ErrorHandler::errorHandler()
  #1 /var/www/html/inc/pluginutils.php(55): dokuwiki\Extension\PluginController->load()
  #2 /var/www/html/inc/parserutils.php(578): plugin_load()
  #3 /var/www/html/inc/parserutils.php(222): p_get_parsermodes()
  #4 /var/www/html/inc/parserutils.php(198): p_get_instructions()
  #5 /var/www/html/inc/parserutils.php(520): p_cached_instructions()
  #6 /var/www/html/inc/parserutils.php(299): p_render_metadata()
  #7 /var/www/html/inc/common.php(264): p_get_metadata()
  #8 /var/www/html/doku.php(101): pageinfo()
  #9 {main}
2025-03-05 10:35:12	/var/www/html/lib/plugins/toctweak/syntax/sidetoc.php(73)	E_WARNING: Undefined variable $section
  #0 /var/www/html/lib/plugins/toctweak/syntax/sidetoc.php(73): dokuwiki\ErrorHandler::errorHandler()
  #1 /var/www/html/inc/parser/renderer.php(126): syntax_plugin_toctweak_sidetoc->render()
  #2 /var/www/html/inc/parserutils.php(691): Doku_Renderer->plugin()
  #3 /var/www/html/inc/parserutils.php(158): p_render()
  #4 /var/www/html/inc/parserutils.php(97): p_cached_output()
  #5 /var/www/html/inc/template.php(1679): p_wiki_xhtml()
  #6 /var/www/html/lib/tpl/arcadebasic/main.php(143): tpl_include_page()
  #7 /var/www/html/inc/actions.php(30): include('...')
  #8 /var/www/html/doku.php(131): act_dispatch()
  #9 {main}
2025-03-05 10:35:12	/var/www/html/inc/Extension/PluginController.php(110)	E_WARNING: Undefined array key "base"
  #0 /var/www/html/inc/Extension/PluginController.php(110): dokuwiki\ErrorHandler::errorHandler()
  #1 /var/www/html/inc/pluginutils.php(55): dokuwiki\Extension\PluginController->load()
  #2 /var/www/html/inc/parserutils.php(578): plugin_load()
  #3 /var/www/html/inc/parserutils.php(222): p_get_parsermodes()
  #4 /var/www/html/inc/parserutils.php(198): p_get_instructions()
  #5 /var/www/html/inc/parserutils.php(520): p_cached_instructions()
  #6 /var/www/html/inc/parserutils.php(299): p_render_metadata()
  #7 /var/www/html/inc/indexer.php(154): p_get_metadata()
  #8 /var/www/html/inc/TaskRunner.php(206): idx_addPage()
  #9 /var/www/html/inc/TaskRunner.php(52): dokuwiki\TaskRunner->runIndexer()
  #10 /var/www/html/lib/exe/taskrunner.php(20): dokuwiki\TaskRunner->run()
  #11 {main}
2025-03-05 10:35:22	/var/www/html/inc/Extension/PluginController.php(110)	E_WARNING: Undefined array key "base"
  #0 /var/www/html/inc/Extension/PluginController.php(110): dokuwiki\ErrorHandler::errorHandler()
  #1 /var/www/html/inc/pluginutils.php(55): dokuwiki\Extension\PluginController->load()
  #2 /var/www/html/inc/parserutils.php(578): plugin_load()
  #3 /var/www/html/inc/parserutils.php(222): p_get_parsermodes()
  #4 /var/www/html/inc/parserutils.php(198): p_get_instructions()
  #5 /var/www/html/inc/parserutils.php(520): p_cached_instructions()
  #6 /var/www/html/inc/parserutils.php(299): p_render_metadata()
  #7 /var/www/html/inc/common.php(264): p_get_metadata()
  #8 /var/www/html/doku.php(101): pageinfo()
  #9 {main}
2025-03-05 10:35:30	/var/www/html/lib/plugins/toctweak/syntax/sidetoc.php(73)	E_WARNING: Undefined variable $section
  #0 /var/www/html/lib/plugins/toctweak/syntax/sidetoc.php(73): dokuwiki\ErrorHandler::errorHandler()
  #1 /var/www/html/inc/parser/renderer.php(126): syntax_plugin_toctweak_sidetoc->render()
  #2 /var/www/html/inc/parserutils.php(691): Doku_Renderer->plugin()
  #3 /var/www/html/inc/parserutils.php(158): p_render()
  #4 /var/www/html/inc/parserutils.php(97): p_cached_output()
  #5 /var/www/html/inc/template.php(1679): p_wiki_xhtml()
  #6 /var/www/html/lib/tpl/arcadebasic/main.php(143): tpl_include_page()
  #7 /var/www/html/inc/actions.php(30): include('...')
  #8 /var/www/html/doku.php(131): act_dispatch()
  #9 {main}
2025-03-05 10:35:42	/var/www/html/inc/Extension/PluginController.php(110)	E_WARNING: Undefined array key "base"
  #0 /var/www/html/inc/Extension/PluginController.php(110): dokuwiki\ErrorHandler::errorHandler()
  #1 /var/www/html/inc/pluginutils.php(55): dokuwiki\Extension\PluginController->load()
  #2 /var/www/html/inc/parserutils.php(578): plugin_load()
  #3 /var/www/html/inc/parserutils.php(222): p_get_parsermodes()
  #4 /var/www/html/inc/parserutils.php(198): p_get_instructions()
  #5 /var/www/html/inc/parserutils.php(520): p_cached_instructions()
  #6 /var/www/html/inc/parserutils.php(299): p_render_metadata()
  #7 /var/www/html/inc/common.php(264): p_get_metadata()
  #8 /var/www/html/doku.php(101): pageinfo()
  #9 {main}
2025-03-05 10:35:42	/var/www/html/lib/plugins/toctweak/syntax/sidetoc.php(73)	E_WARNING: Undefined variable $section
  #0 /var/www/html/lib/plugins/toctweak/syntax/sidetoc.php(73): dokuwiki\ErrorHandler::errorHandler()
  #1 /var/www/html/inc/parser/renderer.php(126): syntax_plugin_toctweak_sidetoc->render()
  #2 /var/www/html/inc/parserutils.php(691): Doku_Renderer->plugin()
  #3 /var/www/html/inc/parserutils.php(158): p_render()
  #4 /var/www/html/inc/parserutils.php(97): p_cached_output()
  #5 /var/www/html/inc/template.php(1679): p_wiki_xhtml()
  #6 /var/www/html/lib/tpl/arcadebasic/main.php(143): tpl_include_page()
  #7 /var/www/html/inc/actions.php(30): include('...')
  #8 /var/www/html/doku.php(131): act_dispatch()
  #9 {main}
2025-03-05 10:35:42	/var/www/html/inc/Extension/PluginController.php(110)	E_WARNING: Undefined array key "base"
  #0 /var/www/html/inc/Extension/PluginController.php(110): dokuwiki\ErrorHandler::errorHandler()
  #1 /var/www/html/inc/pluginutils.php(55): dokuwiki\Extension\PluginController->load()
  #2 /var/www/html/inc/parserutils.php(578): plugin_load()
  #3 /var/www/html/inc/parserutils.php(222): p_get_parsermodes()
  #4 /var/www/html/inc/parserutils.php(198): p_get_instructions()
  #5 /var/www/html/inc/parserutils.php(520): p_cached_instructions()
  #6 /var/www/html/inc/parserutils.php(299): p_render_metadata()
  #7 /var/www/html/inc/indexer.php(154): p_get_metadata()
  #8 /var/www/html/inc/TaskRunner.php(206): idx_addPage()
  #9 /var/www/html/inc/TaskRunner.php(52): dokuwiki\TaskRunner->runIndexer()
  #10 /var/www/html/lib/exe/taskrunner.php(20): dokuwiki\TaskRunner->run()
  #11 {main}
