2025-03-02 00:22:38	/var/www/html/lib/plugins/toctweak/syntax/sidetoc.php(73)	E_WARNING: Undefined variable $section
  #0 /var/www/html/lib/plugins/toctweak/syntax/sidetoc.php(73): dokuwiki\ErrorHandler::errorHandler()
  #1 /var/www/html/inc/parser/renderer.php(126): syntax_plugin_toctweak_sidetoc->render()
  #2 /var/www/html/inc/parserutils.php(691): Doku_Renderer->plugin()
  #3 /var/www/html/inc/parserutils.php(158): p_render()
  #4 /var/www/html/inc/parserutils.php(97): p_cached_output()
  #5 /var/www/html/inc/template.php(1679): p_wiki_xhtml()
  #6 /var/www/html/lib/tpl/arcadebasic/main.php(143): tpl_include_page()
  #7 /var/www/html/inc/actions.php(30): include('...')
  #8 /var/www/html/doku.php(131): act_dispatch()
  #9 {main}
2025-03-02 01:09:14	/var/www/html/lib/plugins/toctweak/syntax/sidetoc.php(73)	E_WARNING: Undefined variable $section
  #0 /var/www/html/lib/plugins/toctweak/syntax/sidetoc.php(73): dokuwiki\ErrorHandler::errorHandler()
  #1 /var/www/html/inc/parser/renderer.php(126): syntax_plugin_toctweak_sidetoc->render()
  #2 /var/www/html/inc/parserutils.php(691): Doku_Renderer->plugin()
  #3 /var/www/html/inc/parserutils.php(158): p_render()
  #4 /var/www/html/inc/parserutils.php(97): p_cached_output()
  #5 /var/www/html/inc/template.php(1679): p_wiki_xhtml()
  #6 /var/www/html/lib/tpl/arcadebasic/main.php(143): tpl_include_page()
  #7 /var/www/html/inc/actions.php(30): include('...')
  #8 /var/www/html/doku.php(131): act_dispatch()
  #9 {main}
2025-03-02 01:38:41	/var/www/html/lib/plugins/toctweak/syntax/sidetoc.php(73)	E_WARNING: Undefined variable $section
  #0 /var/www/html/lib/plugins/toctweak/syntax/sidetoc.php(73): dokuwiki\ErrorHandler::errorHandler()
  #1 /var/www/html/inc/parser/renderer.php(126): syntax_plugin_toctweak_sidetoc->render()
  #2 /var/www/html/inc/parserutils.php(691): Doku_Renderer->plugin()
  #3 /var/www/html/inc/parserutils.php(158): p_render()
  #4 /var/www/html/inc/parserutils.php(97): p_cached_output()
  #5 /var/www/html/inc/template.php(1679): p_wiki_xhtml()
  #6 /var/www/html/lib/tpl/arcadebasic/main.php(143): tpl_include_page()
  #7 /var/www/html/inc/actions.php(30): include('...')
  #8 /var/www/html/doku.php(131): act_dispatch()
  #9 {main}
2025-03-02 02:02:20	/var/www/html/lib/plugins/toctweak/syntax/sidetoc.php(73)	E_WARNING: Undefined variable $section
  #0 /var/www/html/lib/plugins/toctweak/syntax/sidetoc.php(73): dokuwiki\ErrorHandler::errorHandler()
  #1 /var/www/html/inc/parser/renderer.php(126): syntax_plugin_toctweak_sidetoc->render()
  #2 /var/www/html/inc/parserutils.php(691): Doku_Renderer->plugin()
  #3 /var/www/html/inc/parserutils.php(158): p_render()
  #4 /var/www/html/inc/parserutils.php(97): p_cached_output()
  #5 /var/www/html/inc/template.php(1679): p_wiki_xhtml()
  #6 /var/www/html/lib/tpl/arcadebasic/main.php(143): tpl_include_page()
  #7 /var/www/html/inc/actions.php(30): include('...')
  #8 /var/www/html/doku.php(131): act_dispatch()
  #9 {main}
2025-03-02 02:05:03	/var/www/html/lib/plugins/toctweak/syntax/sidetoc.php(73)	E_WARNING: Undefined variable $section
  #0 /var/www/html/lib/plugins/toctweak/syntax/sidetoc.php(73): dokuwiki\ErrorHandler::errorHandler()
  #1 /var/www/html/inc/parser/renderer.php(126): syntax_plugin_toctweak_sidetoc->render()
  #2 /var/www/html/inc/parserutils.php(691): Doku_Renderer->plugin()
  #3 /var/www/html/inc/parserutils.php(158): p_render()
  #4 /var/www/html/inc/parserutils.php(97): p_cached_output()
  #5 /var/www/html/inc/template.php(1679): p_wiki_xhtml()
  #6 /var/www/html/lib/tpl/arcadebasic/main.php(143): tpl_include_page()
  #7 /var/www/html/inc/actions.php(30): include('...')
  #8 /var/www/html/doku.php(131): act_dispatch()
  #9 {main}
2025-03-02 02:45:05	/var/www/html/lib/plugins/toctweak/syntax/sidetoc.php(73)	E_WARNING: Undefined variable $section
  #0 /var/www/html/lib/plugins/toctweak/syntax/sidetoc.php(73): dokuwiki\ErrorHandler::errorHandler()
  #1 /var/www/html/inc/parser/renderer.php(126): syntax_plugin_toctweak_sidetoc->render()
  #2 /var/www/html/inc/parserutils.php(691): Doku_Renderer->plugin()
  #3 /var/www/html/inc/parserutils.php(158): p_render()
  #4 /var/www/html/inc/parserutils.php(97): p_cached_output()
  #5 /var/www/html/inc/template.php(1679): p_wiki_xhtml()
  #6 /var/www/html/lib/tpl/arcadebasic/main.php(143): tpl_include_page()
  #7 /var/www/html/inc/actions.php(30): include('...')
  #8 /var/www/html/doku.php(131): act_dispatch()
  #9 {main}
2025-03-02 03:48:22	/var/www/html/lib/plugins/toctweak/syntax/sidetoc.php(73)	E_WARNING: Undefined variable $section
  #0 /var/www/html/lib/plugins/toctweak/syntax/sidetoc.php(73): dokuwiki\ErrorHandler::errorHandler()
  #1 /var/www/html/inc/parser/renderer.php(126): syntax_plugin_toctweak_sidetoc->render()
  #2 /var/www/html/inc/parserutils.php(691): Doku_Renderer->plugin()
  #3 /var/www/html/inc/parserutils.php(158): p_render()
  #4 /var/www/html/inc/parserutils.php(97): p_cached_output()
  #5 /var/www/html/inc/template.php(1679): p_wiki_xhtml()
  #6 /var/www/html/lib/tpl/arcadebasic/main.php(143): tpl_include_page()
  #7 /var/www/html/inc/actions.php(30): include('...')
  #8 /var/www/html/doku.php(131): act_dispatch()
  #9 {main}
2025-03-02 05:09:20	/var/www/html/lib/plugins/toctweak/syntax/sidetoc.php(73)	E_WARNING: Undefined variable $section
  #0 /var/www/html/lib/plugins/toctweak/syntax/sidetoc.php(73): dokuwiki\ErrorHandler::errorHandler()
  #1 /var/www/html/inc/parser/renderer.php(126): syntax_plugin_toctweak_sidetoc->render()
  #2 /var/www/html/inc/parserutils.php(691): Doku_Renderer->plugin()
  #3 /var/www/html/inc/parserutils.php(158): p_render()
  #4 /var/www/html/inc/parserutils.php(97): p_cached_output()
  #5 /var/www/html/inc/template.php(1679): p_wiki_xhtml()
  #6 /var/www/html/lib/tpl/arcadebasic/main.php(143): tpl_include_page()
  #7 /var/www/html/inc/actions.php(30): include('...')
  #8 /var/www/html/doku.php(131): act_dispatch()
  #9 {main}
2025-03-02 06:40:18	/var/www/html/lib/plugins/toctweak/syntax/sidetoc.php(73)	E_WARNING: Undefined variable $section
  #0 /var/www/html/lib/plugins/toctweak/syntax/sidetoc.php(73): dokuwiki\ErrorHandler::errorHandler()
  #1 /var/www/html/inc/parser/renderer.php(126): syntax_plugin_toctweak_sidetoc->render()
  #2 /var/www/html/inc/parserutils.php(691): Doku_Renderer->plugin()
  #3 /var/www/html/inc/parserutils.php(158): p_render()
  #4 /var/www/html/inc/parserutils.php(97): p_cached_output()
  #5 /var/www/html/inc/template.php(1679): p_wiki_xhtml()
  #6 /var/www/html/lib/tpl/arcadebasic/main.php(143): tpl_include_page()
  #7 /var/www/html/inc/actions.php(30): include('...')
  #8 /var/www/html/doku.php(131): act_dispatch()
  #9 {main}
2025-03-02 08:05:00	/var/www/html/lib/plugins/toctweak/syntax/sidetoc.php(73)	E_WARNING: Undefined variable $section
  #0 /var/www/html/lib/plugins/toctweak/syntax/sidetoc.php(73): dokuwiki\ErrorHandler::errorHandler()
  #1 /var/www/html/inc/parser/renderer.php(126): syntax_plugin_toctweak_sidetoc->render()
  #2 /var/www/html/inc/parserutils.php(691): Doku_Renderer->plugin()
  #3 /var/www/html/inc/parserutils.php(158): p_render()
  #4 /var/www/html/inc/parserutils.php(97): p_cached_output()
  #5 /var/www/html/inc/template.php(1679): p_wiki_xhtml()
  #6 /var/www/html/lib/tpl/arcadebasic/main.php(143): tpl_include_page()
  #7 /var/www/html/inc/actions.php(30): include('...')
  #8 /var/www/html/doku.php(131): act_dispatch()
  #9 {main}
2025-03-02 08:52:24	/var/www/html/lib/plugins/toctweak/syntax/sidetoc.php(73)	E_WARNING: Undefined variable $section
  #0 /var/www/html/lib/plugins/toctweak/syntax/sidetoc.php(73): dokuwiki\ErrorHandler::errorHandler()
  #1 /var/www/html/inc/parser/renderer.php(126): syntax_plugin_toctweak_sidetoc->render()
  #2 /var/www/html/inc/parserutils.php(691): Doku_Renderer->plugin()
  #3 /var/www/html/inc/parserutils.php(158): p_render()
  #4 /var/www/html/inc/parserutils.php(97): p_cached_output()
  #5 /var/www/html/inc/template.php(1679): p_wiki_xhtml()
  #6 /var/www/html/lib/tpl/arcadebasic/main.php(143): tpl_include_page()
  #7 /var/www/html/inc/actions.php(30): include('...')
  #8 /var/www/html/doku.php(131): act_dispatch()
  #9 {main}
2025-03-02 09:56:27	/var/www/html/lib/plugins/toctweak/syntax/sidetoc.php(73)	E_WARNING: Undefined variable $section
  #0 /var/www/html/lib/plugins/toctweak/syntax/sidetoc.php(73): dokuwiki\ErrorHandler::errorHandler()
  #1 /var/www/html/inc/parser/renderer.php(126): syntax_plugin_toctweak_sidetoc->render()
  #2 /var/www/html/inc/parserutils.php(691): Doku_Renderer->plugin()
  #3 /var/www/html/inc/parserutils.php(158): p_render()
  #4 /var/www/html/inc/parserutils.php(97): p_cached_output()
  #5 /var/www/html/inc/template.php(1679): p_wiki_xhtml()
  #6 /var/www/html/lib/tpl/arcadebasic/main.php(143): tpl_include_page()
  #7 /var/www/html/inc/actions.php(30): include('...')
  #8 /var/www/html/doku.php(131): act_dispatch()
  #9 {main}
2025-03-02 10:51:50	/var/www/html/lib/plugins/toctweak/syntax/sidetoc.php(73)	E_WARNING: Undefined variable $section
  #0 /var/www/html/lib/plugins/toctweak/syntax/sidetoc.php(73): dokuwiki\ErrorHandler::errorHandler()
  #1 /var/www/html/inc/parser/renderer.php(126): syntax_plugin_toctweak_sidetoc->render()
  #2 /var/www/html/inc/parserutils.php(691): Doku_Renderer->plugin()
  #3 /var/www/html/inc/parserutils.php(158): p_render()
  #4 /var/www/html/inc/parserutils.php(97): p_cached_output()
  #5 /var/www/html/inc/template.php(1679): p_wiki_xhtml()
  #6 /var/www/html/lib/tpl/arcadebasic/main.php(143): tpl_include_page()
  #7 /var/www/html/inc/actions.php(30): include('...')
  #8 /var/www/html/doku.php(131): act_dispatch()
  #9 {main}
2025-03-02 10:52:00	/var/www/html/inc/Extension/PluginController.php(110)	E_WARNING: Undefined array key "base"
  #0 /var/www/html/inc/Extension/PluginController.php(110): dokuwiki\ErrorHandler::errorHandler()
  #1 /var/www/html/inc/pluginutils.php(55): dokuwiki\Extension\PluginController->load()
  #2 /var/www/html/inc/parserutils.php(578): plugin_load()
  #3 /var/www/html/inc/parserutils.php(222): p_get_parsermodes()
  #4 /var/www/html/inc/parserutils.php(198): p_get_instructions()
  #5 /var/www/html/inc/parserutils.php(520): p_cached_instructions()
  #6 /var/www/html/inc/parserutils.php(299): p_render_metadata()
  #7 /var/www/html/inc/common.php(264): p_get_metadata()
  #8 /var/www/html/doku.php(101): pageinfo()
  #9 {main}
2025-03-02 10:52:00	/var/www/html/lib/plugins/toctweak/syntax/sidetoc.php(73)	E_WARNING: Undefined variable $section
  #0 /var/www/html/lib/plugins/toctweak/syntax/sidetoc.php(73): dokuwiki\ErrorHandler::errorHandler()
  #1 /var/www/html/inc/parser/renderer.php(126): syntax_plugin_toctweak_sidetoc->render()
  #2 /var/www/html/inc/parserutils.php(691): Doku_Renderer->plugin()
  #3 /var/www/html/inc/parserutils.php(158): p_render()
  #4 /var/www/html/inc/parserutils.php(97): p_cached_output()
  #5 /var/www/html/inc/template.php(1679): p_wiki_xhtml()
  #6 /var/www/html/lib/tpl/arcadebasic/main.php(143): tpl_include_page()
  #7 /var/www/html/inc/actions.php(30): include('...')
  #8 /var/www/html/doku.php(131): act_dispatch()
  #9 {main}
2025-03-02 10:53:13	/var/www/html/inc/Extension/PluginController.php(110)	E_WARNING: Undefined array key "base"
  #0 /var/www/html/inc/Extension/PluginController.php(110): dokuwiki\ErrorHandler::errorHandler()
  #1 /var/www/html/inc/pluginutils.php(55): dokuwiki\Extension\PluginController->load()
  #2 /var/www/html/inc/parserutils.php(578): plugin_load()
  #3 /var/www/html/inc/parserutils.php(222): p_get_parsermodes()
  #4 /var/www/html/inc/parserutils.php(198): p_get_instructions()
  #5 /var/www/html/inc/parserutils.php(520): p_cached_instructions()
  #6 /var/www/html/inc/parserutils.php(299): p_render_metadata()
  #7 /var/www/html/inc/common.php(264): p_get_metadata()
  #8 /var/www/html/doku.php(101): pageinfo()
  #9 {main}
2025-03-02 10:53:13	/var/www/html/lib/plugins/toctweak/syntax/sidetoc.php(73)	E_WARNING: Undefined variable $section
  #0 /var/www/html/lib/plugins/toctweak/syntax/sidetoc.php(73): dokuwiki\ErrorHandler::errorHandler()
  #1 /var/www/html/inc/parser/renderer.php(126): syntax_plugin_toctweak_sidetoc->render()
  #2 /var/www/html/inc/parserutils.php(691): Doku_Renderer->plugin()
  #3 /var/www/html/inc/parserutils.php(158): p_render()
  #4 /var/www/html/inc/parserutils.php(97): p_cached_output()
  #5 /var/www/html/inc/template.php(1679): p_wiki_xhtml()
  #6 /var/www/html/lib/tpl/arcadebasic/main.php(143): tpl_include_page()
  #7 /var/www/html/inc/actions.php(30): include('...')
  #8 /var/www/html/doku.php(131): act_dispatch()
  #9 {main}
2025-03-02 10:53:14	/var/www/html/inc/Extension/PluginController.php(110)	E_WARNING: Undefined array key "base"
  #0 /var/www/html/inc/Extension/PluginController.php(110): dokuwiki\ErrorHandler::errorHandler()
  #1 /var/www/html/inc/pluginutils.php(55): dokuwiki\Extension\PluginController->load()
  #2 /var/www/html/inc/parserutils.php(578): plugin_load()
  #3 /var/www/html/inc/parserutils.php(222): p_get_parsermodes()
  #4 /var/www/html/inc/parserutils.php(198): p_get_instructions()
  #5 /var/www/html/inc/parserutils.php(520): p_cached_instructions()
  #6 /var/www/html/inc/parserutils.php(299): p_render_metadata()
  #7 /var/www/html/inc/indexer.php(154): p_get_metadata()
  #8 /var/www/html/inc/TaskRunner.php(206): idx_addPage()
  #9 /var/www/html/inc/TaskRunner.php(52): dokuwiki\TaskRunner->runIndexer()
  #10 /var/www/html/lib/exe/taskrunner.php(20): dokuwiki\TaskRunner->run()
  #11 {main}
2025-03-02 10:53:48	/var/www/html/inc/JpegMeta.php(3183)	E_WARNING: JPEGMeta failed parsing image metadata of /var/www/html/data/media/art2.jpg. Got 0 instead of 29 bytes at offset 0.
  #0 /var/www/html/inc/JpegMeta.php(1574): JpegMeta->_getFixedString()
  #1 /var/www/html/inc/JpegMeta.php(345): JpegMeta->_parseMarkerXmp()
  #2 /var/www/html/inc/JpegMeta.php(152): JpegMeta->getXmpField()
  #3 /var/www/html/inc/Ui/Media/DisplayRow.php(71): JpegMeta->getField()
  #4 /var/www/html/inc/Ui/Media/DisplayRow.php(51): dokuwiki\Ui\Media\DisplayRow->showDetails()
  #5 /var/www/html/inc/media.php(755): dokuwiki\Ui\Media\DisplayRow->show()
  #6 /var/www/html/inc/template.php(1445): media_filelist()
  #7 /var/www/html/lib/tpl/arcadebasic/mediamanager.php(43): tpl_mediaContent()
  #8 /var/www/html/lib/exe/mediamanager.php(130): include('...')
  #9 {main}
2025-03-02 10:53:48	/var/www/html/inc/JpegMeta.php(3183)	E_WARNING: JPEGMeta failed parsing image metadata of /var/www/html/data/media/art3.jpg. Got 0 instead of 29 bytes at offset 0.
  #0 /var/www/html/inc/JpegMeta.php(1574): JpegMeta->_getFixedString()
  #1 /var/www/html/inc/JpegMeta.php(345): JpegMeta->_parseMarkerXmp()
  #2 /var/www/html/inc/JpegMeta.php(152): JpegMeta->getXmpField()
  #3 /var/www/html/inc/Ui/Media/DisplayRow.php(71): JpegMeta->getField()
  #4 /var/www/html/inc/Ui/Media/DisplayRow.php(51): dokuwiki\Ui\Media\DisplayRow->showDetails()
  #5 /var/www/html/inc/media.php(755): dokuwiki\Ui\Media\DisplayRow->show()
  #6 /var/www/html/inc/template.php(1445): media_filelist()
  #7 /var/www/html/lib/tpl/arcadebasic/mediamanager.php(43): tpl_mediaContent()
  #8 /var/www/html/lib/exe/mediamanager.php(130): include('...')
  #9 {main}
2025-03-02 10:53:48	/var/www/html/inc/JpegMeta.php(3183)	E_WARNING: JPEGMeta failed parsing image metadata of /var/www/html/data/media/art4.jpg. Got 0 instead of 29 bytes at offset 0.
  #0 /var/www/html/inc/JpegMeta.php(1574): JpegMeta->_getFixedString()
  #1 /var/www/html/inc/JpegMeta.php(345): JpegMeta->_parseMarkerXmp()
  #2 /var/www/html/inc/JpegMeta.php(152): JpegMeta->getXmpField()
  #3 /var/www/html/inc/Ui/Media/DisplayRow.php(71): JpegMeta->getField()
  #4 /var/www/html/inc/Ui/Media/DisplayRow.php(51): dokuwiki\Ui\Media\DisplayRow->showDetails()
  #5 /var/www/html/inc/media.php(755): dokuwiki\Ui\Media\DisplayRow->show()
  #6 /var/www/html/inc/template.php(1445): media_filelist()
  #7 /var/www/html/lib/tpl/arcadebasic/mediamanager.php(43): tpl_mediaContent()
  #8 /var/www/html/lib/exe/mediamanager.php(130): include('...')
  #9 {main}
2025-03-02 10:53:48	/var/www/html/inc/JpegMeta.php(3183)	E_WARNING: JPEGMeta failed parsing image metadata of /var/www/html/data/media/artgallery3.jpg. Got 0 instead of 29 bytes at offset 0.
  #0 /var/www/html/inc/JpegMeta.php(1574): JpegMeta->_getFixedString()
  #1 /var/www/html/inc/JpegMeta.php(345): JpegMeta->_parseMarkerXmp()
  #2 /var/www/html/inc/JpegMeta.php(152): JpegMeta->getXmpField()
  #3 /var/www/html/inc/Ui/Media/DisplayRow.php(71): JpegMeta->getField()
  #4 /var/www/html/inc/Ui/Media/DisplayRow.php(51): dokuwiki\Ui\Media\DisplayRow->showDetails()
  #5 /var/www/html/inc/media.php(755): dokuwiki\Ui\Media\DisplayRow->show()
  #6 /var/www/html/inc/template.php(1445): media_filelist()
  #7 /var/www/html/lib/tpl/arcadebasic/mediamanager.php(43): tpl_mediaContent()
  #8 /var/www/html/lib/exe/mediamanager.php(130): include('...')
  #9 {main}
2025-03-02 10:53:48	/var/www/html/inc/JpegMeta.php(3183)	E_WARNING: JPEGMeta failed parsing image metadata of /var/www/html/data/media/artgallery4.jpg. Got 0 instead of 29 bytes at offset 0.
  #0 /var/www/html/inc/JpegMeta.php(1574): JpegMeta->_getFixedString()
  #1 /var/www/html/inc/JpegMeta.php(345): JpegMeta->_parseMarkerXmp()
  #2 /var/www/html/inc/JpegMeta.php(152): JpegMeta->getXmpField()
  #3 /var/www/html/inc/Ui/Media/DisplayRow.php(71): JpegMeta->getField()
  #4 /var/www/html/inc/Ui/Media/DisplayRow.php(51): dokuwiki\Ui\Media\DisplayRow->showDetails()
  #5 /var/www/html/inc/media.php(755): dokuwiki\Ui\Media\DisplayRow->show()
  #6 /var/www/html/inc/template.php(1445): media_filelist()
  #7 /var/www/html/lib/tpl/arcadebasic/mediamanager.php(43): tpl_mediaContent()
  #8 /var/www/html/lib/exe/mediamanager.php(130): include('...')
  #9 {main}
2025-03-02 10:54:13	/var/www/html/inc/JpegMeta.php(3183)	E_WARNING: JPEGMeta failed parsing image metadata of /var/www/html/data/media/art4.jpg. Got 0 instead of 29 bytes at offset 0.
  #0 /var/www/html/inc/JpegMeta.php(1574): JpegMeta->_getFixedString()
  #1 /var/www/html/inc/JpegMeta.php(345): JpegMeta->_parseMarkerXmp()
  #2 /var/www/html/inc/JpegMeta.php(152): JpegMeta->getXmpField()
  #3 /var/www/html/inc/Ui/Media/DisplayRow.php(71): JpegMeta->getField()
  #4 /var/www/html/inc/Ui/Media/DisplayRow.php(51): dokuwiki\Ui\Media\DisplayRow->showDetails()
  #5 /var/www/html/inc/media.php(755): dokuwiki\Ui\Media\DisplayRow->show()
  #6 /var/www/html/inc/template.php(1445): media_filelist()
  #7 /var/www/html/inc/Ajax.php(224): tpl_mediaContent()
  #8 /var/www/html/inc/Ajax.php(28): dokuwiki\Ajax->callMedialist()
  #9 /var/www/html/lib/exe/ajax.php(26): dokuwiki\Ajax->__construct()
  #10 {main}
2025-03-02 10:54:13	/var/www/html/inc/JpegMeta.php(3183)	E_WARNING: JPEGMeta failed parsing image metadata of /var/www/html/data/media/art2.jpg. Got 0 instead of 29 bytes at offset 0.
  #0 /var/www/html/inc/JpegMeta.php(1574): JpegMeta->_getFixedString()
  #1 /var/www/html/inc/JpegMeta.php(345): JpegMeta->_parseMarkerXmp()
  #2 /var/www/html/inc/JpegMeta.php(152): JpegMeta->getXmpField()
  #3 /var/www/html/inc/Ui/Media/DisplayRow.php(71): JpegMeta->getField()
  #4 /var/www/html/inc/Ui/Media/DisplayRow.php(51): dokuwiki\Ui\Media\DisplayRow->showDetails()
  #5 /var/www/html/inc/media.php(755): dokuwiki\Ui\Media\DisplayRow->show()
  #6 /var/www/html/inc/template.php(1445): media_filelist()
  #7 /var/www/html/inc/Ajax.php(224): tpl_mediaContent()
  #8 /var/www/html/inc/Ajax.php(28): dokuwiki\Ajax->callMedialist()
  #9 /var/www/html/lib/exe/ajax.php(26): dokuwiki\Ajax->__construct()
  #10 {main}
2025-03-02 10:54:13	/var/www/html/inc/JpegMeta.php(3183)	E_WARNING: JPEGMeta failed parsing image metadata of /var/www/html/data/media/art3.jpg. Got 0 instead of 29 bytes at offset 0.
  #0 /var/www/html/inc/JpegMeta.php(1574): JpegMeta->_getFixedString()
  #1 /var/www/html/inc/JpegMeta.php(345): JpegMeta->_parseMarkerXmp()
  #2 /var/www/html/inc/JpegMeta.php(152): JpegMeta->getXmpField()
  #3 /var/www/html/inc/Ui/Media/DisplayRow.php(71): JpegMeta->getField()
  #4 /var/www/html/inc/Ui/Media/DisplayRow.php(51): dokuwiki\Ui\Media\DisplayRow->showDetails()
  #5 /var/www/html/inc/media.php(755): dokuwiki\Ui\Media\DisplayRow->show()
  #6 /var/www/html/inc/template.php(1445): media_filelist()
  #7 /var/www/html/inc/Ajax.php(224): tpl_mediaContent()
  #8 /var/www/html/inc/Ajax.php(28): dokuwiki\Ajax->callMedialist()
  #9 /var/www/html/lib/exe/ajax.php(26): dokuwiki\Ajax->__construct()
  #10 {main}
2025-03-02 10:54:13	/var/www/html/inc/JpegMeta.php(3183)	E_WARNING: JPEGMeta failed parsing image metadata of /var/www/html/data/media/artgallery3.jpg. Got 0 instead of 29 bytes at offset 0.
  #0 /var/www/html/inc/JpegMeta.php(1574): JpegMeta->_getFixedString()
  #1 /var/www/html/inc/JpegMeta.php(345): JpegMeta->_parseMarkerXmp()
  #2 /var/www/html/inc/JpegMeta.php(152): JpegMeta->getXmpField()
  #3 /var/www/html/inc/Ui/Media/DisplayRow.php(71): JpegMeta->getField()
  #4 /var/www/html/inc/Ui/Media/DisplayRow.php(51): dokuwiki\Ui\Media\DisplayRow->showDetails()
  #5 /var/www/html/inc/media.php(755): dokuwiki\Ui\Media\DisplayRow->show()
  #6 /var/www/html/inc/template.php(1445): media_filelist()
  #7 /var/www/html/inc/Ajax.php(224): tpl_mediaContent()
  #8 /var/www/html/inc/Ajax.php(28): dokuwiki\Ajax->callMedialist()
  #9 /var/www/html/lib/exe/ajax.php(26): dokuwiki\Ajax->__construct()
  #10 {main}
2025-03-02 10:54:13	/var/www/html/inc/JpegMeta.php(3183)	E_WARNING: JPEGMeta failed parsing image metadata of /var/www/html/data/media/artgallery4.jpg. Got 0 instead of 29 bytes at offset 0.
  #0 /var/www/html/inc/JpegMeta.php(1574): JpegMeta->_getFixedString()
  #1 /var/www/html/inc/JpegMeta.php(345): JpegMeta->_parseMarkerXmp()
  #2 /var/www/html/inc/JpegMeta.php(152): JpegMeta->getXmpField()
  #3 /var/www/html/inc/Ui/Media/DisplayRow.php(71): JpegMeta->getField()
  #4 /var/www/html/inc/Ui/Media/DisplayRow.php(51): dokuwiki\Ui\Media\DisplayRow->showDetails()
  #5 /var/www/html/inc/media.php(755): dokuwiki\Ui\Media\DisplayRow->show()
  #6 /var/www/html/inc/template.php(1445): media_filelist()
  #7 /var/www/html/inc/Ajax.php(224): tpl_mediaContent()
  #8 /var/www/html/inc/Ajax.php(28): dokuwiki\Ajax->callMedialist()
  #9 /var/www/html/lib/exe/ajax.php(26): dokuwiki\Ajax->__construct()
  #10 {main}
2025-03-02 10:54:22	/var/www/html/inc/Extension/PluginController.php(110)	E_WARNING: Undefined array key "base"
  #0 /var/www/html/inc/Extension/PluginController.php(110): dokuwiki\ErrorHandler::errorHandler()
  #1 /var/www/html/inc/pluginutils.php(55): dokuwiki\Extension\PluginController->load()
  #2 /var/www/html/inc/parserutils.php(578): plugin_load()
  #3 /var/www/html/inc/parserutils.php(222): p_get_parsermodes()
  #4 /var/www/html/inc/parserutils.php(198): p_get_instructions()
  #5 /var/www/html/inc/parserutils.php(158): p_cached_instructions()
  #6 /var/www/html/inc/parserutils.php(129): p_cached_output()
  #7 /var/www/html/inc/Ui/PageView.php(54): p_locale_xhtml()
  #8 /var/www/html/inc/Action/Preview.php(32): dokuwiki\Ui\PageView->show()
  #9 /var/www/html/inc/template.php(120): dokuwiki\Action\Preview->tplContent()
  #10 [internal function]: tpl_content_core()
  #11 /var/www/html/inc/Extension/Event.php(134): call_user_func_array()
  #12 /var/www/html/inc/Extension/Event.php(200): dokuwiki\Extension\Event->trigger()
  #13 /var/www/html/inc/template.php(102): dokuwiki\Extension\Event::createAndTrigger()
  #14 /var/www/html/lib/tpl/arcadebasic/main.php(119): tpl_content()
  #15 /var/www/html/inc/actions.php(30): include('...')
  #16 /var/www/html/doku.php(131): act_dispatch()
  #17 {main}
2025-03-02 10:54:28	/var/www/html/inc/Extension/PluginController.php(110)	E_WARNING: Undefined array key "base"
  #0 /var/www/html/inc/Extension/PluginController.php(110): dokuwiki\ErrorHandler::errorHandler()
  #1 /var/www/html/inc/pluginutils.php(55): dokuwiki\Extension\PluginController->load()
  #2 /var/www/html/inc/parserutils.php(578): plugin_load()
  #3 /var/www/html/inc/parserutils.php(222): p_get_parsermodes()
  #4 /var/www/html/inc/parserutils.php(198): p_get_instructions()
  #5 /var/www/html/inc/parserutils.php(520): p_cached_instructions()
  #6 /var/www/html/inc/parserutils.php(299): p_render_metadata()
  #7 /var/www/html/inc/common.php(264): p_get_metadata()
  #8 /var/www/html/doku.php(101): pageinfo()
  #9 {main}
2025-03-02 10:54:28	/var/www/html/lib/plugins/toctweak/syntax/sidetoc.php(73)	E_WARNING: Undefined variable $section
  #0 /var/www/html/lib/plugins/toctweak/syntax/sidetoc.php(73): dokuwiki\ErrorHandler::errorHandler()
  #1 /var/www/html/inc/parser/renderer.php(126): syntax_plugin_toctweak_sidetoc->render()
  #2 /var/www/html/inc/parserutils.php(691): Doku_Renderer->plugin()
  #3 /var/www/html/inc/parserutils.php(158): p_render()
  #4 /var/www/html/inc/parserutils.php(97): p_cached_output()
  #5 /var/www/html/inc/template.php(1679): p_wiki_xhtml()
  #6 /var/www/html/lib/tpl/arcadebasic/main.php(143): tpl_include_page()
  #7 /var/www/html/inc/actions.php(30): include('...')
  #8 /var/www/html/doku.php(131): act_dispatch()
  #9 {main}
2025-03-02 10:54:28	/var/www/html/inc/Extension/PluginController.php(110)	E_WARNING: Undefined array key "base"
  #0 /var/www/html/inc/Extension/PluginController.php(110): dokuwiki\ErrorHandler::errorHandler()
  #1 /var/www/html/inc/pluginutils.php(55): dokuwiki\Extension\PluginController->load()
  #2 /var/www/html/inc/parserutils.php(578): plugin_load()
  #3 /var/www/html/inc/parserutils.php(222): p_get_parsermodes()
  #4 /var/www/html/inc/parserutils.php(198): p_get_instructions()
  #5 /var/www/html/inc/parserutils.php(520): p_cached_instructions()
  #6 /var/www/html/inc/parserutils.php(299): p_render_metadata()
  #7 /var/www/html/inc/indexer.php(154): p_get_metadata()
  #8 /var/www/html/inc/TaskRunner.php(206): idx_addPage()
  #9 /var/www/html/inc/TaskRunner.php(52): dokuwiki\TaskRunner->runIndexer()
  #10 /var/www/html/lib/exe/taskrunner.php(20): dokuwiki\TaskRunner->run()
  #11 {main}
2025-03-02 10:54:31	/var/www/html/inc/Extension/PluginController.php(110)	E_WARNING: Undefined array key "base"
  #0 /var/www/html/inc/Extension/PluginController.php(110): dokuwiki\ErrorHandler::errorHandler()
  #1 /var/www/html/inc/pluginutils.php(55): dokuwiki\Extension\PluginController->load()
  #2 /var/www/html/inc/parserutils.php(578): plugin_load()
  #3 /var/www/html/inc/parserutils.php(222): p_get_parsermodes()
  #4 /var/www/html/inc/parserutils.php(198): p_get_instructions()
  #5 /var/www/html/inc/parserutils.php(520): p_cached_instructions()
  #6 /var/www/html/inc/parserutils.php(299): p_render_metadata()
  #7 /var/www/html/inc/common.php(264): p_get_metadata()
  #8 /var/www/html/lib/exe/detail.php(19): pageinfo()
  #9 {main}
2025-03-02 10:54:32	/var/www/html/lib/plugins/toctweak/syntax/sidetoc.php(73)	E_WARNING: Undefined variable $section
  #0 /var/www/html/lib/plugins/toctweak/syntax/sidetoc.php(73): dokuwiki\ErrorHandler::errorHandler()
  #1 /var/www/html/inc/parser/renderer.php(126): syntax_plugin_toctweak_sidetoc->render()
  #2 /var/www/html/inc/parserutils.php(691): Doku_Renderer->plugin()
  #3 /var/www/html/inc/parserutils.php(158): p_render()
  #4 /var/www/html/inc/parserutils.php(97): p_cached_output()
  #5 /var/www/html/inc/template.php(1679): p_wiki_xhtml()
  #6 /var/www/html/lib/tpl/arcadebasic/main.php(143): tpl_include_page()
  #7 /var/www/html/inc/actions.php(30): include('...')
  #8 /var/www/html/doku.php(131): act_dispatch()
  #9 {main}
2025-03-02 10:54:33	/var/www/html/lib/plugins/toctweak/syntax/sidetoc.php(73)	E_WARNING: Undefined variable $section
  #0 /var/www/html/lib/plugins/toctweak/syntax/sidetoc.php(73): dokuwiki\ErrorHandler::errorHandler()
  #1 /var/www/html/inc/parser/renderer.php(126): syntax_plugin_toctweak_sidetoc->render()
  #2 /var/www/html/inc/parserutils.php(691): Doku_Renderer->plugin()
  #3 /var/www/html/inc/parserutils.php(158): p_render()
  #4 /var/www/html/inc/parserutils.php(97): p_cached_output()
  #5 /var/www/html/inc/template.php(1679): p_wiki_xhtml()
  #6 /var/www/html/lib/tpl/arcadebasic/main.php(143): tpl_include_page()
  #7 /var/www/html/inc/actions.php(30): include('...')
  #8 /var/www/html/doku.php(131): act_dispatch()
  #9 {main}
2025-03-02 10:54:33	/var/www/html/lib/plugins/toctweak/helper.php(96)	E_WARNING: Undefined array key "description"
  #0 /var/www/html/lib/plugins/toctweak/helper.php(96): dokuwiki\ErrorHandler::errorHandler()
  #1 /var/www/html/lib/plugins/toctweak/syntax/sidetoc.php(73): helper_plugin_toctweak->get_metatoc()
  #2 /var/www/html/inc/parser/renderer.php(126): syntax_plugin_toctweak_sidetoc->render()
  #3 /var/www/html/inc/parserutils.php(691): Doku_Renderer->plugin()
  #4 /var/www/html/inc/parserutils.php(158): p_render()
  #5 /var/www/html/inc/parserutils.php(97): p_cached_output()
  #6 /var/www/html/inc/template.php(1679): p_wiki_xhtml()
  #7 /var/www/html/lib/tpl/arcadebasic/main.php(143): tpl_include_page()
  #8 /var/www/html/inc/actions.php(30): include('...')
  #9 /var/www/html/doku.php(131): act_dispatch()
  #10 {main}
2025-03-02 10:54:33	/var/www/html/lib/plugins/toctweak/helper.php(96)	E_WARNING: Trying to access array offset on value of type null
  #0 /var/www/html/lib/plugins/toctweak/helper.php(96): dokuwiki\ErrorHandler::errorHandler()
  #1 /var/www/html/lib/plugins/toctweak/syntax/sidetoc.php(73): helper_plugin_toctweak->get_metatoc()
  #2 /var/www/html/inc/parser/renderer.php(126): syntax_plugin_toctweak_sidetoc->render()
  #3 /var/www/html/inc/parserutils.php(691): Doku_Renderer->plugin()
  #4 /var/www/html/inc/parserutils.php(158): p_render()
  #5 /var/www/html/inc/parserutils.php(97): p_cached_output()
  #6 /var/www/html/inc/template.php(1679): p_wiki_xhtml()
  #7 /var/www/html/lib/tpl/arcadebasic/main.php(143): tpl_include_page()
  #8 /var/www/html/inc/actions.php(30): include('...')
  #9 /var/www/html/doku.php(131): act_dispatch()
  #10 {main}
2025-03-02 10:55:28	/var/www/html/inc/Extension/PluginController.php(110)	E_WARNING: Undefined array key "base"
  #0 /var/www/html/inc/Extension/PluginController.php(110): dokuwiki\ErrorHandler::errorHandler()
  #1 /var/www/html/inc/pluginutils.php(55): dokuwiki\Extension\PluginController->load()
  #2 /var/www/html/inc/parserutils.php(578): plugin_load()
  #3 /var/www/html/inc/parserutils.php(222): p_get_parsermodes()
  #4 /var/www/html/inc/parserutils.php(198): p_get_instructions()
  #5 /var/www/html/inc/parserutils.php(520): p_cached_instructions()
  #6 /var/www/html/inc/parserutils.php(299): p_render_metadata()
  #7 /var/www/html/inc/common.php(264): p_get_metadata()
  #8 /var/www/html/doku.php(101): pageinfo()
  #9 {main}
2025-03-02 10:55:28	/var/www/html/lib/plugins/toctweak/syntax/sidetoc.php(73)	E_WARNING: Undefined variable $section
  #0 /var/www/html/lib/plugins/toctweak/syntax/sidetoc.php(73): dokuwiki\ErrorHandler::errorHandler()
  #1 /var/www/html/inc/parser/renderer.php(126): syntax_plugin_toctweak_sidetoc->render()
  #2 /var/www/html/inc/parserutils.php(691): Doku_Renderer->plugin()
  #3 /var/www/html/inc/parserutils.php(158): p_render()
  #4 /var/www/html/inc/parserutils.php(97): p_cached_output()
  #5 /var/www/html/inc/template.php(1679): p_wiki_xhtml()
  #6 /var/www/html/lib/tpl/arcadebasic/main.php(143): tpl_include_page()
  #7 /var/www/html/inc/actions.php(30): include('...')
  #8 /var/www/html/doku.php(131): act_dispatch()
  #9 {main}
2025-03-02 10:55:28	/var/www/html/lib/plugins/toctweak/helper.php(96)	E_WARNING: Undefined array key "tableofcontents"
  #0 /var/www/html/lib/plugins/toctweak/helper.php(96): dokuwiki\ErrorHandler::errorHandler()
  #1 /var/www/html/lib/plugins/toctweak/syntax/sidetoc.php(73): helper_plugin_toctweak->get_metatoc()
  #2 /var/www/html/inc/parser/renderer.php(126): syntax_plugin_toctweak_sidetoc->render()
  #3 /var/www/html/inc/parserutils.php(691): Doku_Renderer->plugin()
  #4 /var/www/html/inc/parserutils.php(158): p_render()
  #5 /var/www/html/inc/parserutils.php(97): p_cached_output()
  #6 /var/www/html/inc/template.php(1679): p_wiki_xhtml()
  #7 /var/www/html/lib/tpl/arcadebasic/main.php(143): tpl_include_page()
  #8 /var/www/html/inc/actions.php(30): include('...')
  #9 /var/www/html/doku.php(131): act_dispatch()
  #10 {main}
2025-03-02 10:58:23	/var/www/html/inc/Extension/PluginController.php(110)	E_WARNING: Undefined array key "base"
  #0 /var/www/html/inc/Extension/PluginController.php(110): dokuwiki\ErrorHandler::errorHandler()
  #1 /var/www/html/inc/pluginutils.php(55): dokuwiki\Extension\PluginController->load()
  #2 /var/www/html/inc/parserutils.php(578): plugin_load()
  #3 /var/www/html/inc/parserutils.php(222): p_get_parsermodes()
  #4 /var/www/html/inc/Ui/PageView.php(56): p_get_instructions()
  #5 /var/www/html/inc/Action/Preview.php(32): dokuwiki\Ui\PageView->show()
  #6 /var/www/html/inc/template.php(120): dokuwiki\Action\Preview->tplContent()
  #7 [internal function]: tpl_content_core()
  #8 /var/www/html/inc/Extension/Event.php(134): call_user_func_array()
  #9 /var/www/html/inc/Extension/Event.php(200): dokuwiki\Extension\Event->trigger()
  #10 /var/www/html/inc/template.php(102): dokuwiki\Extension\Event::createAndTrigger()
  #11 /var/www/html/lib/tpl/arcadebasic/main.php(119): tpl_content()
  #12 /var/www/html/inc/actions.php(30): include('...')
  #13 /var/www/html/doku.php(131): act_dispatch()
  #14 {main}
2025-03-02 10:59:00	/var/www/html/inc/Extension/PluginController.php(110)	E_WARNING: Undefined array key "base"
  #0 /var/www/html/inc/Extension/PluginController.php(110): dokuwiki\ErrorHandler::errorHandler()
  #1 /var/www/html/inc/pluginutils.php(55): dokuwiki\Extension\PluginController->load()
  #2 /var/www/html/inc/parserutils.php(578): plugin_load()
  #3 /var/www/html/inc/parserutils.php(222): p_get_parsermodes()
  #4 /var/www/html/inc/Ui/PageView.php(56): p_get_instructions()
  #5 /var/www/html/inc/Action/Preview.php(32): dokuwiki\Ui\PageView->show()
  #6 /var/www/html/inc/template.php(120): dokuwiki\Action\Preview->tplContent()
  #7 [internal function]: tpl_content_core()
  #8 /var/www/html/inc/Extension/Event.php(134): call_user_func_array()
  #9 /var/www/html/inc/Extension/Event.php(200): dokuwiki\Extension\Event->trigger()
  #10 /var/www/html/inc/template.php(102): dokuwiki\Extension\Event::createAndTrigger()
  #11 /var/www/html/lib/tpl/arcadebasic/main.php(119): tpl_content()
  #12 /var/www/html/inc/actions.php(30): include('...')
  #13 /var/www/html/doku.php(131): act_dispatch()
  #14 {main}
2025-03-02 10:59:42	/var/www/html/inc/Extension/PluginController.php(110)	E_WARNING: Undefined array key "base"
  #0 /var/www/html/inc/Extension/PluginController.php(110): dokuwiki\ErrorHandler::errorHandler()
  #1 /var/www/html/inc/pluginutils.php(55): dokuwiki\Extension\PluginController->load()
  #2 /var/www/html/inc/parserutils.php(578): plugin_load()
  #3 /var/www/html/inc/parserutils.php(222): p_get_parsermodes()
  #4 /var/www/html/inc/parserutils.php(198): p_get_instructions()
  #5 /var/www/html/inc/parserutils.php(520): p_cached_instructions()
  #6 /var/www/html/inc/parserutils.php(299): p_render_metadata()
  #7 /var/www/html/inc/common.php(264): p_get_metadata()
  #8 /var/www/html/doku.php(101): pageinfo()
  #9 {main}
2025-03-02 10:59:42	/var/www/html/lib/plugins/toctweak/syntax/sidetoc.php(73)	E_WARNING: Undefined variable $section
  #0 /var/www/html/lib/plugins/toctweak/syntax/sidetoc.php(73): dokuwiki\ErrorHandler::errorHandler()
  #1 /var/www/html/inc/parser/renderer.php(126): syntax_plugin_toctweak_sidetoc->render()
  #2 /var/www/html/inc/parserutils.php(691): Doku_Renderer->plugin()
  #3 /var/www/html/inc/parserutils.php(158): p_render()
  #4 /var/www/html/inc/parserutils.php(97): p_cached_output()
  #5 /var/www/html/inc/template.php(1679): p_wiki_xhtml()
  #6 /var/www/html/lib/tpl/arcadebasic/main.php(143): tpl_include_page()
  #7 /var/www/html/inc/actions.php(30): include('...')
  #8 /var/www/html/doku.php(131): act_dispatch()
  #9 {main}
2025-03-02 10:59:42	/var/www/html/lib/plugins/toctweak/helper.php(96)	E_WARNING: Undefined array key "tableofcontents"
  #0 /var/www/html/lib/plugins/toctweak/helper.php(96): dokuwiki\ErrorHandler::errorHandler()
  #1 /var/www/html/lib/plugins/toctweak/syntax/sidetoc.php(73): helper_plugin_toctweak->get_metatoc()
  #2 /var/www/html/inc/parser/renderer.php(126): syntax_plugin_toctweak_sidetoc->render()
  #3 /var/www/html/inc/parserutils.php(691): Doku_Renderer->plugin()
  #4 /var/www/html/inc/parserutils.php(158): p_render()
  #5 /var/www/html/inc/parserutils.php(97): p_cached_output()
  #6 /var/www/html/inc/template.php(1679): p_wiki_xhtml()
  #7 /var/www/html/lib/tpl/arcadebasic/main.php(143): tpl_include_page()
  #8 /var/www/html/inc/actions.php(30): include('...')
  #9 /var/www/html/doku.php(131): act_dispatch()
  #10 {main}
2025-03-02 10:59:42	/var/www/html/inc/Extension/PluginController.php(110)	E_WARNING: Undefined array key "base"
  #0 /var/www/html/inc/Extension/PluginController.php(110): dokuwiki\ErrorHandler::errorHandler()
  #1 /var/www/html/inc/pluginutils.php(55): dokuwiki\Extension\PluginController->load()
  #2 /var/www/html/inc/parserutils.php(578): plugin_load()
  #3 /var/www/html/inc/parserutils.php(222): p_get_parsermodes()
  #4 /var/www/html/inc/parserutils.php(198): p_get_instructions()
  #5 /var/www/html/inc/parserutils.php(520): p_cached_instructions()
  #6 /var/www/html/inc/parserutils.php(299): p_render_metadata()
  #7 /var/www/html/inc/indexer.php(154): p_get_metadata()
  #8 /var/www/html/inc/TaskRunner.php(206): idx_addPage()
  #9 /var/www/html/inc/TaskRunner.php(52): dokuwiki\TaskRunner->runIndexer()
  #10 /var/www/html/lib/exe/taskrunner.php(20): dokuwiki\TaskRunner->run()
  #11 {main}
2025-03-02 10:59:53	/var/www/html/inc/Extension/PluginController.php(110)	E_WARNING: Undefined array key "base"
  #0 /var/www/html/inc/Extension/PluginController.php(110): dokuwiki\ErrorHandler::errorHandler()
  #1 /var/www/html/inc/pluginutils.php(55): dokuwiki\Extension\PluginController->load()
  #2 /var/www/html/inc/parserutils.php(578): plugin_load()
  #3 /var/www/html/inc/parserutils.php(222): p_get_parsermodes()
  #4 /var/www/html/inc/parserutils.php(198): p_get_instructions()
  #5 /var/www/html/inc/parserutils.php(520): p_cached_instructions()
  #6 /var/www/html/inc/parserutils.php(299): p_render_metadata()
  #7 /var/www/html/inc/common.php(264): p_get_metadata()
  #8 /var/www/html/doku.php(101): pageinfo()
  #9 {main}
2025-03-02 11:00:25	/var/www/html/inc/Extension/PluginController.php(110)	E_WARNING: Undefined array key "base"
  #0 /var/www/html/inc/Extension/PluginController.php(110): dokuwiki\ErrorHandler::errorHandler()
  #1 /var/www/html/inc/pluginutils.php(55): dokuwiki\Extension\PluginController->load()
  #2 /var/www/html/inc/parserutils.php(578): plugin_load()
  #3 /var/www/html/inc/parserutils.php(222): p_get_parsermodes()
  #4 /var/www/html/inc/Ui/PageView.php(56): p_get_instructions()
  #5 /var/www/html/inc/Action/Preview.php(32): dokuwiki\Ui\PageView->show()
  #6 /var/www/html/inc/template.php(120): dokuwiki\Action\Preview->tplContent()
  #7 [internal function]: tpl_content_core()
  #8 /var/www/html/inc/Extension/Event.php(134): call_user_func_array()
  #9 /var/www/html/inc/Extension/Event.php(200): dokuwiki\Extension\Event->trigger()
  #10 /var/www/html/inc/template.php(102): dokuwiki\Extension\Event::createAndTrigger()
  #11 /var/www/html/lib/tpl/arcadebasic/main.php(119): tpl_content()
  #12 /var/www/html/inc/actions.php(30): include('...')
  #13 /var/www/html/doku.php(131): act_dispatch()
  #14 {main}
2025-03-02 11:00:42	/var/www/html/inc/Extension/PluginController.php(110)	E_WARNING: Undefined array key "base"
  #0 /var/www/html/inc/Extension/PluginController.php(110): dokuwiki\ErrorHandler::errorHandler()
  #1 /var/www/html/inc/pluginutils.php(55): dokuwiki\Extension\PluginController->load()
  #2 /var/www/html/inc/parserutils.php(578): plugin_load()
  #3 /var/www/html/inc/parserutils.php(222): p_get_parsermodes()
  #4 /var/www/html/inc/Ui/PageView.php(56): p_get_instructions()
  #5 /var/www/html/inc/Action/Preview.php(32): dokuwiki\Ui\PageView->show()
  #6 /var/www/html/inc/template.php(120): dokuwiki\Action\Preview->tplContent()
  #7 [internal function]: tpl_content_core()
  #8 /var/www/html/inc/Extension/Event.php(134): call_user_func_array()
  #9 /var/www/html/inc/Extension/Event.php(200): dokuwiki\Extension\Event->trigger()
  #10 /var/www/html/inc/template.php(102): dokuwiki\Extension\Event::createAndTrigger()
  #11 /var/www/html/lib/tpl/arcadebasic/main.php(119): tpl_content()
  #12 /var/www/html/inc/actions.php(30): include('...')
  #13 /var/www/html/doku.php(131): act_dispatch()
  #14 {main}
2025-03-02 11:00:57	/var/www/html/inc/Extension/PluginController.php(110)	E_WARNING: Undefined array key "base"
  #0 /var/www/html/inc/Extension/PluginController.php(110): dokuwiki\ErrorHandler::errorHandler()
  #1 /var/www/html/inc/pluginutils.php(55): dokuwiki\Extension\PluginController->load()
  #2 /var/www/html/inc/parserutils.php(578): plugin_load()
  #3 /var/www/html/inc/parserutils.php(222): p_get_parsermodes()
  #4 /var/www/html/inc/parserutils.php(198): p_get_instructions()
  #5 /var/www/html/inc/parserutils.php(520): p_cached_instructions()
  #6 /var/www/html/inc/parserutils.php(299): p_render_metadata()
  #7 /var/www/html/inc/common.php(264): p_get_metadata()
  #8 /var/www/html/doku.php(101): pageinfo()
  #9 {main}
2025-03-02 11:00:57	/var/www/html/lib/plugins/toctweak/syntax/sidetoc.php(73)	E_WARNING: Undefined variable $section
  #0 /var/www/html/lib/plugins/toctweak/syntax/sidetoc.php(73): dokuwiki\ErrorHandler::errorHandler()
  #1 /var/www/html/inc/parser/renderer.php(126): syntax_plugin_toctweak_sidetoc->render()
  #2 /var/www/html/inc/parserutils.php(691): Doku_Renderer->plugin()
  #3 /var/www/html/inc/parserutils.php(158): p_render()
  #4 /var/www/html/inc/parserutils.php(97): p_cached_output()
  #5 /var/www/html/inc/template.php(1679): p_wiki_xhtml()
  #6 /var/www/html/lib/tpl/arcadebasic/main.php(143): tpl_include_page()
  #7 /var/www/html/inc/actions.php(30): include('...')
  #8 /var/www/html/doku.php(131): act_dispatch()
  #9 {main}
2025-03-02 11:00:57	/var/www/html/lib/plugins/toctweak/helper.php(96)	E_WARNING: Undefined array key "tableofcontents"
  #0 /var/www/html/lib/plugins/toctweak/helper.php(96): dokuwiki\ErrorHandler::errorHandler()
  #1 /var/www/html/lib/plugins/toctweak/syntax/sidetoc.php(73): helper_plugin_toctweak->get_metatoc()
  #2 /var/www/html/inc/parser/renderer.php(126): syntax_plugin_toctweak_sidetoc->render()
  #3 /var/www/html/inc/parserutils.php(691): Doku_Renderer->plugin()
  #4 /var/www/html/inc/parserutils.php(158): p_render()
  #5 /var/www/html/inc/parserutils.php(97): p_cached_output()
  #6 /var/www/html/inc/template.php(1679): p_wiki_xhtml()
  #7 /var/www/html/lib/tpl/arcadebasic/main.php(143): tpl_include_page()
  #8 /var/www/html/inc/actions.php(30): include('...')
  #9 /var/www/html/doku.php(131): act_dispatch()
  #10 {main}
2025-03-02 11:00:57	/var/www/html/inc/Extension/PluginController.php(110)	E_WARNING: Undefined array key "base"
  #0 /var/www/html/inc/Extension/PluginController.php(110): dokuwiki\ErrorHandler::errorHandler()
  #1 /var/www/html/inc/pluginutils.php(55): dokuwiki\Extension\PluginController->load()
  #2 /var/www/html/inc/parserutils.php(578): plugin_load()
  #3 /var/www/html/inc/parserutils.php(222): p_get_parsermodes()
  #4 /var/www/html/inc/parserutils.php(198): p_get_instructions()
  #5 /var/www/html/inc/parserutils.php(520): p_cached_instructions()
  #6 /var/www/html/inc/parserutils.php(299): p_render_metadata()
  #7 /var/www/html/inc/indexer.php(154): p_get_metadata()
  #8 /var/www/html/inc/TaskRunner.php(206): idx_addPage()
  #9 /var/www/html/inc/TaskRunner.php(52): dokuwiki\TaskRunner->runIndexer()
  #10 /var/www/html/lib/exe/taskrunner.php(20): dokuwiki\TaskRunner->run()
  #11 {main}
2025-03-02 11:01:02	/var/www/html/lib/plugins/toctweak/syntax/sidetoc.php(73)	E_WARNING: Undefined variable $section
  #0 /var/www/html/lib/plugins/toctweak/syntax/sidetoc.php(73): dokuwiki\ErrorHandler::errorHandler()
  #1 /var/www/html/inc/parser/renderer.php(126): syntax_plugin_toctweak_sidetoc->render()
  #2 /var/www/html/inc/parserutils.php(691): Doku_Renderer->plugin()
  #3 /var/www/html/inc/parserutils.php(158): p_render()
  #4 /var/www/html/inc/parserutils.php(97): p_cached_output()
  #5 /var/www/html/inc/template.php(1679): p_wiki_xhtml()
  #6 /var/www/html/lib/tpl/arcadebasic/main.php(143): tpl_include_page()
  #7 /var/www/html/inc/actions.php(30): include('...')
  #8 /var/www/html/doku.php(131): act_dispatch()
  #9 {main}
2025-03-02 11:01:07	/var/www/html/lib/plugins/toctweak/syntax/sidetoc.php(73)	E_WARNING: Undefined variable $section
  #0 /var/www/html/lib/plugins/toctweak/syntax/sidetoc.php(73): dokuwiki\ErrorHandler::errorHandler()
  #1 /var/www/html/inc/parser/renderer.php(126): syntax_plugin_toctweak_sidetoc->render()
  #2 /var/www/html/inc/parserutils.php(691): Doku_Renderer->plugin()
  #3 /var/www/html/inc/parserutils.php(158): p_render()
  #4 /var/www/html/inc/parserutils.php(97): p_cached_output()
  #5 /var/www/html/inc/template.php(1679): p_wiki_xhtml()
  #6 /var/www/html/lib/tpl/arcadebasic/main.php(143): tpl_include_page()
  #7 /var/www/html/inc/actions.php(30): include('...')
  #8 /var/www/html/doku.php(131): act_dispatch()
  #9 {main}
2025-03-02 11:01:08	/var/www/html/lib/plugins/toctweak/syntax/sidetoc.php(73)	E_WARNING: Undefined variable $section
  #0 /var/www/html/lib/plugins/toctweak/syntax/sidetoc.php(73): dokuwiki\ErrorHandler::errorHandler()
  #1 /var/www/html/inc/parser/renderer.php(126): syntax_plugin_toctweak_sidetoc->render()
  #2 /var/www/html/inc/parserutils.php(691): Doku_Renderer->plugin()
  #3 /var/www/html/inc/parserutils.php(158): p_render()
  #4 /var/www/html/inc/parserutils.php(97): p_cached_output()
  #5 /var/www/html/inc/template.php(1679): p_wiki_xhtml()
  #6 /var/www/html/lib/tpl/arcadebasic/main.php(143): tpl_include_page()
  #7 /var/www/html/inc/actions.php(30): include('...')
  #8 /var/www/html/doku.php(131): act_dispatch()
  #9 {main}
2025-03-02 11:01:08	/var/www/html/lib/plugins/toctweak/helper.php(96)	E_WARNING: Undefined array key "description"
  #0 /var/www/html/lib/plugins/toctweak/helper.php(96): dokuwiki\ErrorHandler::errorHandler()
  #1 /var/www/html/lib/plugins/toctweak/syntax/sidetoc.php(73): helper_plugin_toctweak->get_metatoc()
  #2 /var/www/html/inc/parser/renderer.php(126): syntax_plugin_toctweak_sidetoc->render()
  #3 /var/www/html/inc/parserutils.php(691): Doku_Renderer->plugin()
  #4 /var/www/html/inc/parserutils.php(158): p_render()
  #5 /var/www/html/inc/parserutils.php(97): p_cached_output()
  #6 /var/www/html/inc/template.php(1679): p_wiki_xhtml()
  #7 /var/www/html/lib/tpl/arcadebasic/main.php(143): tpl_include_page()
  #8 /var/www/html/inc/actions.php(30): include('...')
  #9 /var/www/html/doku.php(131): act_dispatch()
  #10 {main}
2025-03-02 11:01:08	/var/www/html/lib/plugins/toctweak/helper.php(96)	E_WARNING: Trying to access array offset on value of type null
  #0 /var/www/html/lib/plugins/toctweak/helper.php(96): dokuwiki\ErrorHandler::errorHandler()
  #1 /var/www/html/lib/plugins/toctweak/syntax/sidetoc.php(73): helper_plugin_toctweak->get_metatoc()
  #2 /var/www/html/inc/parser/renderer.php(126): syntax_plugin_toctweak_sidetoc->render()
  #3 /var/www/html/inc/parserutils.php(691): Doku_Renderer->plugin()
  #4 /var/www/html/inc/parserutils.php(158): p_render()
  #5 /var/www/html/inc/parserutils.php(97): p_cached_output()
  #6 /var/www/html/inc/template.php(1679): p_wiki_xhtml()
  #7 /var/www/html/lib/tpl/arcadebasic/main.php(143): tpl_include_page()
  #8 /var/www/html/inc/actions.php(30): include('...')
  #9 /var/www/html/doku.php(131): act_dispatch()
  #10 {main}
2025-03-02 11:01:41	/var/www/html/inc/Extension/PluginController.php(110)	E_WARNING: Undefined array key "base"
  #0 /var/www/html/inc/Extension/PluginController.php(110): dokuwiki\ErrorHandler::errorHandler()
  #1 /var/www/html/inc/pluginutils.php(55): dokuwiki\Extension\PluginController->load()
  #2 /var/www/html/inc/parserutils.php(578): plugin_load()
  #3 /var/www/html/inc/parserutils.php(222): p_get_parsermodes()
  #4 /var/www/html/inc/parserutils.php(198): p_get_instructions()
  #5 /var/www/html/inc/parserutils.php(520): p_cached_instructions()
  #6 /var/www/html/inc/parserutils.php(299): p_render_metadata()
  #7 /var/www/html/inc/common.php(264): p_get_metadata()
  #8 /var/www/html/doku.php(101): pageinfo()
  #9 {main}
2025-03-02 11:01:41	/var/www/html/lib/plugins/toctweak/syntax/sidetoc.php(73)	E_WARNING: Undefined variable $section
  #0 /var/www/html/lib/plugins/toctweak/syntax/sidetoc.php(73): dokuwiki\ErrorHandler::errorHandler()
  #1 /var/www/html/inc/parser/renderer.php(126): syntax_plugin_toctweak_sidetoc->render()
  #2 /var/www/html/inc/parserutils.php(691): Doku_Renderer->plugin()
  #3 /var/www/html/inc/parserutils.php(158): p_render()
  #4 /var/www/html/inc/parserutils.php(97): p_cached_output()
  #5 /var/www/html/inc/template.php(1679): p_wiki_xhtml()
  #6 /var/www/html/lib/tpl/arcadebasic/main.php(143): tpl_include_page()
  #7 /var/www/html/inc/actions.php(30): include('...')
  #8 /var/www/html/doku.php(131): act_dispatch()
  #9 {main}
2025-03-02 11:01:41	/var/www/html/inc/Extension/PluginController.php(110)	E_WARNING: Undefined array key "base"
  #0 /var/www/html/inc/Extension/PluginController.php(110): dokuwiki\ErrorHandler::errorHandler()
  #1 /var/www/html/inc/pluginutils.php(55): dokuwiki\Extension\PluginController->load()
  #2 /var/www/html/inc/parserutils.php(578): plugin_load()
  #3 /var/www/html/inc/parserutils.php(222): p_get_parsermodes()
  #4 /var/www/html/inc/parserutils.php(198): p_get_instructions()
  #5 /var/www/html/inc/parserutils.php(520): p_cached_instructions()
  #6 /var/www/html/inc/parserutils.php(299): p_render_metadata()
  #7 /var/www/html/inc/indexer.php(154): p_get_metadata()
  #8 /var/www/html/inc/TaskRunner.php(206): idx_addPage()
  #9 /var/www/html/inc/TaskRunner.php(52): dokuwiki\TaskRunner->runIndexer()
  #10 /var/www/html/lib/exe/taskrunner.php(20): dokuwiki\TaskRunner->run()
  #11 {main}
2025-03-02 11:02:36	/var/www/html/lib/plugins/toctweak/syntax/sidetoc.php(73)	E_WARNING: Undefined variable $section
  #0 /var/www/html/lib/plugins/toctweak/syntax/sidetoc.php(73): dokuwiki\ErrorHandler::errorHandler()
  #1 /var/www/html/inc/parser/renderer.php(126): syntax_plugin_toctweak_sidetoc->render()
  #2 /var/www/html/inc/parserutils.php(691): Doku_Renderer->plugin()
  #3 /var/www/html/inc/parserutils.php(158): p_render()
  #4 /var/www/html/inc/parserutils.php(97): p_cached_output()
  #5 /var/www/html/inc/template.php(1679): p_wiki_xhtml()
  #6 /var/www/html/lib/tpl/arcadebasic/main.php(143): tpl_include_page()
  #7 /var/www/html/inc/actions.php(30): include('...')
  #8 /var/www/html/doku.php(131): act_dispatch()
  #9 {main}
2025-03-02 11:02:42	/var/www/html/lib/plugins/toctweak/syntax/sidetoc.php(73)	E_WARNING: Undefined variable $section
  #0 /var/www/html/lib/plugins/toctweak/syntax/sidetoc.php(73): dokuwiki\ErrorHandler::errorHandler()
  #1 /var/www/html/inc/parser/renderer.php(126): syntax_plugin_toctweak_sidetoc->render()
  #2 /var/www/html/inc/parserutils.php(691): Doku_Renderer->plugin()
  #3 /var/www/html/inc/parserutils.php(158): p_render()
  #4 /var/www/html/inc/parserutils.php(97): p_cached_output()
  #5 /var/www/html/inc/template.php(1679): p_wiki_xhtml()
  #6 /var/www/html/lib/tpl/arcadebasic/main.php(143): tpl_include_page()
  #7 /var/www/html/inc/actions.php(30): include('...')
  #8 /var/www/html/doku.php(131): act_dispatch()
  #9 {main}
2025-03-02 11:02:45	/var/www/html/lib/plugins/toctweak/syntax/sidetoc.php(73)	E_WARNING: Undefined variable $section
  #0 /var/www/html/lib/plugins/toctweak/syntax/sidetoc.php(73): dokuwiki\ErrorHandler::errorHandler()
  #1 /var/www/html/inc/parser/renderer.php(126): syntax_plugin_toctweak_sidetoc->render()
  #2 /var/www/html/inc/parserutils.php(691): Doku_Renderer->plugin()
  #3 /var/www/html/inc/parserutils.php(158): p_render()
  #4 /var/www/html/inc/parserutils.php(97): p_cached_output()
  #5 /var/www/html/inc/template.php(1679): p_wiki_xhtml()
  #6 /var/www/html/lib/tpl/arcadebasic/main.php(143): tpl_include_page()
  #7 /var/www/html/inc/actions.php(30): include('...')
  #8 /var/www/html/doku.php(131): act_dispatch()
  #9 {main}
2025-03-02 11:02:48	/var/www/html/lib/plugins/toctweak/syntax/sidetoc.php(73)	E_WARNING: Undefined variable $section
  #0 /var/www/html/lib/plugins/toctweak/syntax/sidetoc.php(73): dokuwiki\ErrorHandler::errorHandler()
  #1 /var/www/html/inc/parser/renderer.php(126): syntax_plugin_toctweak_sidetoc->render()
  #2 /var/www/html/inc/parserutils.php(691): Doku_Renderer->plugin()
  #3 /var/www/html/inc/parserutils.php(158): p_render()
  #4 /var/www/html/inc/parserutils.php(97): p_cached_output()
  #5 /var/www/html/inc/template.php(1679): p_wiki_xhtml()
  #6 /var/www/html/lib/tpl/arcadebasic/main.php(143): tpl_include_page()
  #7 /var/www/html/inc/actions.php(30): include('...')
  #8 /var/www/html/doku.php(131): act_dispatch()
  #9 {main}
2025-03-02 11:02:50	/var/www/html/inc/Extension/PluginController.php(110)	E_WARNING: Undefined array key "base"
  #0 /var/www/html/inc/Extension/PluginController.php(110): dokuwiki\ErrorHandler::errorHandler()
  #1 /var/www/html/inc/pluginutils.php(55): dokuwiki\Extension\PluginController->load()
  #2 /var/www/html/inc/parserutils.php(578): plugin_load()
  #3 /var/www/html/inc/parserutils.php(222): p_get_parsermodes()
  #4 /var/www/html/inc/parserutils.php(198): p_get_instructions()
  #5 /var/www/html/inc/parserutils.php(158): p_cached_instructions()
  #6 /var/www/html/inc/parserutils.php(129): p_cached_output()
  #7 /var/www/html/inc/Ui/Login.php(43): p_locale_xhtml()
  #8 /var/www/html/inc/Action/Login.php(37): dokuwiki\Ui\Login->show()
  #9 /var/www/html/inc/template.php(120): dokuwiki\Action\Login->tplContent()
  #10 [internal function]: tpl_content_core()
  #11 /var/www/html/inc/Extension/Event.php(134): call_user_func_array()
  #12 /var/www/html/inc/Extension/Event.php(200): dokuwiki\Extension\Event->trigger()
  #13 /var/www/html/inc/template.php(102): dokuwiki\Extension\Event::createAndTrigger()
  #14 /var/www/html/lib/tpl/arcadebasic/main.php(119): tpl_content()
  #15 /var/www/html/inc/actions.php(30): include('...')
  #16 /var/www/html/doku.php(131): act_dispatch()
  #17 {main}
2025-03-02 11:02:57	/var/www/html/lib/plugins/toctweak/syntax/sidetoc.php(73)	E_WARNING: Undefined variable $section
  #0 /var/www/html/lib/plugins/toctweak/syntax/sidetoc.php(73): dokuwiki\ErrorHandler::errorHandler()
  #1 /var/www/html/inc/parser/renderer.php(126): syntax_plugin_toctweak_sidetoc->render()
  #2 /var/www/html/inc/parserutils.php(691): Doku_Renderer->plugin()
  #3 /var/www/html/inc/parserutils.php(158): p_render()
  #4 /var/www/html/inc/parserutils.php(97): p_cached_output()
  #5 /var/www/html/inc/template.php(1679): p_wiki_xhtml()
  #6 /var/www/html/lib/tpl/arcadebasic/main.php(143): tpl_include_page()
  #7 /var/www/html/inc/actions.php(30): include('...')
  #8 /var/www/html/doku.php(131): act_dispatch()
  #9 {main}
2025-03-02 11:03:03	/var/www/html/inc/Extension/PluginController.php(110)	E_WARNING: Undefined array key "base"
  #0 /var/www/html/inc/Extension/PluginController.php(110): dokuwiki\ErrorHandler::errorHandler()
  #1 /var/www/html/inc/pluginutils.php(55): dokuwiki\Extension\PluginController->load()
  #2 /var/www/html/inc/parserutils.php(578): plugin_load()
  #3 /var/www/html/inc/parserutils.php(222): p_get_parsermodes()
  #4 /var/www/html/inc/parserutils.php(198): p_get_instructions()
  #5 /var/www/html/inc/parserutils.php(158): p_cached_instructions()
  #6 /var/www/html/inc/Extension/PluginTrait.php(125): p_cached_output()
  #7 /var/www/html/lib/plugins/backup/admin.php(77): dokuwiki\Extension\Plugin->locale_xhtml()
  #8 /var/www/html/inc/template.php(205): admin_plugin_backup->html()
  #9 /var/www/html/inc/Action/Admin.php(43): tpl_admin()
  #10 /var/www/html/inc/template.php(120): dokuwiki\Action\Admin->tplContent()
  #11 [internal function]: tpl_content_core()
  #12 /var/www/html/inc/Extension/Event.php(134): call_user_func_array()
  #13 /var/www/html/inc/Extension/Event.php(200): dokuwiki\Extension\Event->trigger()
  #14 /var/www/html/inc/template.php(102): dokuwiki\Extension\Event::createAndTrigger()
  #15 /var/www/html/lib/tpl/arcadebasic/main.php(119): tpl_content()
  #16 /var/www/html/inc/actions.php(30): include('...')
  #17 /var/www/html/doku.php(131): act_dispatch()
  #18 {main}
2025-03-02 11:06:02	/var/www/html/inc/Extension/PluginController.php(110)	E_WARNING: Undefined array key "base"
  #0 /var/www/html/inc/Extension/PluginController.php(110): dokuwiki\ErrorHandler::errorHandler()
  #1 /var/www/html/inc/pluginutils.php(55): dokuwiki\Extension\PluginController->load()
  #2 /var/www/html/inc/parserutils.php(578): plugin_load()
  #3 /var/www/html/inc/parserutils.php(222): p_get_parsermodes()
  #4 /var/www/html/inc/parserutils.php(198): p_get_instructions()
  #5 /var/www/html/inc/parserutils.php(158): p_cached_instructions()
  #6 /var/www/html/inc/Extension/PluginTrait.php(125): p_cached_output()
  #7 /var/www/html/lib/plugins/extension/GuiAdmin.php(63): dokuwiki\Extension\Plugin->locale_xhtml()
  #8 /var/www/html/lib/plugins/extension/GuiAdmin.php(27): dokuwiki\plugin\extension\GuiAdmin->tabPlugins()
  #9 /var/www/html/lib/plugins/extension/admin.php(100): dokuwiki\plugin\extension\GuiAdmin->render()
  #10 /var/www/html/inc/template.php(205): admin_plugin_extension->html()
  #11 /var/www/html/inc/Action/Admin.php(43): tpl_admin()
  #12 /var/www/html/inc/template.php(120): dokuwiki\Action\Admin->tplContent()
  #13 [internal function]: tpl_content_core()
  #14 /var/www/html/inc/Extension/Event.php(134): call_user_func_array()
  #15 /var/www/html/inc/Extension/Event.php(200): dokuwiki\Extension\Event->trigger()
  #16 /var/www/html/inc/template.php(102): dokuwiki\Extension\Event::createAndTrigger()
  #17 /var/www/html/lib/tpl/arcadebasic/main.php(119): tpl_content()
  #18 /var/www/html/inc/actions.php(30): include('...')
  #19 /var/www/html/doku.php(131): act_dispatch()
  #20 {main}
2025-03-02 11:06:08	/var/www/html/inc/Extension/PluginController.php(110)	E_WARNING: Undefined array key "base"
  #0 /var/www/html/inc/Extension/PluginController.php(110): dokuwiki\ErrorHandler::errorHandler()
  #1 /var/www/html/inc/pluginutils.php(55): dokuwiki\Extension\PluginController->load()
  #2 /var/www/html/inc/parserutils.php(578): plugin_load()
  #3 /var/www/html/inc/parserutils.php(222): p_get_parsermodes()
  #4 /var/www/html/inc/parserutils.php(198): p_get_instructions()
  #5 /var/www/html/inc/parserutils.php(158): p_cached_instructions()
  #6 /var/www/html/inc/Extension/PluginTrait.php(125): p_cached_output()
  #7 /var/www/html/lib/plugins/extension/GuiAdmin.php(131): dokuwiki\Extension\Plugin->locale_xhtml()
  #8 /var/www/html/lib/plugins/extension/GuiAdmin.php(17): dokuwiki\plugin\extension\GuiAdmin->tabSearch()
  #9 /var/www/html/lib/plugins/extension/admin.php(100): dokuwiki\plugin\extension\GuiAdmin->render()
  #10 /var/www/html/inc/template.php(205): admin_plugin_extension->html()
  #11 /var/www/html/inc/Action/Admin.php(43): tpl_admin()
  #12 /var/www/html/inc/template.php(120): dokuwiki\Action\Admin->tplContent()
  #13 [internal function]: tpl_content_core()
  #14 /var/www/html/inc/Extension/Event.php(134): call_user_func_array()
  #15 /var/www/html/inc/Extension/Event.php(200): dokuwiki\Extension\Event->trigger()
  #16 /var/www/html/inc/template.php(102): dokuwiki\Extension\Event::createAndTrigger()
  #17 /var/www/html/lib/tpl/arcadebasic/main.php(119): tpl_content()
  #18 /var/www/html/inc/actions.php(30): include('...')
  #19 /var/www/html/doku.php(131): act_dispatch()
  #20 {main}
2025-03-02 11:06:47	/var/www/html/inc/Extension/PluginController.php(110)	E_WARNING: Undefined array key "base"
  #0 /var/www/html/inc/Extension/PluginController.php(110): dokuwiki\ErrorHandler::errorHandler()
  #1 /var/www/html/inc/pluginutils.php(55): dokuwiki\Extension\PluginController->load()
  #2 /var/www/html/inc/parserutils.php(578): plugin_load()
  #3 /var/www/html/inc/parserutils.php(222): p_get_parsermodes()
  #4 /var/www/html/inc/parserutils.php(198): p_get_instructions()
  #5 /var/www/html/inc/parserutils.php(520): p_cached_instructions()
  #6 /var/www/html/inc/parserutils.php(299): p_render_metadata()
  #7 /var/www/html/inc/common.php(264): p_get_metadata()
  #8 /var/www/html/doku.php(101): pageinfo()
  #9 {main}
2025-03-02 11:06:47	/var/www/html/lib/plugins/toctweak/helper.php(37)	E_WARNING: Undefined array key 1
  #0 /var/www/html/lib/plugins/toctweak/helper.php(37): dokuwiki\ErrorHandler::errorHandler()
  #1 /var/www/html/lib/plugins/toctweak/syntax/autotoc.php(51): helper_plugin_toctweak->parse()
  #2 /var/www/html/inc/parser/handler.php(298): syntax_plugin_toctweak_autotoc->handle()
  #3 /var/www/html/inc/Parsing/Lexer/Lexer.php(269): Doku_Handler->plugin()
  #4 /var/www/html/inc/Parsing/Lexer/Lexer.php(196): dokuwiki\Parsing\Lexer\Lexer->invokeHandler()
  #5 /var/www/html/inc/Parsing/Lexer/Lexer.php(146): dokuwiki\Parsing\Lexer\Lexer->dispatchTokens()
  #6 /var/www/html/inc/Parsing/Parser.php(113): dokuwiki\Parsing\Lexer\Lexer->parse()
  #7 /var/www/html/inc/parserutils.php(234): dokuwiki\Parsing\Parser->parse()
  #8 /var/www/html/inc/parserutils.php(198): p_get_instructions()
  #9 /var/www/html/inc/parserutils.php(520): p_cached_instructions()
  #10 /var/www/html/inc/parserutils.php(299): p_render_metadata()
  #11 /var/www/html/inc/common.php(264): p_get_metadata()
  #12 /var/www/html/doku.php(101): pageinfo()
  #13 {main}
2025-03-02 11:06:47	/var/www/html/lib/plugins/toctweak/helper.php(38)	E_WARNING: Undefined array key 1
  #0 /var/www/html/lib/plugins/toctweak/helper.php(38): dokuwiki\ErrorHandler::errorHandler()
  #1 /var/www/html/lib/plugins/toctweak/syntax/autotoc.php(51): helper_plugin_toctweak->parse()
  #2 /var/www/html/inc/parser/handler.php(298): syntax_plugin_toctweak_autotoc->handle()
  #3 /var/www/html/inc/Parsing/Lexer/Lexer.php(269): Doku_Handler->plugin()
  #4 /var/www/html/inc/Parsing/Lexer/Lexer.php(196): dokuwiki\Parsing\Lexer\Lexer->invokeHandler()
  #5 /var/www/html/inc/Parsing/Lexer/Lexer.php(146): dokuwiki\Parsing\Lexer\Lexer->dispatchTokens()
  #6 /var/www/html/inc/Parsing/Parser.php(113): dokuwiki\Parsing\Lexer\Lexer->parse()
  #7 /var/www/html/inc/parserutils.php(234): dokuwiki\Parsing\Parser->parse()
  #8 /var/www/html/inc/parserutils.php(198): p_get_instructions()
  #9 /var/www/html/inc/parserutils.php(520): p_cached_instructions()
  #10 /var/www/html/inc/parserutils.php(299): p_render_metadata()
  #11 /var/www/html/inc/common.php(264): p_get_metadata()
  #12 /var/www/html/doku.php(101): pageinfo()
  #13 {main}
2025-03-02 11:06:47	/var/www/html/lib/plugins/toctweak/helper.php(85)	E_WARNING: Undefined variable $topLv
  #0 /var/www/html/lib/plugins/toctweak/helper.php(85): dokuwiki\ErrorHandler::errorHandler()
  #1 /var/www/html/lib/plugins/toctweak/syntax/autotoc.php(51): helper_plugin_toctweak->parse()
  #2 /var/www/html/inc/parser/handler.php(298): syntax_plugin_toctweak_autotoc->handle()
  #3 /var/www/html/inc/Parsing/Lexer/Lexer.php(269): Doku_Handler->plugin()
  #4 /var/www/html/inc/Parsing/Lexer/Lexer.php(196): dokuwiki\Parsing\Lexer\Lexer->invokeHandler()
  #5 /var/www/html/inc/Parsing/Lexer/Lexer.php(146): dokuwiki\Parsing\Lexer\Lexer->dispatchTokens()
  #6 /var/www/html/inc/Parsing/Parser.php(113): dokuwiki\Parsing\Lexer\Lexer->parse()
  #7 /var/www/html/inc/parserutils.php(234): dokuwiki\Parsing\Parser->parse()
  #8 /var/www/html/inc/parserutils.php(198): p_get_instructions()
  #9 /var/www/html/inc/parserutils.php(520): p_cached_instructions()
  #10 /var/www/html/inc/parserutils.php(299): p_render_metadata()
  #11 /var/www/html/inc/common.php(264): p_get_metadata()
  #12 /var/www/html/doku.php(101): pageinfo()
  #13 {main}
2025-03-02 11:06:47	/var/www/html/lib/plugins/toctweak/helper.php(85)	E_WARNING: Undefined variable $maxLv
  #0 /var/www/html/lib/plugins/toctweak/helper.php(85): dokuwiki\ErrorHandler::errorHandler()
  #1 /var/www/html/lib/plugins/toctweak/syntax/autotoc.php(51): helper_plugin_toctweak->parse()
  #2 /var/www/html/inc/parser/handler.php(298): syntax_plugin_toctweak_autotoc->handle()
  #3 /var/www/html/inc/Parsing/Lexer/Lexer.php(269): Doku_Handler->plugin()
  #4 /var/www/html/inc/Parsing/Lexer/Lexer.php(196): dokuwiki\Parsing\Lexer\Lexer->invokeHandler()
  #5 /var/www/html/inc/Parsing/Lexer/Lexer.php(146): dokuwiki\Parsing\Lexer\Lexer->dispatchTokens()
  #6 /var/www/html/inc/Parsing/Parser.php(113): dokuwiki\Parsing\Lexer\Lexer->parse()
  #7 /var/www/html/inc/parserutils.php(234): dokuwiki\Parsing\Parser->parse()
  #8 /var/www/html/inc/parserutils.php(198): p_get_instructions()
  #9 /var/www/html/inc/parserutils.php(520): p_cached_instructions()
  #10 /var/www/html/inc/parserutils.php(299): p_render_metadata()
  #11 /var/www/html/inc/common.php(264): p_get_metadata()
  #12 /var/www/html/doku.php(101): pageinfo()
  #13 {main}
2025-03-02 11:07:21	/var/www/html/inc/Extension/PluginController.php(110)	E_WARNING: Undefined array key "base"
  #0 /var/www/html/inc/Extension/PluginController.php(110): dokuwiki\ErrorHandler::errorHandler()
  #1 /var/www/html/inc/pluginutils.php(55): dokuwiki\Extension\PluginController->load()
  #2 /var/www/html/inc/parserutils.php(578): plugin_load()
  #3 /var/www/html/inc/parserutils.php(222): p_get_parsermodes()
  #4 /var/www/html/inc/parserutils.php(198): p_get_instructions()
  #5 /var/www/html/inc/parserutils.php(520): p_cached_instructions()
  #6 /var/www/html/inc/parserutils.php(299): p_render_metadata()
  #7 /var/www/html/inc/common.php(264): p_get_metadata()
  #8 /var/www/html/doku.php(101): pageinfo()
  #9 {main}
2025-03-02 11:07:21	/var/www/html/lib/plugins/toctweak/helper.php(37)	E_WARNING: Undefined array key 1
  #0 /var/www/html/lib/plugins/toctweak/helper.php(37): dokuwiki\ErrorHandler::errorHandler()
  #1 /var/www/html/lib/plugins/toctweak/syntax/autotoc.php(51): helper_plugin_toctweak->parse()
  #2 /var/www/html/inc/parser/handler.php(298): syntax_plugin_toctweak_autotoc->handle()
  #3 /var/www/html/inc/Parsing/Lexer/Lexer.php(269): Doku_Handler->plugin()
  #4 /var/www/html/inc/Parsing/Lexer/Lexer.php(196): dokuwiki\Parsing\Lexer\Lexer->invokeHandler()
  #5 /var/www/html/inc/Parsing/Lexer/Lexer.php(146): dokuwiki\Parsing\Lexer\Lexer->dispatchTokens()
  #6 /var/www/html/inc/Parsing/Parser.php(113): dokuwiki\Parsing\Lexer\Lexer->parse()
  #7 /var/www/html/inc/parserutils.php(234): dokuwiki\Parsing\Parser->parse()
  #8 /var/www/html/inc/parserutils.php(198): p_get_instructions()
  #9 /var/www/html/inc/parserutils.php(520): p_cached_instructions()
  #10 /var/www/html/inc/parserutils.php(299): p_render_metadata()
  #11 /var/www/html/inc/common.php(264): p_get_metadata()
  #12 /var/www/html/doku.php(101): pageinfo()
  #13 {main}
2025-03-02 11:07:21	/var/www/html/lib/plugins/toctweak/helper.php(38)	E_WARNING: Undefined array key 1
  #0 /var/www/html/lib/plugins/toctweak/helper.php(38): dokuwiki\ErrorHandler::errorHandler()
  #1 /var/www/html/lib/plugins/toctweak/syntax/autotoc.php(51): helper_plugin_toctweak->parse()
  #2 /var/www/html/inc/parser/handler.php(298): syntax_plugin_toctweak_autotoc->handle()
  #3 /var/www/html/inc/Parsing/Lexer/Lexer.php(269): Doku_Handler->plugin()
  #4 /var/www/html/inc/Parsing/Lexer/Lexer.php(196): dokuwiki\Parsing\Lexer\Lexer->invokeHandler()
  #5 /var/www/html/inc/Parsing/Lexer/Lexer.php(146): dokuwiki\Parsing\Lexer\Lexer->dispatchTokens()
  #6 /var/www/html/inc/Parsing/Parser.php(113): dokuwiki\Parsing\Lexer\Lexer->parse()
  #7 /var/www/html/inc/parserutils.php(234): dokuwiki\Parsing\Parser->parse()
  #8 /var/www/html/inc/parserutils.php(198): p_get_instructions()
  #9 /var/www/html/inc/parserutils.php(520): p_cached_instructions()
  #10 /var/www/html/inc/parserutils.php(299): p_render_metadata()
  #11 /var/www/html/inc/common.php(264): p_get_metadata()
  #12 /var/www/html/doku.php(101): pageinfo()
  #13 {main}
2025-03-02 11:07:21	/var/www/html/lib/plugins/toctweak/helper.php(85)	E_WARNING: Undefined variable $topLv
  #0 /var/www/html/lib/plugins/toctweak/helper.php(85): dokuwiki\ErrorHandler::errorHandler()
  #1 /var/www/html/lib/plugins/toctweak/syntax/autotoc.php(51): helper_plugin_toctweak->parse()
  #2 /var/www/html/inc/parser/handler.php(298): syntax_plugin_toctweak_autotoc->handle()
  #3 /var/www/html/inc/Parsing/Lexer/Lexer.php(269): Doku_Handler->plugin()
  #4 /var/www/html/inc/Parsing/Lexer/Lexer.php(196): dokuwiki\Parsing\Lexer\Lexer->invokeHandler()
  #5 /var/www/html/inc/Parsing/Lexer/Lexer.php(146): dokuwiki\Parsing\Lexer\Lexer->dispatchTokens()
  #6 /var/www/html/inc/Parsing/Parser.php(113): dokuwiki\Parsing\Lexer\Lexer->parse()
  #7 /var/www/html/inc/parserutils.php(234): dokuwiki\Parsing\Parser->parse()
  #8 /var/www/html/inc/parserutils.php(198): p_get_instructions()
  #9 /var/www/html/inc/parserutils.php(520): p_cached_instructions()
  #10 /var/www/html/inc/parserutils.php(299): p_render_metadata()
  #11 /var/www/html/inc/common.php(264): p_get_metadata()
  #12 /var/www/html/doku.php(101): pageinfo()
  #13 {main}
2025-03-02 11:07:21	/var/www/html/lib/plugins/toctweak/helper.php(85)	E_WARNING: Undefined variable $maxLv
  #0 /var/www/html/lib/plugins/toctweak/helper.php(85): dokuwiki\ErrorHandler::errorHandler()
  #1 /var/www/html/lib/plugins/toctweak/syntax/autotoc.php(51): helper_plugin_toctweak->parse()
  #2 /var/www/html/inc/parser/handler.php(298): syntax_plugin_toctweak_autotoc->handle()
  #3 /var/www/html/inc/Parsing/Lexer/Lexer.php(269): Doku_Handler->plugin()
  #4 /var/www/html/inc/Parsing/Lexer/Lexer.php(196): dokuwiki\Parsing\Lexer\Lexer->invokeHandler()
  #5 /var/www/html/inc/Parsing/Lexer/Lexer.php(146): dokuwiki\Parsing\Lexer\Lexer->dispatchTokens()
  #6 /var/www/html/inc/Parsing/Parser.php(113): dokuwiki\Parsing\Lexer\Lexer->parse()
  #7 /var/www/html/inc/parserutils.php(234): dokuwiki\Parsing\Parser->parse()
  #8 /var/www/html/inc/parserutils.php(198): p_get_instructions()
  #9 /var/www/html/inc/parserutils.php(520): p_cached_instructions()
  #10 /var/www/html/inc/parserutils.php(299): p_render_metadata()
  #11 /var/www/html/inc/common.php(264): p_get_metadata()
  #12 /var/www/html/doku.php(101): pageinfo()
  #13 {main}
2025-03-02 11:08:41	/var/www/html/inc/Extension/PluginController.php(110)	E_WARNING: Undefined array key "base"
  #0 /var/www/html/inc/Extension/PluginController.php(110): dokuwiki\ErrorHandler::errorHandler()
  #1 /var/www/html/inc/pluginutils.php(55): dokuwiki\Extension\PluginController->load()
  #2 /var/www/html/inc/parserutils.php(578): plugin_load()
  #3 /var/www/html/inc/parserutils.php(222): p_get_parsermodes()
  #4 /var/www/html/inc/parserutils.php(198): p_get_instructions()
  #5 /var/www/html/inc/parserutils.php(158): p_cached_instructions()
  #6 /var/www/html/inc/parserutils.php(129): p_cached_output()
  #7 /var/www/html/inc/Ui/Admin.php(34): p_locale_xhtml()
  #8 /var/www/html/inc/template.php(208): dokuwiki\Ui\Admin->show()
  #9 /var/www/html/inc/Action/Admin.php(43): tpl_admin()
  #10 /var/www/html/inc/template.php(120): dokuwiki\Action\Admin->tplContent()
  #11 [internal function]: tpl_content_core()
  #12 /var/www/html/inc/Extension/Event.php(134): call_user_func_array()
  #13 /var/www/html/inc/Extension/Event.php(200): dokuwiki\Extension\Event->trigger()
  #14 /var/www/html/inc/template.php(102): dokuwiki\Extension\Event::createAndTrigger()
  #15 /var/www/html/lib/tpl/arcadebasic/main.php(119): tpl_content()
  #16 /var/www/html/inc/actions.php(30): include('...')
  #17 /var/www/html/doku.php(131): act_dispatch()
  #18 {main}
2025-03-02 11:08:47	/var/www/html/inc/Extension/PluginController.php(110)	E_WARNING: Undefined array key "base"
  #0 /var/www/html/inc/Extension/PluginController.php(110): dokuwiki\ErrorHandler::errorHandler()
  #1 /var/www/html/inc/pluginutils.php(55): dokuwiki\Extension\PluginController->load()
  #2 /var/www/html/inc/parserutils.php(578): plugin_load()
  #3 /var/www/html/inc/parserutils.php(222): p_get_parsermodes()
  #4 /var/www/html/inc/parserutils.php(198): p_get_instructions()
  #5 /var/www/html/inc/parserutils.php(158): p_cached_instructions()
  #6 /var/www/html/inc/Extension/PluginTrait.php(125): p_cached_output()
  #7 /var/www/html/lib/plugins/extension/GuiAdmin.php(63): dokuwiki\Extension\Plugin->locale_xhtml()
  #8 /var/www/html/lib/plugins/extension/GuiAdmin.php(27): dokuwiki\plugin\extension\GuiAdmin->tabPlugins()
  #9 /var/www/html/lib/plugins/extension/admin.php(100): dokuwiki\plugin\extension\GuiAdmin->render()
  #10 /var/www/html/inc/template.php(205): admin_plugin_extension->html()
  #11 /var/www/html/inc/Action/Admin.php(43): tpl_admin()
  #12 /var/www/html/inc/template.php(120): dokuwiki\Action\Admin->tplContent()
  #13 [internal function]: tpl_content_core()
  #14 /var/www/html/inc/Extension/Event.php(134): call_user_func_array()
  #15 /var/www/html/inc/Extension/Event.php(200): dokuwiki\Extension\Event->trigger()
  #16 /var/www/html/inc/template.php(102): dokuwiki\Extension\Event::createAndTrigger()
  #17 /var/www/html/lib/tpl/arcadebasic/main.php(119): tpl_content()
  #18 /var/www/html/inc/actions.php(30): include('...')
  #19 /var/www/html/doku.php(131): act_dispatch()
  #20 {main}
2025-03-02 11:09:06	/var/www/html/inc/Extension/PluginController.php(110)	E_WARNING: Undefined array key "base"
  #0 /var/www/html/inc/Extension/PluginController.php(110): dokuwiki\ErrorHandler::errorHandler()
  #1 /var/www/html/inc/pluginutils.php(55): dokuwiki\Extension\PluginController->load()
  #2 /var/www/html/inc/parserutils.php(578): plugin_load()
  #3 /var/www/html/inc/parserutils.php(222): p_get_parsermodes()
  #4 /var/www/html/inc/parserutils.php(198): p_get_instructions()
  #5 /var/www/html/inc/parserutils.php(158): p_cached_instructions()
  #6 /var/www/html/inc/Extension/PluginTrait.php(125): p_cached_output()
  #7 /var/www/html/lib/plugins/config/admin.php(83): dokuwiki\Extension\Plugin->locale_xhtml()
  #8 /var/www/html/inc/template.php(205): admin_plugin_config->html()
  #9 /var/www/html/inc/Action/Admin.php(43): tpl_admin()
  #10 /var/www/html/inc/template.php(120): dokuwiki\Action\Admin->tplContent()
  #11 [internal function]: tpl_content_core()
  #12 /var/www/html/inc/Extension/Event.php(134): call_user_func_array()
  #13 /var/www/html/inc/Extension/Event.php(200): dokuwiki\Extension\Event->trigger()
  #14 /var/www/html/inc/template.php(102): dokuwiki\Extension\Event::createAndTrigger()
  #15 /var/www/html/lib/tpl/arcadebasic/main.php(119): tpl_content()
  #16 /var/www/html/inc/actions.php(30): include('...')
  #17 /var/www/html/doku.php(131): act_dispatch()
  #18 {main}
2025-03-02 11:10:21	/var/www/html/inc/Extension/PluginController.php(110)	E_WARNING: Undefined array key "base"
  #0 /var/www/html/inc/Extension/PluginController.php(110): dokuwiki\ErrorHandler::errorHandler()
  #1 /var/www/html/inc/pluginutils.php(55): dokuwiki\Extension\PluginController->load()
  #2 /var/www/html/inc/parserutils.php(578): plugin_load()
  #3 /var/www/html/inc/parserutils.php(222): p_get_parsermodes()
  #4 /var/www/html/inc/parserutils.php(198): p_get_instructions()
  #5 /var/www/html/inc/parserutils.php(520): p_cached_instructions()
  #6 /var/www/html/inc/parserutils.php(299): p_render_metadata()
  #7 /var/www/html/inc/Cache/CacheRenderer.php(79): p_get_metadata()
  #8 /var/www/html/inc/Cache/Cache.php(79): dokuwiki\Cache\CacheRenderer->addDependencies()
  #9 /var/www/html/inc/parserutils.php(152): dokuwiki\Cache\Cache->useCache()
  #10 /var/www/html/inc/parserutils.php(97): p_cached_output()
  #11 /var/www/html/inc/template.php(1679): p_wiki_xhtml()
  #12 /var/www/html/lib/tpl/arcadebasic/main.php(143): tpl_include_page()
  #13 /var/www/html/inc/actions.php(30): include('...')
  #14 /var/www/html/doku.php(131): act_dispatch()
  #15 {main}
2025-03-02 11:10:21	/var/www/html/lib/plugins/toctweak/helper.php(37)	E_WARNING: Undefined array key 1
  #0 /var/www/html/lib/plugins/toctweak/helper.php(37): dokuwiki\ErrorHandler::errorHandler()
  #1 /var/www/html/lib/plugins/toctweak/syntax/metatoc.php(52): helper_plugin_toctweak->parse()
  #2 /var/www/html/lib/plugins/toctweak/syntax/sidetoc.php(32): syntax_plugin_toctweak_metatoc->handle()
  #3 /var/www/html/inc/parser/handler.php(298): syntax_plugin_toctweak_sidetoc->handle()
  #4 /var/www/html/inc/Parsing/Lexer/Lexer.php(269): Doku_Handler->plugin()
  #5 /var/www/html/inc/Parsing/Lexer/Lexer.php(196): dokuwiki\Parsing\Lexer\Lexer->invokeHandler()
  #6 /var/www/html/inc/Parsing/Lexer/Lexer.php(146): dokuwiki\Parsing\Lexer\Lexer->dispatchTokens()
  #7 /var/www/html/inc/Parsing/Parser.php(113): dokuwiki\Parsing\Lexer\Lexer->parse()
  #8 /var/www/html/inc/parserutils.php(234): dokuwiki\Parsing\Parser->parse()
  #9 /var/www/html/inc/parserutils.php(198): p_get_instructions()
  #10 /var/www/html/inc/parserutils.php(520): p_cached_instructions()
  #11 /var/www/html/inc/parserutils.php(299): p_render_metadata()
  #12 /var/www/html/inc/Cache/CacheRenderer.php(79): p_get_metadata()
  #13 /var/www/html/inc/Cache/Cache.php(79): dokuwiki\Cache\CacheRenderer->addDependencies()
  #14 /var/www/html/inc/parserutils.php(152): dokuwiki\Cache\Cache->useCache()
  #15 /var/www/html/inc/parserutils.php(97): p_cached_output()
  #16 /var/www/html/inc/template.php(1679): p_wiki_xhtml()
  #17 /var/www/html/lib/tpl/arcadebasic/main.php(143): tpl_include_page()
  #18 /var/www/html/inc/actions.php(30): include('...')
  #19 /var/www/html/doku.php(131): act_dispatch()
  #20 {main}
2025-03-02 11:10:21	/var/www/html/lib/plugins/toctweak/helper.php(38)	E_WARNING: Undefined array key 1
  #0 /var/www/html/lib/plugins/toctweak/helper.php(38): dokuwiki\ErrorHandler::errorHandler()
  #1 /var/www/html/lib/plugins/toctweak/syntax/metatoc.php(52): helper_plugin_toctweak->parse()
  #2 /var/www/html/lib/plugins/toctweak/syntax/sidetoc.php(32): syntax_plugin_toctweak_metatoc->handle()
  #3 /var/www/html/inc/parser/handler.php(298): syntax_plugin_toctweak_sidetoc->handle()
  #4 /var/www/html/inc/Parsing/Lexer/Lexer.php(269): Doku_Handler->plugin()
  #5 /var/www/html/inc/Parsing/Lexer/Lexer.php(196): dokuwiki\Parsing\Lexer\Lexer->invokeHandler()
  #6 /var/www/html/inc/Parsing/Lexer/Lexer.php(146): dokuwiki\Parsing\Lexer\Lexer->dispatchTokens()
  #7 /var/www/html/inc/Parsing/Parser.php(113): dokuwiki\Parsing\Lexer\Lexer->parse()
  #8 /var/www/html/inc/parserutils.php(234): dokuwiki\Parsing\Parser->parse()
  #9 /var/www/html/inc/parserutils.php(198): p_get_instructions()
  #10 /var/www/html/inc/parserutils.php(520): p_cached_instructions()
  #11 /var/www/html/inc/parserutils.php(299): p_render_metadata()
  #12 /var/www/html/inc/Cache/CacheRenderer.php(79): p_get_metadata()
  #13 /var/www/html/inc/Cache/Cache.php(79): dokuwiki\Cache\CacheRenderer->addDependencies()
  #14 /var/www/html/inc/parserutils.php(152): dokuwiki\Cache\Cache->useCache()
  #15 /var/www/html/inc/parserutils.php(97): p_cached_output()
  #16 /var/www/html/inc/template.php(1679): p_wiki_xhtml()
  #17 /var/www/html/lib/tpl/arcadebasic/main.php(143): tpl_include_page()
  #18 /var/www/html/inc/actions.php(30): include('...')
  #19 /var/www/html/doku.php(131): act_dispatch()
  #20 {main}
2025-03-02 11:10:21	/var/www/html/lib/plugins/toctweak/helper.php(85)	E_WARNING: Undefined variable $topLv
  #0 /var/www/html/lib/plugins/toctweak/helper.php(85): dokuwiki\ErrorHandler::errorHandler()
  #1 /var/www/html/lib/plugins/toctweak/syntax/metatoc.php(52): helper_plugin_toctweak->parse()
  #2 /var/www/html/lib/plugins/toctweak/syntax/sidetoc.php(32): syntax_plugin_toctweak_metatoc->handle()
  #3 /var/www/html/inc/parser/handler.php(298): syntax_plugin_toctweak_sidetoc->handle()
  #4 /var/www/html/inc/Parsing/Lexer/Lexer.php(269): Doku_Handler->plugin()
  #5 /var/www/html/inc/Parsing/Lexer/Lexer.php(196): dokuwiki\Parsing\Lexer\Lexer->invokeHandler()
  #6 /var/www/html/inc/Parsing/Lexer/Lexer.php(146): dokuwiki\Parsing\Lexer\Lexer->dispatchTokens()
  #7 /var/www/html/inc/Parsing/Parser.php(113): dokuwiki\Parsing\Lexer\Lexer->parse()
  #8 /var/www/html/inc/parserutils.php(234): dokuwiki\Parsing\Parser->parse()
  #9 /var/www/html/inc/parserutils.php(198): p_get_instructions()
  #10 /var/www/html/inc/parserutils.php(520): p_cached_instructions()
  #11 /var/www/html/inc/parserutils.php(299): p_render_metadata()
  #12 /var/www/html/inc/Cache/CacheRenderer.php(79): p_get_metadata()
  #13 /var/www/html/inc/Cache/Cache.php(79): dokuwiki\Cache\CacheRenderer->addDependencies()
  #14 /var/www/html/inc/parserutils.php(152): dokuwiki\Cache\Cache->useCache()
  #15 /var/www/html/inc/parserutils.php(97): p_cached_output()
  #16 /var/www/html/inc/template.php(1679): p_wiki_xhtml()
  #17 /var/www/html/lib/tpl/arcadebasic/main.php(143): tpl_include_page()
  #18 /var/www/html/inc/actions.php(30): include('...')
  #19 /var/www/html/doku.php(131): act_dispatch()
  #20 {main}
2025-03-02 11:10:21	/var/www/html/lib/plugins/toctweak/helper.php(85)	E_WARNING: Undefined variable $maxLv
  #0 /var/www/html/lib/plugins/toctweak/helper.php(85): dokuwiki\ErrorHandler::errorHandler()
  #1 /var/www/html/lib/plugins/toctweak/syntax/metatoc.php(52): helper_plugin_toctweak->parse()
  #2 /var/www/html/lib/plugins/toctweak/syntax/sidetoc.php(32): syntax_plugin_toctweak_metatoc->handle()
  #3 /var/www/html/inc/parser/handler.php(298): syntax_plugin_toctweak_sidetoc->handle()
  #4 /var/www/html/inc/Parsing/Lexer/Lexer.php(269): Doku_Handler->plugin()
  #5 /var/www/html/inc/Parsing/Lexer/Lexer.php(196): dokuwiki\Parsing\Lexer\Lexer->invokeHandler()
  #6 /var/www/html/inc/Parsing/Lexer/Lexer.php(146): dokuwiki\Parsing\Lexer\Lexer->dispatchTokens()
  #7 /var/www/html/inc/Parsing/Parser.php(113): dokuwiki\Parsing\Lexer\Lexer->parse()
  #8 /var/www/html/inc/parserutils.php(234): dokuwiki\Parsing\Parser->parse()
  #9 /var/www/html/inc/parserutils.php(198): p_get_instructions()
  #10 /var/www/html/inc/parserutils.php(520): p_cached_instructions()
  #11 /var/www/html/inc/parserutils.php(299): p_render_metadata()
  #12 /var/www/html/inc/Cache/CacheRenderer.php(79): p_get_metadata()
  #13 /var/www/html/inc/Cache/Cache.php(79): dokuwiki\Cache\CacheRenderer->addDependencies()
  #14 /var/www/html/inc/parserutils.php(152): dokuwiki\Cache\Cache->useCache()
  #15 /var/www/html/inc/parserutils.php(97): p_cached_output()
  #16 /var/www/html/inc/template.php(1679): p_wiki_xhtml()
  #17 /var/www/html/lib/tpl/arcadebasic/main.php(143): tpl_include_page()
  #18 /var/www/html/inc/actions.php(30): include('...')
  #19 /var/www/html/doku.php(131): act_dispatch()
  #20 {main}
2025-03-02 11:10:21	/var/www/html/lib/plugins/toctweak/syntax/sidetoc.php(73)	E_WARNING: Undefined variable $section
  #0 /var/www/html/lib/plugins/toctweak/syntax/sidetoc.php(73): dokuwiki\ErrorHandler::errorHandler()
  #1 /var/www/html/inc/parser/renderer.php(126): syntax_plugin_toctweak_sidetoc->render()
  #2 /var/www/html/inc/parserutils.php(691): Doku_Renderer->plugin()
  #3 /var/www/html/inc/parserutils.php(158): p_render()
  #4 /var/www/html/inc/parserutils.php(97): p_cached_output()
  #5 /var/www/html/inc/template.php(1679): p_wiki_xhtml()
  #6 /var/www/html/lib/tpl/arcadebasic/main.php(143): tpl_include_page()
  #7 /var/www/html/inc/actions.php(30): include('...')
  #8 /var/www/html/doku.php(131): act_dispatch()
  #9 {main}
2025-03-02 11:24:46	/var/www/html/lib/plugins/toctweak/syntax/sidetoc.php(73)	E_WARNING: Undefined variable $section
  #0 /var/www/html/lib/plugins/toctweak/syntax/sidetoc.php(73): dokuwiki\ErrorHandler::errorHandler()
  #1 /var/www/html/inc/parser/renderer.php(126): syntax_plugin_toctweak_sidetoc->render()
  #2 /var/www/html/inc/parserutils.php(691): Doku_Renderer->plugin()
  #3 /var/www/html/inc/parserutils.php(158): p_render()
  #4 /var/www/html/inc/parserutils.php(97): p_cached_output()
  #5 /var/www/html/inc/template.php(1679): p_wiki_xhtml()
  #6 /var/www/html/lib/tpl/arcadebasic/main.php(143): tpl_include_page()
  #7 /var/www/html/inc/actions.php(30): include('...')
  #8 /var/www/html/doku.php(131): act_dispatch()
  #9 {main}
2025-03-02 11:24:46	/var/www/html/lib/plugins/toctweak/syntax/sidetoc.php(73)	E_WARNING: Undefined variable $section
  #0 /var/www/html/lib/plugins/toctweak/syntax/sidetoc.php(73): dokuwiki\ErrorHandler::errorHandler()
  #1 /var/www/html/inc/parser/renderer.php(126): syntax_plugin_toctweak_sidetoc->render()
  #2 /var/www/html/inc/parserutils.php(691): Doku_Renderer->plugin()
  #3 /var/www/html/inc/parserutils.php(158): p_render()
  #4 /var/www/html/inc/parserutils.php(97): p_cached_output()
  #5 /var/www/html/inc/template.php(1679): p_wiki_xhtml()
  #6 /var/www/html/lib/tpl/arcadebasic/main.php(143): tpl_include_page()
  #7 /var/www/html/inc/actions.php(30): include('...')
  #8 /var/www/html/doku.php(131): act_dispatch()
  #9 {main}
2025-03-02 11:24:50	/var/www/html/lib/plugins/toctweak/syntax/sidetoc.php(73)	E_WARNING: Undefined variable $section
  #0 /var/www/html/lib/plugins/toctweak/syntax/sidetoc.php(73): dokuwiki\ErrorHandler::errorHandler()
  #1 /var/www/html/inc/parser/renderer.php(126): syntax_plugin_toctweak_sidetoc->render()
  #2 /var/www/html/inc/parserutils.php(691): Doku_Renderer->plugin()
  #3 /var/www/html/inc/parserutils.php(158): p_render()
  #4 /var/www/html/inc/parserutils.php(97): p_cached_output()
  #5 /var/www/html/inc/template.php(1679): p_wiki_xhtml()
  #6 /var/www/html/lib/tpl/arcadebasic/main.php(143): tpl_include_page()
  #7 /var/www/html/inc/actions.php(30): include('...')
  #8 /var/www/html/doku.php(131): act_dispatch()
  #9 {main}
2025-03-02 11:54:26	/var/www/html/inc/infoutils.php(112)	E_WARNING: file_get_contents(/var/www/html/.git/packed-refs): Failed to open stream: No such file or directory
  #0 [internal function]: dokuwiki\ErrorHandler::errorHandler()
  #1 /var/www/html/inc/infoutils.php(112): file_get_contents()
  #2 /var/www/html/inc/infoutils.php(162): getVersionData()
  #3 /var/www/html/inc/Ui/Admin.php(73): getVersion()
  #4 /var/www/html/inc/Ui/Admin.php(39): dokuwiki\Ui\Admin->showVersion()
  #5 /var/www/html/inc/template.php(208): dokuwiki\Ui\Admin->show()
  #6 /var/www/html/inc/Action/Admin.php(43): tpl_admin()
  #7 /var/www/html/inc/template.php(120): dokuwiki\Action\Admin->tplContent()
  #8 [internal function]: tpl_content_core()
  #9 /var/www/html/inc/Extension/Event.php(134): call_user_func_array()
  #10 /var/www/html/inc/Extension/Event.php(200): dokuwiki\Extension\Event->trigger()
  #11 /var/www/html/inc/template.php(102): dokuwiki\Extension\Event::createAndTrigger()
  #12 /var/www/html/lib/tpl/arcadebasic/main.php(119): tpl_content()
  #13 /var/www/html/inc/actions.php(30): include('...')
  #14 /var/www/html/doku.php(131): act_dispatch()
  #15 {main}
2025-03-02 12:02:30	/var/www/html/lib/plugins/toctweak/syntax/sidetoc.php(73)	E_WARNING: Undefined variable $section
  #0 /var/www/html/lib/plugins/toctweak/syntax/sidetoc.php(73): dokuwiki\ErrorHandler::errorHandler()
  #1 /var/www/html/inc/parser/renderer.php(126): syntax_plugin_toctweak_sidetoc->render()
  #2 /var/www/html/inc/parserutils.php(691): Doku_Renderer->plugin()
  #3 /var/www/html/inc/parserutils.php(158): p_render()
  #4 /var/www/html/inc/parserutils.php(97): p_cached_output()
  #5 /var/www/html/inc/template.php(1679): p_wiki_xhtml()
  #6 /var/www/html/lib/tpl/arcadebasic/main.php(143): tpl_include_page()
  #7 /var/www/html/inc/actions.php(30): include('...')
  #8 /var/www/html/doku.php(131): act_dispatch()
  #9 {main}
2025-03-02 12:02:34	/var/www/html/inc/infoutils.php(112)	E_WARNING: file_get_contents(/var/www/html/.git/packed-refs): Failed to open stream: No such file or directory
  #0 [internal function]: dokuwiki\ErrorHandler::errorHandler()
  #1 /var/www/html/inc/infoutils.php(112): file_get_contents()
  #2 /var/www/html/inc/infoutils.php(162): getVersionData()
  #3 /var/www/html/inc/Ui/Admin.php(73): getVersion()
  #4 /var/www/html/inc/Ui/Admin.php(39): dokuwiki\Ui\Admin->showVersion()
  #5 /var/www/html/inc/template.php(208): dokuwiki\Ui\Admin->show()
  #6 /var/www/html/inc/Action/Admin.php(43): tpl_admin()
  #7 /var/www/html/inc/template.php(120): dokuwiki\Action\Admin->tplContent()
  #8 [internal function]: tpl_content_core()
  #9 /var/www/html/inc/Extension/Event.php(134): call_user_func_array()
  #10 /var/www/html/inc/Extension/Event.php(200): dokuwiki\Extension\Event->trigger()
  #11 /var/www/html/inc/template.php(102): dokuwiki\Extension\Event::createAndTrigger()
  #12 /var/www/html/lib/tpl/arcadebasic/main.php(119): tpl_content()
  #13 /var/www/html/inc/actions.php(30): include('...')
  #14 /var/www/html/doku.php(131): act_dispatch()
  #15 {main}
2025-03-02 12:02:41	/var/www/html/inc/infoutils.php(112)	E_WARNING: file_get_contents(/var/www/html/.git/packed-refs): Failed to open stream: No such file or directory
  #0 [internal function]: dokuwiki\ErrorHandler::errorHandler()
  #1 /var/www/html/inc/infoutils.php(112): file_get_contents()
  #2 /var/www/html/inc/infoutils.php(162): getVersionData()
  #3 /var/www/html/inc/Ui/Admin.php(73): getVersion()
  #4 /var/www/html/inc/Ui/Admin.php(39): dokuwiki\Ui\Admin->showVersion()
  #5 /var/www/html/inc/template.php(208): dokuwiki\Ui\Admin->show()
  #6 /var/www/html/inc/Action/Admin.php(43): tpl_admin()
  #7 /var/www/html/inc/template.php(120): dokuwiki\Action\Admin->tplContent()
  #8 [internal function]: tpl_content_core()
  #9 /var/www/html/inc/Extension/Event.php(134): call_user_func_array()
  #10 /var/www/html/inc/Extension/Event.php(200): dokuwiki\Extension\Event->trigger()
  #11 /var/www/html/inc/template.php(102): dokuwiki\Extension\Event::createAndTrigger()
  #12 /var/www/html/lib/tpl/arcadebasic/main.php(119): tpl_content()
  #13 /var/www/html/inc/actions.php(30): include('...')
  #14 /var/www/html/doku.php(131): act_dispatch()
  #15 {main}
2025-03-02 12:04:55	/var/www/html/inc/infoutils.php(112)	E_WARNING: file_get_contents(/var/www/html/.git/packed-refs): Failed to open stream: No such file or directory
  #0 [internal function]: dokuwiki\ErrorHandler::errorHandler()
  #1 /var/www/html/inc/infoutils.php(112): file_get_contents()
  #2 /var/www/html/inc/infoutils.php(162): getVersionData()
  #3 /var/www/html/inc/Ui/Admin.php(73): getVersion()
  #4 /var/www/html/inc/Ui/Admin.php(39): dokuwiki\Ui\Admin->showVersion()
  #5 /var/www/html/inc/template.php(208): dokuwiki\Ui\Admin->show()
  #6 /var/www/html/inc/Action/Admin.php(43): tpl_admin()
  #7 /var/www/html/inc/template.php(120): dokuwiki\Action\Admin->tplContent()
  #8 [internal function]: tpl_content_core()
  #9 /var/www/html/inc/Extension/Event.php(134): call_user_func_array()
  #10 /var/www/html/inc/Extension/Event.php(200): dokuwiki\Extension\Event->trigger()
  #11 /var/www/html/inc/template.php(102): dokuwiki\Extension\Event::createAndTrigger()
  #12 /var/www/html/lib/tpl/arcadebasic/main.php(119): tpl_content()
  #13 /var/www/html/inc/actions.php(30): include('...')
  #14 /var/www/html/doku.php(131): act_dispatch()
  #15 {main}
2025-03-02 12:04:58	/var/www/html/inc/Extension/PluginController.php(110)	E_WARNING: Undefined array key "base"
  #0 /var/www/html/inc/Extension/PluginController.php(110): dokuwiki\ErrorHandler::errorHandler()
  #1 /var/www/html/inc/pluginutils.php(55): dokuwiki\Extension\PluginController->load()
  #2 /var/www/html/inc/parserutils.php(578): plugin_load()
  #3 /var/www/html/inc/parserutils.php(222): p_get_parsermodes()
  #4 /var/www/html/inc/parserutils.php(198): p_get_instructions()
  #5 /var/www/html/inc/parserutils.php(158): p_cached_instructions()
  #6 /var/www/html/inc/Extension/PluginTrait.php(125): p_cached_output()
  #7 /var/www/html/lib/plugins/backup/admin.php(77): dokuwiki\Extension\Plugin->locale_xhtml()
  #8 /var/www/html/inc/template.php(205): admin_plugin_backup->html()
  #9 /var/www/html/inc/Action/Admin.php(43): tpl_admin()
  #10 /var/www/html/inc/template.php(120): dokuwiki\Action\Admin->tplContent()
  #11 [internal function]: tpl_content_core()
  #12 /var/www/html/inc/Extension/Event.php(134): call_user_func_array()
  #13 /var/www/html/inc/Extension/Event.php(200): dokuwiki\Extension\Event->trigger()
  #14 /var/www/html/inc/template.php(102): dokuwiki\Extension\Event::createAndTrigger()
  #15 /var/www/html/lib/tpl/arcadebasic/main.php(119): tpl_content()
  #16 /var/www/html/inc/actions.php(30): include('...')
  #17 /var/www/html/doku.php(131): act_dispatch()
  #18 {main}
2025-03-02 12:08:19	/var/www/html/lib/plugins/toctweak/syntax/sidetoc.php(73)	E_WARNING: Undefined variable $section
  #0 /var/www/html/lib/plugins/toctweak/syntax/sidetoc.php(73): dokuwiki\ErrorHandler::errorHandler()
  #1 /var/www/html/inc/parser/renderer.php(126): syntax_plugin_toctweak_sidetoc->render()
  #2 /var/www/html/inc/parserutils.php(691): Doku_Renderer->plugin()
  #3 /var/www/html/inc/parserutils.php(158): p_render()
  #4 /var/www/html/inc/parserutils.php(97): p_cached_output()
  #5 /var/www/html/inc/template.php(1679): p_wiki_xhtml()
  #6 /var/www/html/lib/tpl/arcadebasic/main.php(143): tpl_include_page()
  #7 /var/www/html/inc/actions.php(30): include('...')
  #8 /var/www/html/doku.php(131): act_dispatch()
  #9 {main}
2025-03-02 12:08:50	/var/www/html/lib/plugins/toctweak/syntax/sidetoc.php(73)	E_WARNING: Undefined variable $section
  #0 /var/www/html/lib/plugins/toctweak/syntax/sidetoc.php(73): dokuwiki\ErrorHandler::errorHandler()
  #1 /var/www/html/inc/parser/renderer.php(126): syntax_plugin_toctweak_sidetoc->render()
  #2 /var/www/html/inc/parserutils.php(691): Doku_Renderer->plugin()
  #3 /var/www/html/inc/parserutils.php(158): p_render()
  #4 /var/www/html/inc/parserutils.php(97): p_cached_output()
  #5 /var/www/html/inc/template.php(1679): p_wiki_xhtml()
  #6 /var/www/html/lib/tpl/arcadebasic/main.php(143): tpl_include_page()
  #7 /var/www/html/inc/actions.php(30): include('...')
  #8 /var/www/html/doku.php(131): act_dispatch()
  #9 {main}
2025-03-02 12:15:31	/var/www/html/inc/Extension/PluginController.php(110)	E_WARNING: Undefined array key "base"
  #0 /var/www/html/inc/Extension/PluginController.php(110): dokuwiki\ErrorHandler::errorHandler()
  #1 /var/www/html/inc/pluginutils.php(55): dokuwiki\Extension\PluginController->load()
  #2 /var/www/html/inc/parserutils.php(578): plugin_load()
  #3 /var/www/html/inc/parserutils.php(222): p_get_parsermodes()
  #4 /var/www/html/inc/parserutils.php(198): p_get_instructions()
  #5 /var/www/html/inc/parserutils.php(520): p_cached_instructions()
  #6 /var/www/html/inc/parserutils.php(299): p_render_metadata()
  #7 /var/www/html/inc/common.php(264): p_get_metadata()
  #8 /var/www/html/doku.php(101): pageinfo()
  #9 {main}
2025-03-02 12:15:31	/var/www/html/lib/plugins/toctweak/helper.php(37)	E_WARNING: Undefined array key 1
  #0 /var/www/html/lib/plugins/toctweak/helper.php(37): dokuwiki\ErrorHandler::errorHandler()
  #1 /var/www/html/lib/plugins/toctweak/syntax/autotoc.php(51): helper_plugin_toctweak->parse()
  #2 /var/www/html/inc/parser/handler.php(298): syntax_plugin_toctweak_autotoc->handle()
  #3 /var/www/html/inc/Parsing/Lexer/Lexer.php(269): Doku_Handler->plugin()
  #4 /var/www/html/inc/Parsing/Lexer/Lexer.php(196): dokuwiki\Parsing\Lexer\Lexer->invokeHandler()
  #5 /var/www/html/inc/Parsing/Lexer/Lexer.php(146): dokuwiki\Parsing\Lexer\Lexer->dispatchTokens()
  #6 /var/www/html/inc/Parsing/Parser.php(113): dokuwiki\Parsing\Lexer\Lexer->parse()
  #7 /var/www/html/inc/parserutils.php(234): dokuwiki\Parsing\Parser->parse()
  #8 /var/www/html/inc/parserutils.php(198): p_get_instructions()
  #9 /var/www/html/inc/parserutils.php(520): p_cached_instructions()
  #10 /var/www/html/inc/parserutils.php(299): p_render_metadata()
  #11 /var/www/html/inc/common.php(264): p_get_metadata()
  #12 /var/www/html/doku.php(101): pageinfo()
  #13 {main}
2025-03-02 12:15:31	/var/www/html/lib/plugins/toctweak/helper.php(38)	E_WARNING: Undefined array key 1
  #0 /var/www/html/lib/plugins/toctweak/helper.php(38): dokuwiki\ErrorHandler::errorHandler()
  #1 /var/www/html/lib/plugins/toctweak/syntax/autotoc.php(51): helper_plugin_toctweak->parse()
  #2 /var/www/html/inc/parser/handler.php(298): syntax_plugin_toctweak_autotoc->handle()
  #3 /var/www/html/inc/Parsing/Lexer/Lexer.php(269): Doku_Handler->plugin()
  #4 /var/www/html/inc/Parsing/Lexer/Lexer.php(196): dokuwiki\Parsing\Lexer\Lexer->invokeHandler()
  #5 /var/www/html/inc/Parsing/Lexer/Lexer.php(146): dokuwiki\Parsing\Lexer\Lexer->dispatchTokens()
  #6 /var/www/html/inc/Parsing/Parser.php(113): dokuwiki\Parsing\Lexer\Lexer->parse()
  #7 /var/www/html/inc/parserutils.php(234): dokuwiki\Parsing\Parser->parse()
  #8 /var/www/html/inc/parserutils.php(198): p_get_instructions()
  #9 /var/www/html/inc/parserutils.php(520): p_cached_instructions()
  #10 /var/www/html/inc/parserutils.php(299): p_render_metadata()
  #11 /var/www/html/inc/common.php(264): p_get_metadata()
  #12 /var/www/html/doku.php(101): pageinfo()
  #13 {main}
2025-03-02 12:15:31	/var/www/html/lib/plugins/toctweak/helper.php(85)	E_WARNING: Undefined variable $topLv
  #0 /var/www/html/lib/plugins/toctweak/helper.php(85): dokuwiki\ErrorHandler::errorHandler()
  #1 /var/www/html/lib/plugins/toctweak/syntax/autotoc.php(51): helper_plugin_toctweak->parse()
  #2 /var/www/html/inc/parser/handler.php(298): syntax_plugin_toctweak_autotoc->handle()
  #3 /var/www/html/inc/Parsing/Lexer/Lexer.php(269): Doku_Handler->plugin()
  #4 /var/www/html/inc/Parsing/Lexer/Lexer.php(196): dokuwiki\Parsing\Lexer\Lexer->invokeHandler()
  #5 /var/www/html/inc/Parsing/Lexer/Lexer.php(146): dokuwiki\Parsing\Lexer\Lexer->dispatchTokens()
  #6 /var/www/html/inc/Parsing/Parser.php(113): dokuwiki\Parsing\Lexer\Lexer->parse()
  #7 /var/www/html/inc/parserutils.php(234): dokuwiki\Parsing\Parser->parse()
  #8 /var/www/html/inc/parserutils.php(198): p_get_instructions()
  #9 /var/www/html/inc/parserutils.php(520): p_cached_instructions()
  #10 /var/www/html/inc/parserutils.php(299): p_render_metadata()
  #11 /var/www/html/inc/common.php(264): p_get_metadata()
  #12 /var/www/html/doku.php(101): pageinfo()
  #13 {main}
2025-03-02 12:15:31	/var/www/html/lib/plugins/toctweak/helper.php(85)	E_WARNING: Undefined variable $maxLv
  #0 /var/www/html/lib/plugins/toctweak/helper.php(85): dokuwiki\ErrorHandler::errorHandler()
  #1 /var/www/html/lib/plugins/toctweak/syntax/autotoc.php(51): helper_plugin_toctweak->parse()
  #2 /var/www/html/inc/parser/handler.php(298): syntax_plugin_toctweak_autotoc->handle()
  #3 /var/www/html/inc/Parsing/Lexer/Lexer.php(269): Doku_Handler->plugin()
  #4 /var/www/html/inc/Parsing/Lexer/Lexer.php(196): dokuwiki\Parsing\Lexer\Lexer->invokeHandler()
  #5 /var/www/html/inc/Parsing/Lexer/Lexer.php(146): dokuwiki\Parsing\Lexer\Lexer->dispatchTokens()
  #6 /var/www/html/inc/Parsing/Parser.php(113): dokuwiki\Parsing\Lexer\Lexer->parse()
  #7 /var/www/html/inc/parserutils.php(234): dokuwiki\Parsing\Parser->parse()
  #8 /var/www/html/inc/parserutils.php(198): p_get_instructions()
  #9 /var/www/html/inc/parserutils.php(520): p_cached_instructions()
  #10 /var/www/html/inc/parserutils.php(299): p_render_metadata()
  #11 /var/www/html/inc/common.php(264): p_get_metadata()
  #12 /var/www/html/doku.php(101): pageinfo()
  #13 {main}
2025-03-02 12:15:31	/var/www/html/lib/plugins/toctweak/helper.php(37)	E_WARNING: Undefined array key 1
  #0 /var/www/html/lib/plugins/toctweak/helper.php(37): dokuwiki\ErrorHandler::errorHandler()
  #1 /var/www/html/lib/plugins/toctweak/syntax/metatoc.php(52): helper_plugin_toctweak->parse()
  #2 /var/www/html/lib/plugins/toctweak/syntax/sidetoc.php(32): syntax_plugin_toctweak_metatoc->handle()
  #3 /var/www/html/inc/parser/handler.php(298): syntax_plugin_toctweak_sidetoc->handle()
  #4 /var/www/html/inc/Parsing/Lexer/Lexer.php(269): Doku_Handler->plugin()
  #5 /var/www/html/inc/Parsing/Lexer/Lexer.php(196): dokuwiki\Parsing\Lexer\Lexer->invokeHandler()
  #6 /var/www/html/inc/Parsing/Lexer/Lexer.php(146): dokuwiki\Parsing\Lexer\Lexer->dispatchTokens()
  #7 /var/www/html/inc/Parsing/Parser.php(113): dokuwiki\Parsing\Lexer\Lexer->parse()
  #8 /var/www/html/inc/parserutils.php(234): dokuwiki\Parsing\Parser->parse()
  #9 /var/www/html/inc/parserutils.php(198): p_get_instructions()
  #10 /var/www/html/inc/parserutils.php(520): p_cached_instructions()
  #11 /var/www/html/inc/parserutils.php(299): p_render_metadata()
  #12 /var/www/html/inc/Cache/CacheRenderer.php(79): p_get_metadata()
  #13 /var/www/html/inc/Cache/Cache.php(79): dokuwiki\Cache\CacheRenderer->addDependencies()
  #14 /var/www/html/inc/parserutils.php(152): dokuwiki\Cache\Cache->useCache()
  #15 /var/www/html/inc/parserutils.php(97): p_cached_output()
  #16 /var/www/html/inc/template.php(1679): p_wiki_xhtml()
  #17 /var/www/html/lib/tpl/arcadebasic/main.php(143): tpl_include_page()
  #18 /var/www/html/inc/actions.php(30): include('...')
  #19 /var/www/html/doku.php(131): act_dispatch()
  #20 {main}
2025-03-02 12:15:31	/var/www/html/lib/plugins/toctweak/helper.php(38)	E_WARNING: Undefined array key 1
  #0 /var/www/html/lib/plugins/toctweak/helper.php(38): dokuwiki\ErrorHandler::errorHandler()
  #1 /var/www/html/lib/plugins/toctweak/syntax/metatoc.php(52): helper_plugin_toctweak->parse()
  #2 /var/www/html/lib/plugins/toctweak/syntax/sidetoc.php(32): syntax_plugin_toctweak_metatoc->handle()
  #3 /var/www/html/inc/parser/handler.php(298): syntax_plugin_toctweak_sidetoc->handle()
  #4 /var/www/html/inc/Parsing/Lexer/Lexer.php(269): Doku_Handler->plugin()
  #5 /var/www/html/inc/Parsing/Lexer/Lexer.php(196): dokuwiki\Parsing\Lexer\Lexer->invokeHandler()
  #6 /var/www/html/inc/Parsing/Lexer/Lexer.php(146): dokuwiki\Parsing\Lexer\Lexer->dispatchTokens()
  #7 /var/www/html/inc/Parsing/Parser.php(113): dokuwiki\Parsing\Lexer\Lexer->parse()
  #8 /var/www/html/inc/parserutils.php(234): dokuwiki\Parsing\Parser->parse()
  #9 /var/www/html/inc/parserutils.php(198): p_get_instructions()
  #10 /var/www/html/inc/parserutils.php(520): p_cached_instructions()
  #11 /var/www/html/inc/parserutils.php(299): p_render_metadata()
  #12 /var/www/html/inc/Cache/CacheRenderer.php(79): p_get_metadata()
  #13 /var/www/html/inc/Cache/Cache.php(79): dokuwiki\Cache\CacheRenderer->addDependencies()
  #14 /var/www/html/inc/parserutils.php(152): dokuwiki\Cache\Cache->useCache()
  #15 /var/www/html/inc/parserutils.php(97): p_cached_output()
  #16 /var/www/html/inc/template.php(1679): p_wiki_xhtml()
  #17 /var/www/html/lib/tpl/arcadebasic/main.php(143): tpl_include_page()
  #18 /var/www/html/inc/actions.php(30): include('...')
  #19 /var/www/html/doku.php(131): act_dispatch()
  #20 {main}
2025-03-02 12:15:31	/var/www/html/lib/plugins/toctweak/helper.php(85)	E_WARNING: Undefined variable $topLv
  #0 /var/www/html/lib/plugins/toctweak/helper.php(85): dokuwiki\ErrorHandler::errorHandler()
  #1 /var/www/html/lib/plugins/toctweak/syntax/metatoc.php(52): helper_plugin_toctweak->parse()
  #2 /var/www/html/lib/plugins/toctweak/syntax/sidetoc.php(32): syntax_plugin_toctweak_metatoc->handle()
  #3 /var/www/html/inc/parser/handler.php(298): syntax_plugin_toctweak_sidetoc->handle()
  #4 /var/www/html/inc/Parsing/Lexer/Lexer.php(269): Doku_Handler->plugin()
  #5 /var/www/html/inc/Parsing/Lexer/Lexer.php(196): dokuwiki\Parsing\Lexer\Lexer->invokeHandler()
  #6 /var/www/html/inc/Parsing/Lexer/Lexer.php(146): dokuwiki\Parsing\Lexer\Lexer->dispatchTokens()
  #7 /var/www/html/inc/Parsing/Parser.php(113): dokuwiki\Parsing\Lexer\Lexer->parse()
  #8 /var/www/html/inc/parserutils.php(234): dokuwiki\Parsing\Parser->parse()
  #9 /var/www/html/inc/parserutils.php(198): p_get_instructions()
  #10 /var/www/html/inc/parserutils.php(520): p_cached_instructions()
  #11 /var/www/html/inc/parserutils.php(299): p_render_metadata()
  #12 /var/www/html/inc/Cache/CacheRenderer.php(79): p_get_metadata()
  #13 /var/www/html/inc/Cache/Cache.php(79): dokuwiki\Cache\CacheRenderer->addDependencies()
  #14 /var/www/html/inc/parserutils.php(152): dokuwiki\Cache\Cache->useCache()
  #15 /var/www/html/inc/parserutils.php(97): p_cached_output()
  #16 /var/www/html/inc/template.php(1679): p_wiki_xhtml()
  #17 /var/www/html/lib/tpl/arcadebasic/main.php(143): tpl_include_page()
  #18 /var/www/html/inc/actions.php(30): include('...')
  #19 /var/www/html/doku.php(131): act_dispatch()
  #20 {main}
2025-03-02 12:15:31	/var/www/html/lib/plugins/toctweak/helper.php(85)	E_WARNING: Undefined variable $maxLv
  #0 /var/www/html/lib/plugins/toctweak/helper.php(85): dokuwiki\ErrorHandler::errorHandler()
  #1 /var/www/html/lib/plugins/toctweak/syntax/metatoc.php(52): helper_plugin_toctweak->parse()
  #2 /var/www/html/lib/plugins/toctweak/syntax/sidetoc.php(32): syntax_plugin_toctweak_metatoc->handle()
  #3 /var/www/html/inc/parser/handler.php(298): syntax_plugin_toctweak_sidetoc->handle()
  #4 /var/www/html/inc/Parsing/Lexer/Lexer.php(269): Doku_Handler->plugin()
  #5 /var/www/html/inc/Parsing/Lexer/Lexer.php(196): dokuwiki\Parsing\Lexer\Lexer->invokeHandler()
  #6 /var/www/html/inc/Parsing/Lexer/Lexer.php(146): dokuwiki\Parsing\Lexer\Lexer->dispatchTokens()
  #7 /var/www/html/inc/Parsing/Parser.php(113): dokuwiki\Parsing\Lexer\Lexer->parse()
  #8 /var/www/html/inc/parserutils.php(234): dokuwiki\Parsing\Parser->parse()
  #9 /var/www/html/inc/parserutils.php(198): p_get_instructions()
  #10 /var/www/html/inc/parserutils.php(520): p_cached_instructions()
  #11 /var/www/html/inc/parserutils.php(299): p_render_metadata()
  #12 /var/www/html/inc/Cache/CacheRenderer.php(79): p_get_metadata()
  #13 /var/www/html/inc/Cache/Cache.php(79): dokuwiki\Cache\CacheRenderer->addDependencies()
  #14 /var/www/html/inc/parserutils.php(152): dokuwiki\Cache\Cache->useCache()
  #15 /var/www/html/inc/parserutils.php(97): p_cached_output()
  #16 /var/www/html/inc/template.php(1679): p_wiki_xhtml()
  #17 /var/www/html/lib/tpl/arcadebasic/main.php(143): tpl_include_page()
  #18 /var/www/html/inc/actions.php(30): include('...')
  #19 /var/www/html/doku.php(131): act_dispatch()
  #20 {main}
2025-03-02 12:15:31	/var/www/html/lib/plugins/toctweak/syntax/sidetoc.php(73)	E_WARNING: Undefined variable $section
  #0 /var/www/html/lib/plugins/toctweak/syntax/sidetoc.php(73): dokuwiki\ErrorHandler::errorHandler()
  #1 /var/www/html/inc/parser/renderer.php(126): syntax_plugin_toctweak_sidetoc->render()
  #2 /var/www/html/inc/parserutils.php(691): Doku_Renderer->plugin()
  #3 /var/www/html/inc/parserutils.php(158): p_render()
  #4 /var/www/html/inc/parserutils.php(97): p_cached_output()
  #5 /var/www/html/inc/template.php(1679): p_wiki_xhtml()
  #6 /var/www/html/lib/tpl/arcadebasic/main.php(143): tpl_include_page()
  #7 /var/www/html/inc/actions.php(30): include('...')
  #8 /var/www/html/doku.php(131): act_dispatch()
  #9 {main}
2025-03-02 12:20:29	/var/www/html/lib/plugins/toctweak/syntax/sidetoc.php(73)	E_WARNING: Undefined variable $section
  #0 /var/www/html/lib/plugins/toctweak/syntax/sidetoc.php(73): dokuwiki\ErrorHandler::errorHandler()
  #1 /var/www/html/inc/parser/renderer.php(126): syntax_plugin_toctweak_sidetoc->render()
  #2 /var/www/html/inc/parserutils.php(691): Doku_Renderer->plugin()
  #3 /var/www/html/inc/parserutils.php(158): p_render()
  #4 /var/www/html/inc/parserutils.php(97): p_cached_output()
  #5 /var/www/html/inc/template.php(1679): p_wiki_xhtml()
  #6 /var/www/html/lib/tpl/arcadebasic/main.php(143): tpl_include_page()
  #7 /var/www/html/inc/actions.php(30): include('...')
  #8 /var/www/html/doku.php(131): act_dispatch()
  #9 {main}
2025-03-02 12:37:38	/var/www/html/lib/plugins/toctweak/syntax/sidetoc.php(73)	E_WARNING: Undefined variable $section
  #0 /var/www/html/lib/plugins/toctweak/syntax/sidetoc.php(73): dokuwiki\ErrorHandler::errorHandler()
  #1 /var/www/html/inc/parser/renderer.php(126): syntax_plugin_toctweak_sidetoc->render()
  #2 /var/www/html/inc/parserutils.php(691): Doku_Renderer->plugin()
  #3 /var/www/html/inc/parserutils.php(158): p_render()
  #4 /var/www/html/inc/parserutils.php(97): p_cached_output()
  #5 /var/www/html/inc/template.php(1679): p_wiki_xhtml()
  #6 /var/www/html/lib/tpl/arcadebasic/main.php(143): tpl_include_page()
  #7 /var/www/html/inc/actions.php(30): include('...')
  #8 /var/www/html/doku.php(131): act_dispatch()
  #9 {main}
2025-03-02 13:05:57	/var/www/html/lib/plugins/toctweak/syntax/sidetoc.php(73)	E_WARNING: Undefined variable $section
  #0 /var/www/html/lib/plugins/toctweak/syntax/sidetoc.php(73): dokuwiki\ErrorHandler::errorHandler()
  #1 /var/www/html/inc/parser/renderer.php(126): syntax_plugin_toctweak_sidetoc->render()
  #2 /var/www/html/inc/parserutils.php(691): Doku_Renderer->plugin()
  #3 /var/www/html/inc/parserutils.php(158): p_render()
  #4 /var/www/html/inc/parserutils.php(97): p_cached_output()
  #5 /var/www/html/inc/template.php(1679): p_wiki_xhtml()
  #6 /var/www/html/lib/tpl/arcadebasic/main.php(143): tpl_include_page()
  #7 /var/www/html/inc/actions.php(30): include('...')
  #8 /var/www/html/doku.php(131): act_dispatch()
  #9 {main}
2025-03-02 17:33:50	/var/www/html/lib/plugins/toctweak/syntax/sidetoc.php(73)	E_WARNING: Undefined variable $section
  #0 /var/www/html/lib/plugins/toctweak/syntax/sidetoc.php(73): dokuwiki\ErrorHandler::errorHandler()
  #1 /var/www/html/inc/parser/renderer.php(126): syntax_plugin_toctweak_sidetoc->render()
  #2 /var/www/html/inc/parserutils.php(691): Doku_Renderer->plugin()
  #3 /var/www/html/inc/parserutils.php(158): p_render()
  #4 /var/www/html/inc/parserutils.php(97): p_cached_output()
  #5 /var/www/html/inc/template.php(1679): p_wiki_xhtml()
  #6 /var/www/html/lib/tpl/arcadebasic/main.php(143): tpl_include_page()
  #7 /var/www/html/inc/actions.php(30): include('...')
  #8 /var/www/html/doku.php(131): act_dispatch()
  #9 {main}
2025-03-02 19:12:04	/var/www/html/lib/plugins/toctweak/syntax/sidetoc.php(73)	E_WARNING: Undefined variable $section
  #0 /var/www/html/lib/plugins/toctweak/syntax/sidetoc.php(73): dokuwiki\ErrorHandler::errorHandler()
  #1 /var/www/html/inc/parser/renderer.php(126): syntax_plugin_toctweak_sidetoc->render()
  #2 /var/www/html/inc/parserutils.php(691): Doku_Renderer->plugin()
  #3 /var/www/html/inc/parserutils.php(158): p_render()
  #4 /var/www/html/inc/parserutils.php(97): p_cached_output()
  #5 /var/www/html/inc/template.php(1679): p_wiki_xhtml()
  #6 /var/www/html/lib/tpl/arcadebasic/main.php(143): tpl_include_page()
  #7 /var/www/html/inc/actions.php(30): include('...')
  #8 /var/www/html/doku.php(131): act_dispatch()
  #9 {main}
2025-03-02 20:21:09	/var/www/html/lib/plugins/toctweak/syntax/sidetoc.php(73)	E_WARNING: Undefined variable $section
  #0 /var/www/html/lib/plugins/toctweak/syntax/sidetoc.php(73): dokuwiki\ErrorHandler::errorHandler()
  #1 /var/www/html/inc/parser/renderer.php(126): syntax_plugin_toctweak_sidetoc->render()
  #2 /var/www/html/inc/parserutils.php(691): Doku_Renderer->plugin()
  #3 /var/www/html/inc/parserutils.php(158): p_render()
  #4 /var/www/html/inc/parserutils.php(97): p_cached_output()
  #5 /var/www/html/inc/template.php(1679): p_wiki_xhtml()
  #6 /var/www/html/lib/tpl/arcadebasic/main.php(143): tpl_include_page()
  #7 /var/www/html/inc/actions.php(30): include('...')
  #8 /var/www/html/doku.php(131): act_dispatch()
  #9 {main}
2025-03-02 20:38:13	/var/www/html/lib/plugins/toctweak/syntax/sidetoc.php(73)	E_WARNING: Undefined variable $section
  #0 /var/www/html/lib/plugins/toctweak/syntax/sidetoc.php(73): dokuwiki\ErrorHandler::errorHandler()
  #1 /var/www/html/inc/parser/renderer.php(126): syntax_plugin_toctweak_sidetoc->render()
  #2 /var/www/html/inc/parserutils.php(691): Doku_Renderer->plugin()
  #3 /var/www/html/inc/parserutils.php(158): p_render()
  #4 /var/www/html/inc/parserutils.php(97): p_cached_output()
  #5 /var/www/html/inc/template.php(1679): p_wiki_xhtml()
  #6 /var/www/html/lib/tpl/arcadebasic/main.php(143): tpl_include_page()
  #7 /var/www/html/inc/actions.php(30): include('...')
  #8 /var/www/html/doku.php(131): act_dispatch()
  #9 {main}
2025-03-02 22:18:30	/var/www/html/lib/plugins/toctweak/syntax/sidetoc.php(73)	E_WARNING: Undefined variable $section
  #0 /var/www/html/lib/plugins/toctweak/syntax/sidetoc.php(73): dokuwiki\ErrorHandler::errorHandler()
  #1 /var/www/html/inc/parser/renderer.php(126): syntax_plugin_toctweak_sidetoc->render()
  #2 /var/www/html/inc/parserutils.php(691): Doku_Renderer->plugin()
  #3 /var/www/html/inc/parserutils.php(158): p_render()
  #4 /var/www/html/inc/parserutils.php(97): p_cached_output()
  #5 /var/www/html/inc/template.php(1679): p_wiki_xhtml()
  #6 /var/www/html/lib/tpl/arcadebasic/main.php(143): tpl_include_page()
  #7 /var/www/html/inc/actions.php(30): include('...')
  #8 /var/www/html/doku.php(131): act_dispatch()
  #9 {main}
