2026-06-06 00:14:34	/var/www/html/lib/plugins/toctweak/syntax/sidetoc.php(73)	E_WARNING: Undefined variable $section
  #0 /var/www/html/lib/plugins/toctweak/syntax/sidetoc.php(73): dokuwiki\ErrorHandler::errorHandler()
  #1 /var/www/html/inc/parser/renderer.php(126): syntax_plugin_toctweak_sidetoc->render()
  #2 /var/www/html/inc/parserutils.php(691): Doku_Renderer->plugin()
  #3 /var/www/html/inc/parserutils.php(158): p_render()
  #4 /var/www/html/inc/parserutils.php(97): p_cached_output()
  #5 /var/www/html/inc/template.php(1679): p_wiki_xhtml()
  #6 /var/www/html/lib/tpl/arcadebasic/main.php(147): tpl_include_page()
  #7 /var/www/html/inc/actions.php(30): include('...')
  #8 /var/www/html/doku.php(131): act_dispatch()
  #9 {main}
2026-06-06 00:31:41	/var/www/html/lib/plugins/toctweak/syntax/sidetoc.php(73)	E_WARNING: Undefined variable $section
  #0 /var/www/html/lib/plugins/toctweak/syntax/sidetoc.php(73): dokuwiki\ErrorHandler::errorHandler()
  #1 /var/www/html/inc/parser/renderer.php(126): syntax_plugin_toctweak_sidetoc->render()
  #2 /var/www/html/inc/parserutils.php(691): Doku_Renderer->plugin()
  #3 /var/www/html/inc/parserutils.php(158): p_render()
  #4 /var/www/html/inc/parserutils.php(97): p_cached_output()
  #5 /var/www/html/inc/template.php(1679): p_wiki_xhtml()
  #6 /var/www/html/lib/tpl/arcadebasic/main.php(147): tpl_include_page()
  #7 /var/www/html/inc/actions.php(30): include('...')
  #8 /var/www/html/doku.php(131): act_dispatch()
  #9 {main}
2026-06-06 01:21:16	/var/www/html/lib/plugins/toctweak/syntax/sidetoc.php(73)	E_WARNING: Undefined variable $section
  #0 /var/www/html/lib/plugins/toctweak/syntax/sidetoc.php(73): dokuwiki\ErrorHandler::errorHandler()
  #1 /var/www/html/inc/parser/renderer.php(126): syntax_plugin_toctweak_sidetoc->render()
  #2 /var/www/html/inc/parserutils.php(691): Doku_Renderer->plugin()
  #3 /var/www/html/inc/parserutils.php(158): p_render()
  #4 /var/www/html/inc/parserutils.php(97): p_cached_output()
  #5 /var/www/html/inc/template.php(1679): p_wiki_xhtml()
  #6 /var/www/html/lib/tpl/arcadebasic/main.php(147): tpl_include_page()
  #7 /var/www/html/inc/actions.php(30): include('...')
  #8 /var/www/html/doku.php(131): act_dispatch()
  #9 {main}
2026-06-06 01:39:03	/var/www/html/lib/plugins/toctweak/syntax/sidetoc.php(73)	E_WARNING: Undefined variable $section
  #0 /var/www/html/lib/plugins/toctweak/syntax/sidetoc.php(73): dokuwiki\ErrorHandler::errorHandler()
  #1 /var/www/html/inc/parser/renderer.php(126): syntax_plugin_toctweak_sidetoc->render()
  #2 /var/www/html/inc/parserutils.php(691): Doku_Renderer->plugin()
  #3 /var/www/html/inc/parserutils.php(158): p_render()
  #4 /var/www/html/inc/parserutils.php(97): p_cached_output()
  #5 /var/www/html/inc/template.php(1679): p_wiki_xhtml()
  #6 /var/www/html/lib/tpl/arcadebasic/main.php(147): tpl_include_page()
  #7 /var/www/html/inc/actions.php(30): include('...')
  #8 /var/www/html/doku.php(131): act_dispatch()
  #9 {main}
2026-06-06 01:48:02	/var/www/html/lib/plugins/toctweak/syntax/sidetoc.php(73)	E_WARNING: Undefined variable $section
  #0 /var/www/html/lib/plugins/toctweak/syntax/sidetoc.php(73): dokuwiki\ErrorHandler::errorHandler()
  #1 /var/www/html/inc/parser/renderer.php(126): syntax_plugin_toctweak_sidetoc->render()
  #2 /var/www/html/inc/parserutils.php(691): Doku_Renderer->plugin()
  #3 /var/www/html/inc/parserutils.php(158): p_render()
  #4 /var/www/html/inc/parserutils.php(97): p_cached_output()
  #5 /var/www/html/inc/template.php(1679): p_wiki_xhtml()
  #6 /var/www/html/lib/tpl/arcadebasic/main.php(147): tpl_include_page()
  #7 /var/www/html/inc/actions.php(30): include('...')
  #8 /var/www/html/doku.php(131): act_dispatch()
  #9 {main}
2026-06-06 01:55:16	/var/www/html/inc/Extension/PluginController.php(110)	E_WARNING: Undefined array key "base"
  #0 /var/www/html/inc/Extension/PluginController.php(110): dokuwiki\ErrorHandler::errorHandler()
  #1 /var/www/html/inc/pluginutils.php(55): dokuwiki\Extension\PluginController->load()
  #2 /var/www/html/inc/parserutils.php(578): plugin_load()
  #3 /var/www/html/inc/parserutils.php(222): p_get_parsermodes()
  #4 /var/www/html/inc/parserutils.php(198): p_get_instructions()
  #5 /var/www/html/inc/parserutils.php(520): p_cached_instructions()
  #6 /var/www/html/inc/parserutils.php(299): p_render_metadata()
  #7 /var/www/html/inc/common.php(264): p_get_metadata()
  #8 /var/www/html/doku.php(101): pageinfo()
  #9 {main}
2026-06-06 01:55:16	/var/www/html/lib/plugins/toctweak/syntax/sidetoc.php(73)	E_WARNING: Undefined variable $section
  #0 /var/www/html/lib/plugins/toctweak/syntax/sidetoc.php(73): dokuwiki\ErrorHandler::errorHandler()
  #1 /var/www/html/inc/parser/renderer.php(126): syntax_plugin_toctweak_sidetoc->render()
  #2 /var/www/html/inc/parserutils.php(691): Doku_Renderer->plugin()
  #3 /var/www/html/inc/parserutils.php(158): p_render()
  #4 /var/www/html/inc/parserutils.php(97): p_cached_output()
  #5 /var/www/html/inc/template.php(1679): p_wiki_xhtml()
  #6 /var/www/html/lib/tpl/arcadebasic/main.php(147): tpl_include_page()
  #7 /var/www/html/inc/actions.php(30): include('...')
  #8 /var/www/html/doku.php(131): act_dispatch()
  #9 {main}
2026-06-06 02:06:02	/var/www/html/lib/plugins/toctweak/syntax/sidetoc.php(73)	E_WARNING: Undefined variable $section
  #0 /var/www/html/lib/plugins/toctweak/syntax/sidetoc.php(73): dokuwiki\ErrorHandler::errorHandler()
  #1 /var/www/html/inc/parser/renderer.php(126): syntax_plugin_toctweak_sidetoc->render()
  #2 /var/www/html/inc/parserutils.php(691): Doku_Renderer->plugin()
  #3 /var/www/html/inc/parserutils.php(158): p_render()
  #4 /var/www/html/inc/parserutils.php(97): p_cached_output()
  #5 /var/www/html/inc/template.php(1679): p_wiki_xhtml()
  #6 /var/www/html/lib/tpl/arcadebasic/main.php(147): tpl_include_page()
  #7 /var/www/html/inc/actions.php(30): include('...')
  #8 /var/www/html/doku.php(131): act_dispatch()
  #9 {main}
2026-06-06 02:26:17	/var/www/html/lib/plugins/toctweak/syntax/sidetoc.php(73)	E_WARNING: Undefined variable $section
  #0 /var/www/html/lib/plugins/toctweak/syntax/sidetoc.php(73): dokuwiki\ErrorHandler::errorHandler()
  #1 /var/www/html/inc/parser/renderer.php(126): syntax_plugin_toctweak_sidetoc->render()
  #2 /var/www/html/inc/parserutils.php(691): Doku_Renderer->plugin()
  #3 /var/www/html/inc/parserutils.php(158): p_render()
  #4 /var/www/html/inc/parserutils.php(97): p_cached_output()
  #5 /var/www/html/inc/template.php(1679): p_wiki_xhtml()
  #6 /var/www/html/lib/tpl/arcadebasic/main.php(147): tpl_include_page()
  #7 /var/www/html/inc/actions.php(30): include('...')
  #8 /var/www/html/doku.php(131): act_dispatch()
  #9 {main}
2026-06-06 02:47:33	/var/www/html/inc/Extension/PluginController.php(110)	E_WARNING: Undefined array key "base"
  #0 /var/www/html/inc/Extension/PluginController.php(110): dokuwiki\ErrorHandler::errorHandler()
  #1 /var/www/html/inc/pluginutils.php(55): dokuwiki\Extension\PluginController->load()
  #2 /var/www/html/inc/parserutils.php(578): plugin_load()
  #3 /var/www/html/inc/parserutils.php(222): p_get_parsermodes()
  #4 /var/www/html/inc/parserutils.php(198): p_get_instructions()
  #5 /var/www/html/inc/parserutils.php(158): p_cached_instructions()
  #6 /var/www/html/inc/parserutils.php(129): p_cached_output()
  #7 /var/www/html/inc/Ui/Login.php(43): p_locale_xhtml()
  #8 /var/www/html/inc/Action/Login.php(37): dokuwiki\Ui\Login->show()
  #9 /var/www/html/inc/template.php(120): dokuwiki\Action\Login->tplContent()
  #10 [internal function]: tpl_content_core()
  #11 /var/www/html/inc/Extension/Event.php(134): call_user_func_array()
  #12 /var/www/html/inc/Extension/Event.php(200): dokuwiki\Extension\Event->trigger()
  #13 /var/www/html/inc/template.php(102): dokuwiki\Extension\Event::createAndTrigger()
  #14 /var/www/html/lib/tpl/arcadebasic/main.php(123): tpl_content()
  #15 /var/www/html/inc/actions.php(30): include('...')
  #16 /var/www/html/doku.php(131): act_dispatch()
  #17 {main}
2026-06-06 02:56:54	/var/www/html/lib/plugins/toctweak/syntax/sidetoc.php(73)	E_WARNING: Undefined variable $section
  #0 /var/www/html/lib/plugins/toctweak/syntax/sidetoc.php(73): dokuwiki\ErrorHandler::errorHandler()
  #1 /var/www/html/inc/parser/renderer.php(126): syntax_plugin_toctweak_sidetoc->render()
  #2 /var/www/html/inc/parserutils.php(691): Doku_Renderer->plugin()
  #3 /var/www/html/inc/parserutils.php(158): p_render()
  #4 /var/www/html/inc/parserutils.php(97): p_cached_output()
  #5 /var/www/html/inc/template.php(1679): p_wiki_xhtml()
  #6 /var/www/html/lib/tpl/arcadebasic/main.php(147): tpl_include_page()
  #7 /var/www/html/inc/actions.php(30): include('...')
  #8 /var/www/html/doku.php(131): act_dispatch()
  #9 {main}
2026-06-06 03:06:49	/var/www/html/lib/plugins/toctweak/syntax/sidetoc.php(73)	E_WARNING: Undefined variable $section
  #0 /var/www/html/lib/plugins/toctweak/syntax/sidetoc.php(73): dokuwiki\ErrorHandler::errorHandler()
  #1 /var/www/html/inc/parser/renderer.php(126): syntax_plugin_toctweak_sidetoc->render()
  #2 /var/www/html/inc/parserutils.php(691): Doku_Renderer->plugin()
  #3 /var/www/html/inc/parserutils.php(158): p_render()
  #4 /var/www/html/inc/parserutils.php(97): p_cached_output()
  #5 /var/www/html/inc/template.php(1679): p_wiki_xhtml()
  #6 /var/www/html/lib/tpl/arcadebasic/main.php(147): tpl_include_page()
  #7 /var/www/html/inc/actions.php(30): include('...')
  #8 /var/www/html/doku.php(131): act_dispatch()
  #9 {main}
2026-06-06 03:26:54	/var/www/html/inc/Extension/PluginController.php(110)	E_WARNING: Undefined array key "base"
  #0 /var/www/html/inc/Extension/PluginController.php(110): dokuwiki\ErrorHandler::errorHandler()
  #1 /var/www/html/inc/pluginutils.php(55): dokuwiki\Extension\PluginController->load()
  #2 /var/www/html/inc/parserutils.php(578): plugin_load()
  #3 /var/www/html/inc/parserutils.php(222): p_get_parsermodes()
  #4 /var/www/html/inc/parserutils.php(198): p_get_instructions()
  #5 /var/www/html/inc/parserutils.php(158): p_cached_instructions()
  #6 /var/www/html/inc/parserutils.php(129): p_cached_output()
  #7 /var/www/html/inc/Ui/Login.php(43): p_locale_xhtml()
  #8 /var/www/html/inc/Action/Login.php(37): dokuwiki\Ui\Login->show()
  #9 /var/www/html/inc/template.php(120): dokuwiki\Action\Login->tplContent()
  #10 [internal function]: tpl_content_core()
  #11 /var/www/html/inc/Extension/Event.php(134): call_user_func_array()
  #12 /var/www/html/inc/Extension/Event.php(200): dokuwiki\Extension\Event->trigger()
  #13 /var/www/html/inc/template.php(102): dokuwiki\Extension\Event::createAndTrigger()
  #14 /var/www/html/lib/tpl/arcadebasic/main.php(123): tpl_content()
  #15 /var/www/html/inc/actions.php(30): include('...')
  #16 /var/www/html/doku.php(131): act_dispatch()
  #17 {main}
2026-06-06 03:35:19	/var/www/html/lib/plugins/toctweak/syntax/sidetoc.php(73)	E_WARNING: Undefined variable $section
  #0 /var/www/html/lib/plugins/toctweak/syntax/sidetoc.php(73): dokuwiki\ErrorHandler::errorHandler()
  #1 /var/www/html/inc/parser/renderer.php(126): syntax_plugin_toctweak_sidetoc->render()
  #2 /var/www/html/inc/parserutils.php(691): Doku_Renderer->plugin()
  #3 /var/www/html/inc/parserutils.php(158): p_render()
  #4 /var/www/html/inc/parserutils.php(97): p_cached_output()
  #5 /var/www/html/inc/template.php(1679): p_wiki_xhtml()
  #6 /var/www/html/lib/tpl/arcadebasic/main.php(147): tpl_include_page()
  #7 /var/www/html/inc/actions.php(30): include('...')
  #8 /var/www/html/doku.php(131): act_dispatch()
  #9 {main}
2026-06-06 03:37:55	/var/www/html/lib/plugins/toctweak/syntax/sidetoc.php(73)	E_WARNING: Undefined variable $section
  #0 /var/www/html/lib/plugins/toctweak/syntax/sidetoc.php(73): dokuwiki\ErrorHandler::errorHandler()
  #1 /var/www/html/inc/parser/renderer.php(126): syntax_plugin_toctweak_sidetoc->render()
  #2 /var/www/html/inc/parserutils.php(691): Doku_Renderer->plugin()
  #3 /var/www/html/inc/parserutils.php(158): p_render()
  #4 /var/www/html/inc/parserutils.php(97): p_cached_output()
  #5 /var/www/html/inc/template.php(1679): p_wiki_xhtml()
  #6 /var/www/html/lib/tpl/arcadebasic/main.php(147): tpl_include_page()
  #7 /var/www/html/inc/actions.php(30): include('...')
  #8 /var/www/html/doku.php(131): act_dispatch()
  #9 {main}
2026-06-06 03:56:12	/var/www/html/lib/plugins/toctweak/syntax/sidetoc.php(73)	E_WARNING: Undefined variable $section
  #0 /var/www/html/lib/plugins/toctweak/syntax/sidetoc.php(73): dokuwiki\ErrorHandler::errorHandler()
  #1 /var/www/html/inc/parser/renderer.php(126): syntax_plugin_toctweak_sidetoc->render()
  #2 /var/www/html/inc/parserutils.php(691): Doku_Renderer->plugin()
  #3 /var/www/html/inc/parserutils.php(158): p_render()
  #4 /var/www/html/inc/parserutils.php(97): p_cached_output()
  #5 /var/www/html/inc/template.php(1679): p_wiki_xhtml()
  #6 /var/www/html/lib/tpl/arcadebasic/main.php(147): tpl_include_page()
  #7 /var/www/html/inc/actions.php(30): include('...')
  #8 /var/www/html/doku.php(131): act_dispatch()
  #9 {main}
2026-06-06 04:07:07	/var/www/html/inc/Extension/PluginController.php(110)	E_WARNING: Undefined array key "base"
  #0 /var/www/html/inc/Extension/PluginController.php(110): dokuwiki\ErrorHandler::errorHandler()
  #1 /var/www/html/inc/pluginutils.php(55): dokuwiki\Extension\PluginController->load()
  #2 /var/www/html/inc/parserutils.php(578): plugin_load()
  #3 /var/www/html/inc/parserutils.php(222): p_get_parsermodes()
  #4 /var/www/html/inc/parserutils.php(198): p_get_instructions()
  #5 /var/www/html/inc/parserutils.php(520): p_cached_instructions()
  #6 /var/www/html/inc/parserutils.php(299): p_render_metadata()
  #7 /var/www/html/inc/common.php(264): p_get_metadata()
  #8 /var/www/html/doku.php(101): pageinfo()
  #9 {main}
2026-06-06 04:07:07	/var/www/html/lib/plugins/toctweak/syntax/sidetoc.php(73)	E_WARNING: Undefined variable $section
  #0 /var/www/html/lib/plugins/toctweak/syntax/sidetoc.php(73): dokuwiki\ErrorHandler::errorHandler()
  #1 /var/www/html/inc/parser/renderer.php(126): syntax_plugin_toctweak_sidetoc->render()
  #2 /var/www/html/inc/parserutils.php(691): Doku_Renderer->plugin()
  #3 /var/www/html/inc/parserutils.php(158): p_render()
  #4 /var/www/html/inc/parserutils.php(97): p_cached_output()
  #5 /var/www/html/inc/template.php(1679): p_wiki_xhtml()
  #6 /var/www/html/lib/tpl/arcadebasic/main.php(147): tpl_include_page()
  #7 /var/www/html/inc/actions.php(30): include('...')
  #8 /var/www/html/doku.php(131): act_dispatch()
  #9 {main}
2026-06-06 04:17:13	/var/www/html/inc/Extension/PluginController.php(110)	E_WARNING: Undefined array key "base"
  #0 /var/www/html/inc/Extension/PluginController.php(110): dokuwiki\ErrorHandler::errorHandler()
  #1 /var/www/html/inc/pluginutils.php(55): dokuwiki\Extension\PluginController->load()
  #2 /var/www/html/inc/parserutils.php(578): plugin_load()
  #3 /var/www/html/inc/parserutils.php(222): p_get_parsermodes()
  #4 /var/www/html/inc/parserutils.php(198): p_get_instructions()
  #5 /var/www/html/inc/parserutils.php(520): p_cached_instructions()
  #6 /var/www/html/inc/parserutils.php(299): p_render_metadata()
  #7 /var/www/html/inc/common.php(264): p_get_metadata()
  #8 /var/www/html/doku.php(101): pageinfo()
  #9 {main}
2026-06-06 04:17:13	/var/www/html/lib/plugins/toctweak/syntax/sidetoc.php(73)	E_WARNING: Undefined variable $section
  #0 /var/www/html/lib/plugins/toctweak/syntax/sidetoc.php(73): dokuwiki\ErrorHandler::errorHandler()
  #1 /var/www/html/inc/parser/renderer.php(126): syntax_plugin_toctweak_sidetoc->render()
  #2 /var/www/html/inc/parserutils.php(691): Doku_Renderer->plugin()
  #3 /var/www/html/inc/parserutils.php(158): p_render()
  #4 /var/www/html/inc/parserutils.php(97): p_cached_output()
  #5 /var/www/html/inc/template.php(1679): p_wiki_xhtml()
  #6 /var/www/html/lib/tpl/arcadebasic/main.php(147): tpl_include_page()
  #7 /var/www/html/inc/actions.php(30): include('...')
  #8 /var/www/html/doku.php(131): act_dispatch()
  #9 {main}
2026-06-06 04:22:52	/var/www/html/lib/plugins/toctweak/syntax/sidetoc.php(73)	E_WARNING: Undefined variable $section
  #0 /var/www/html/lib/plugins/toctweak/syntax/sidetoc.php(73): dokuwiki\ErrorHandler::errorHandler()
  #1 /var/www/html/inc/parser/renderer.php(126): syntax_plugin_toctweak_sidetoc->render()
  #2 /var/www/html/inc/parserutils.php(691): Doku_Renderer->plugin()
  #3 /var/www/html/inc/parserutils.php(158): p_render()
  #4 /var/www/html/inc/parserutils.php(97): p_cached_output()
  #5 /var/www/html/inc/template.php(1679): p_wiki_xhtml()
  #6 /var/www/html/lib/tpl/arcadebasic/main.php(147): tpl_include_page()
  #7 /var/www/html/inc/actions.php(30): include('...')
  #8 /var/www/html/doku.php(131): act_dispatch()
  #9 {main}
2026-06-06 06:11:38	/var/www/html/lib/plugins/toctweak/syntax/sidetoc.php(73)	E_WARNING: Undefined variable $section
  #0 /var/www/html/lib/plugins/toctweak/syntax/sidetoc.php(73): dokuwiki\ErrorHandler::errorHandler()
  #1 /var/www/html/inc/parser/renderer.php(126): syntax_plugin_toctweak_sidetoc->render()
  #2 /var/www/html/inc/parserutils.php(691): Doku_Renderer->plugin()
  #3 /var/www/html/inc/parserutils.php(158): p_render()
  #4 /var/www/html/inc/parserutils.php(97): p_cached_output()
  #5 /var/www/html/inc/template.php(1679): p_wiki_xhtml()
  #6 /var/www/html/lib/tpl/arcadebasic/main.php(147): tpl_include_page()
  #7 /var/www/html/inc/actions.php(30): include('...')
  #8 /var/www/html/doku.php(131): act_dispatch()
  #9 {main}
2026-06-06 06:26:14	/var/www/html/lib/plugins/toctweak/syntax/sidetoc.php(73)	E_WARNING: Undefined variable $section
  #0 /var/www/html/lib/plugins/toctweak/syntax/sidetoc.php(73): dokuwiki\ErrorHandler::errorHandler()
  #1 /var/www/html/inc/parser/renderer.php(126): syntax_plugin_toctweak_sidetoc->render()
  #2 /var/www/html/inc/parserutils.php(691): Doku_Renderer->plugin()
  #3 /var/www/html/inc/parserutils.php(158): p_render()
  #4 /var/www/html/inc/parserutils.php(97): p_cached_output()
  #5 /var/www/html/inc/template.php(1679): p_wiki_xhtml()
  #6 /var/www/html/lib/tpl/arcadebasic/main.php(147): tpl_include_page()
  #7 /var/www/html/inc/actions.php(30): include('...')
  #8 /var/www/html/doku.php(131): act_dispatch()
  #9 {main}
2026-06-06 06:35:52	/var/www/html/lib/plugins/toctweak/syntax/sidetoc.php(73)	E_WARNING: Undefined variable $section
  #0 /var/www/html/lib/plugins/toctweak/syntax/sidetoc.php(73): dokuwiki\ErrorHandler::errorHandler()
  #1 /var/www/html/inc/parser/renderer.php(126): syntax_plugin_toctweak_sidetoc->render()
  #2 /var/www/html/inc/parserutils.php(691): Doku_Renderer->plugin()
  #3 /var/www/html/inc/parserutils.php(158): p_render()
  #4 /var/www/html/inc/parserutils.php(97): p_cached_output()
  #5 /var/www/html/inc/template.php(1679): p_wiki_xhtml()
  #6 /var/www/html/lib/tpl/arcadebasic/main.php(147): tpl_include_page()
  #7 /var/www/html/inc/actions.php(30): include('...')
  #8 /var/www/html/doku.php(131): act_dispatch()
  #9 {main}
2026-06-06 06:46:27	/var/www/html/inc/JpegMeta.php(3183)	E_WARNING: JPEGMeta failed parsing image metadata of /var/www/html/data/media/wiki/art2.jpg. Got 0 instead of 29 bytes at offset 0.
  #0 /var/www/html/inc/JpegMeta.php(1574): JpegMeta->_getFixedString()
  #1 /var/www/html/inc/JpegMeta.php(345): JpegMeta->_parseMarkerXmp()
  #2 /var/www/html/inc/JpegMeta.php(152): JpegMeta->getXmpField()
  #3 /var/www/html/inc/JpegMeta.php(612): JpegMeta->getField()
  #4 /var/www/html/inc/JpegMeta.php(162): JpegMeta->getTitle()
  #5 /var/www/html/lib/plugins/gallery/classes/Image.php(42): JpegMeta->getField()
  #6 /var/www/html/lib/plugins/gallery/classes/ListGallery.php(29): dokuwiki\plugin\gallery\classes\Image->__construct()
  #7 /var/www/html/lib/plugins/gallery/syntax/main.php(86): dokuwiki\plugin\gallery\classes\ListGallery->__construct()
  #8 /var/www/html/inc/parser/renderer.php(126): syntax_plugin_gallery_main->render()
  #9 /var/www/html/inc/parserutils.php(691): Doku_Renderer->plugin()
  #10 /var/www/html/inc/parserutils.php(158): p_render()
  #11 /var/www/html/inc/parserutils.php(97): p_cached_output()
  #12 /var/www/html/inc/Ui/PageView.php(67): p_wiki_xhtml()
  #13 /var/www/html/inc/Action/Show.php(40): dokuwiki\Ui\PageView->show()
  #14 /var/www/html/inc/template.php(120): dokuwiki\Action\Show->tplContent()
  #15 [internal function]: tpl_content_core()
  #16 /var/www/html/inc/Extension/Event.php(134): call_user_func_array()
  #17 /var/www/html/inc/Extension/Event.php(200): dokuwiki\Extension\Event->trigger()
  #18 /var/www/html/inc/template.php(102): dokuwiki\Extension\Event::createAndTrigger()
  #19 /var/www/html/lib/tpl/arcadebasic/main.php(123): tpl_content()
  #20 /var/www/html/inc/actions.php(30): include('...')
  #21 /var/www/html/doku.php(131): act_dispatch()
  #22 {main}
2026-06-06 06:46:27	/var/www/html/inc/JpegMeta.php(3183)	E_WARNING: JPEGMeta failed parsing image metadata of /var/www/html/data/media/wiki/art3.jpg. Got 0 instead of 29 bytes at offset 0.
  #0 /var/www/html/inc/JpegMeta.php(1574): JpegMeta->_getFixedString()
  #1 /var/www/html/inc/JpegMeta.php(345): JpegMeta->_parseMarkerXmp()
  #2 /var/www/html/inc/JpegMeta.php(152): JpegMeta->getXmpField()
  #3 /var/www/html/inc/JpegMeta.php(612): JpegMeta->getField()
  #4 /var/www/html/inc/JpegMeta.php(162): JpegMeta->getTitle()
  #5 /var/www/html/lib/plugins/gallery/classes/Image.php(42): JpegMeta->getField()
  #6 /var/www/html/lib/plugins/gallery/classes/ListGallery.php(29): dokuwiki\plugin\gallery\classes\Image->__construct()
  #7 /var/www/html/lib/plugins/gallery/syntax/main.php(86): dokuwiki\plugin\gallery\classes\ListGallery->__construct()
  #8 /var/www/html/inc/parser/renderer.php(126): syntax_plugin_gallery_main->render()
  #9 /var/www/html/inc/parserutils.php(691): Doku_Renderer->plugin()
  #10 /var/www/html/inc/parserutils.php(158): p_render()
  #11 /var/www/html/inc/parserutils.php(97): p_cached_output()
  #12 /var/www/html/inc/Ui/PageView.php(67): p_wiki_xhtml()
  #13 /var/www/html/inc/Action/Show.php(40): dokuwiki\Ui\PageView->show()
  #14 /var/www/html/inc/template.php(120): dokuwiki\Action\Show->tplContent()
  #15 [internal function]: tpl_content_core()
  #16 /var/www/html/inc/Extension/Event.php(134): call_user_func_array()
  #17 /var/www/html/inc/Extension/Event.php(200): dokuwiki\Extension\Event->trigger()
  #18 /var/www/html/inc/template.php(102): dokuwiki\Extension\Event::createAndTrigger()
  #19 /var/www/html/lib/tpl/arcadebasic/main.php(123): tpl_content()
  #20 /var/www/html/inc/actions.php(30): include('...')
  #21 /var/www/html/doku.php(131): act_dispatch()
  #22 {main}
2026-06-06 06:46:27	/var/www/html/inc/JpegMeta.php(3183)	E_WARNING: JPEGMeta failed parsing image metadata of /var/www/html/data/media/wiki/art4.jpg. Got 0 instead of 29 bytes at offset 0.
  #0 /var/www/html/inc/JpegMeta.php(1574): JpegMeta->_getFixedString()
  #1 /var/www/html/inc/JpegMeta.php(345): JpegMeta->_parseMarkerXmp()
  #2 /var/www/html/inc/JpegMeta.php(152): JpegMeta->getXmpField()
  #3 /var/www/html/inc/JpegMeta.php(612): JpegMeta->getField()
  #4 /var/www/html/inc/JpegMeta.php(162): JpegMeta->getTitle()
  #5 /var/www/html/lib/plugins/gallery/classes/Image.php(42): JpegMeta->getField()
  #6 /var/www/html/lib/plugins/gallery/classes/ListGallery.php(29): dokuwiki\plugin\gallery\classes\Image->__construct()
  #7 /var/www/html/lib/plugins/gallery/syntax/main.php(86): dokuwiki\plugin\gallery\classes\ListGallery->__construct()
  #8 /var/www/html/inc/parser/renderer.php(126): syntax_plugin_gallery_main->render()
  #9 /var/www/html/inc/parserutils.php(691): Doku_Renderer->plugin()
  #10 /var/www/html/inc/parserutils.php(158): p_render()
  #11 /var/www/html/inc/parserutils.php(97): p_cached_output()
  #12 /var/www/html/inc/Ui/PageView.php(67): p_wiki_xhtml()
  #13 /var/www/html/inc/Action/Show.php(40): dokuwiki\Ui\PageView->show()
  #14 /var/www/html/inc/template.php(120): dokuwiki\Action\Show->tplContent()
  #15 [internal function]: tpl_content_core()
  #16 /var/www/html/inc/Extension/Event.php(134): call_user_func_array()
  #17 /var/www/html/inc/Extension/Event.php(200): dokuwiki\Extension\Event->trigger()
  #18 /var/www/html/inc/template.php(102): dokuwiki\Extension\Event::createAndTrigger()
  #19 /var/www/html/lib/tpl/arcadebasic/main.php(123): tpl_content()
  #20 /var/www/html/inc/actions.php(30): include('...')
  #21 /var/www/html/doku.php(131): act_dispatch()
  #22 {main}
2026-06-06 06:46:27	/var/www/html/lib/plugins/toctweak/syntax/sidetoc.php(73)	E_WARNING: Undefined variable $section
  #0 /var/www/html/lib/plugins/toctweak/syntax/sidetoc.php(73): dokuwiki\ErrorHandler::errorHandler()
  #1 /var/www/html/inc/parser/renderer.php(126): syntax_plugin_toctweak_sidetoc->render()
  #2 /var/www/html/inc/parserutils.php(691): Doku_Renderer->plugin()
  #3 /var/www/html/inc/parserutils.php(158): p_render()
  #4 /var/www/html/inc/parserutils.php(97): p_cached_output()
  #5 /var/www/html/inc/template.php(1679): p_wiki_xhtml()
  #6 /var/www/html/lib/tpl/arcadebasic/main.php(147): tpl_include_page()
  #7 /var/www/html/inc/actions.php(30): include('...')
  #8 /var/www/html/doku.php(131): act_dispatch()
  #9 {main}
2026-06-06 07:05:09	/var/www/html/lib/plugins/toctweak/syntax/sidetoc.php(73)	E_WARNING: Undefined variable $section
  #0 /var/www/html/lib/plugins/toctweak/syntax/sidetoc.php(73): dokuwiki\ErrorHandler::errorHandler()
  #1 /var/www/html/inc/parser/renderer.php(126): syntax_plugin_toctweak_sidetoc->render()
  #2 /var/www/html/inc/parserutils.php(691): Doku_Renderer->plugin()
  #3 /var/www/html/inc/parserutils.php(158): p_render()
  #4 /var/www/html/inc/parserutils.php(97): p_cached_output()
  #5 /var/www/html/inc/template.php(1679): p_wiki_xhtml()
  #6 /var/www/html/lib/tpl/arcadebasic/main.php(147): tpl_include_page()
  #7 /var/www/html/inc/actions.php(30): include('...')
  #8 /var/www/html/doku.php(131): act_dispatch()
  #9 {main}
2026-06-06 07:09:04	/var/www/html/lib/plugins/toctweak/syntax/sidetoc.php(73)	E_WARNING: Undefined variable $section
  #0 /var/www/html/lib/plugins/toctweak/syntax/sidetoc.php(73): dokuwiki\ErrorHandler::errorHandler()
  #1 /var/www/html/inc/parser/renderer.php(126): syntax_plugin_toctweak_sidetoc->render()
  #2 /var/www/html/inc/parserutils.php(691): Doku_Renderer->plugin()
  #3 /var/www/html/inc/parserutils.php(158): p_render()
  #4 /var/www/html/inc/parserutils.php(97): p_cached_output()
  #5 /var/www/html/inc/template.php(1679): p_wiki_xhtml()
  #6 /var/www/html/lib/tpl/arcadebasic/main.php(147): tpl_include_page()
  #7 /var/www/html/inc/actions.php(30): include('...')
  #8 /var/www/html/doku.php(131): act_dispatch()
  #9 {main}
2026-06-06 07:15:54	/var/www/html/lib/plugins/toctweak/syntax/sidetoc.php(73)	E_WARNING: Undefined variable $section
  #0 /var/www/html/lib/plugins/toctweak/syntax/sidetoc.php(73): dokuwiki\ErrorHandler::errorHandler()
  #1 /var/www/html/inc/parser/renderer.php(126): syntax_plugin_toctweak_sidetoc->render()
  #2 /var/www/html/inc/parserutils.php(691): Doku_Renderer->plugin()
  #3 /var/www/html/inc/parserutils.php(158): p_render()
  #4 /var/www/html/inc/parserutils.php(97): p_cached_output()
  #5 /var/www/html/inc/template.php(1679): p_wiki_xhtml()
  #6 /var/www/html/lib/tpl/arcadebasic/main.php(147): tpl_include_page()
  #7 /var/www/html/inc/actions.php(30): include('...')
  #8 /var/www/html/doku.php(131): act_dispatch()
  #9 {main}
2026-06-06 07:45:21	/var/www/html/lib/plugins/toctweak/syntax/sidetoc.php(73)	E_WARNING: Undefined variable $section
  #0 /var/www/html/lib/plugins/toctweak/syntax/sidetoc.php(73): dokuwiki\ErrorHandler::errorHandler()
  #1 /var/www/html/inc/parser/renderer.php(126): syntax_plugin_toctweak_sidetoc->render()
  #2 /var/www/html/inc/parserutils.php(691): Doku_Renderer->plugin()
  #3 /var/www/html/inc/parserutils.php(158): p_render()
  #4 /var/www/html/inc/parserutils.php(97): p_cached_output()
  #5 /var/www/html/inc/template.php(1679): p_wiki_xhtml()
  #6 /var/www/html/lib/tpl/arcadebasic/main.php(147): tpl_include_page()
  #7 /var/www/html/inc/actions.php(30): include('...')
  #8 /var/www/html/doku.php(131): act_dispatch()
  #9 {main}
2026-06-06 07:57:27	/var/www/html/lib/plugins/toctweak/syntax/sidetoc.php(73)	E_WARNING: Undefined variable $section
  #0 /var/www/html/lib/plugins/toctweak/syntax/sidetoc.php(73): dokuwiki\ErrorHandler::errorHandler()
  #1 /var/www/html/inc/parser/renderer.php(126): syntax_plugin_toctweak_sidetoc->render()
  #2 /var/www/html/inc/parserutils.php(691): Doku_Renderer->plugin()
  #3 /var/www/html/inc/parserutils.php(158): p_render()
  #4 /var/www/html/inc/parserutils.php(97): p_cached_output()
  #5 /var/www/html/inc/template.php(1679): p_wiki_xhtml()
  #6 /var/www/html/lib/tpl/arcadebasic/main.php(147): tpl_include_page()
  #7 /var/www/html/inc/actions.php(30): include('...')
  #8 /var/www/html/doku.php(131): act_dispatch()
  #9 {main}
2026-06-06 08:05:27	/var/www/html/lib/plugins/toctweak/syntax/sidetoc.php(73)	E_WARNING: Undefined variable $section
  #0 /var/www/html/lib/plugins/toctweak/syntax/sidetoc.php(73): dokuwiki\ErrorHandler::errorHandler()
  #1 /var/www/html/inc/parser/renderer.php(126): syntax_plugin_toctweak_sidetoc->render()
  #2 /var/www/html/inc/parserutils.php(691): Doku_Renderer->plugin()
  #3 /var/www/html/inc/parserutils.php(158): p_render()
  #4 /var/www/html/inc/parserutils.php(97): p_cached_output()
  #5 /var/www/html/inc/template.php(1679): p_wiki_xhtml()
  #6 /var/www/html/lib/tpl/arcadebasic/main.php(147): tpl_include_page()
  #7 /var/www/html/inc/actions.php(30): include('...')
  #8 /var/www/html/doku.php(131): act_dispatch()
  #9 {main}
2026-06-06 08:08:18	/var/www/html/inc/Extension/PluginController.php(110)	E_WARNING: Undefined array key "base"
  #0 /var/www/html/inc/Extension/PluginController.php(110): dokuwiki\ErrorHandler::errorHandler()
  #1 /var/www/html/inc/pluginutils.php(55): dokuwiki\Extension\PluginController->load()
  #2 /var/www/html/inc/parserutils.php(578): plugin_load()
  #3 /var/www/html/inc/parserutils.php(222): p_get_parsermodes()
  #4 /var/www/html/inc/parserutils.php(198): p_get_instructions()
  #5 /var/www/html/inc/parserutils.php(520): p_cached_instructions()
  #6 /var/www/html/inc/parserutils.php(299): p_render_metadata()
  #7 /var/www/html/inc/common.php(264): p_get_metadata()
  #8 /var/www/html/doku.php(101): pageinfo()
  #9 {main}
2026-06-06 08:08:18	/var/www/html/lib/plugins/toctweak/syntax/sidetoc.php(73)	E_WARNING: Undefined variable $section
  #0 /var/www/html/lib/plugins/toctweak/syntax/sidetoc.php(73): dokuwiki\ErrorHandler::errorHandler()
  #1 /var/www/html/inc/parser/renderer.php(126): syntax_plugin_toctweak_sidetoc->render()
  #2 /var/www/html/inc/parserutils.php(691): Doku_Renderer->plugin()
  #3 /var/www/html/inc/parserutils.php(158): p_render()
  #4 /var/www/html/inc/parserutils.php(97): p_cached_output()
  #5 /var/www/html/inc/template.php(1679): p_wiki_xhtml()
  #6 /var/www/html/lib/tpl/arcadebasic/main.php(147): tpl_include_page()
  #7 /var/www/html/inc/actions.php(30): include('...')
  #8 /var/www/html/doku.php(131): act_dispatch()
  #9 {main}
2026-06-06 08:17:56	/var/www/html/lib/plugins/toctweak/syntax/sidetoc.php(73)	E_WARNING: Undefined variable $section
  #0 /var/www/html/lib/plugins/toctweak/syntax/sidetoc.php(73): dokuwiki\ErrorHandler::errorHandler()
  #1 /var/www/html/inc/parser/renderer.php(126): syntax_plugin_toctweak_sidetoc->render()
  #2 /var/www/html/inc/parserutils.php(691): Doku_Renderer->plugin()
  #3 /var/www/html/inc/parserutils.php(158): p_render()
  #4 /var/www/html/inc/parserutils.php(97): p_cached_output()
  #5 /var/www/html/inc/template.php(1679): p_wiki_xhtml()
  #6 /var/www/html/lib/tpl/arcadebasic/main.php(147): tpl_include_page()
  #7 /var/www/html/inc/actions.php(30): include('...')
  #8 /var/www/html/doku.php(131): act_dispatch()
  #9 {main}
2026-06-06 08:56:17	/var/www/html/lib/plugins/toctweak/syntax/sidetoc.php(73)	E_WARNING: Undefined variable $section
  #0 /var/www/html/lib/plugins/toctweak/syntax/sidetoc.php(73): dokuwiki\ErrorHandler::errorHandler()
  #1 /var/www/html/inc/parser/renderer.php(126): syntax_plugin_toctweak_sidetoc->render()
  #2 /var/www/html/inc/parserutils.php(691): Doku_Renderer->plugin()
  #3 /var/www/html/inc/parserutils.php(158): p_render()
  #4 /var/www/html/inc/parserutils.php(97): p_cached_output()
  #5 /var/www/html/inc/template.php(1679): p_wiki_xhtml()
  #6 /var/www/html/lib/tpl/arcadebasic/main.php(147): tpl_include_page()
  #7 /var/www/html/inc/actions.php(30): include('...')
  #8 /var/www/html/doku.php(131): act_dispatch()
  #9 {main}
2026-06-06 08:58:41	/var/www/html/lib/plugins/toctweak/syntax/sidetoc.php(73)	E_WARNING: Undefined variable $section
  #0 /var/www/html/lib/plugins/toctweak/syntax/sidetoc.php(73): dokuwiki\ErrorHandler::errorHandler()
  #1 /var/www/html/inc/parser/renderer.php(126): syntax_plugin_toctweak_sidetoc->render()
  #2 /var/www/html/inc/parserutils.php(691): Doku_Renderer->plugin()
  #3 /var/www/html/inc/parserutils.php(158): p_render()
  #4 /var/www/html/inc/parserutils.php(97): p_cached_output()
  #5 /var/www/html/inc/template.php(1679): p_wiki_xhtml()
  #6 /var/www/html/lib/tpl/arcadebasic/main.php(147): tpl_include_page()
  #7 /var/www/html/inc/actions.php(30): include('...')
  #8 /var/www/html/doku.php(131): act_dispatch()
  #9 {main}
2026-06-06 09:05:56	/var/www/html/lib/plugins/toctweak/syntax/sidetoc.php(73)	E_WARNING: Undefined variable $section
  #0 /var/www/html/lib/plugins/toctweak/syntax/sidetoc.php(73): dokuwiki\ErrorHandler::errorHandler()
  #1 /var/www/html/inc/parser/renderer.php(126): syntax_plugin_toctweak_sidetoc->render()
  #2 /var/www/html/inc/parserutils.php(691): Doku_Renderer->plugin()
  #3 /var/www/html/inc/parserutils.php(158): p_render()
  #4 /var/www/html/inc/parserutils.php(97): p_cached_output()
  #5 /var/www/html/inc/template.php(1679): p_wiki_xhtml()
  #6 /var/www/html/lib/tpl/arcadebasic/main.php(147): tpl_include_page()
  #7 /var/www/html/inc/actions.php(30): include('...')
  #8 /var/www/html/doku.php(131): act_dispatch()
  #9 {main}
2026-06-06 09:15:16	/var/www/html/lib/plugins/toctweak/syntax/sidetoc.php(73)	E_WARNING: Undefined variable $section
  #0 /var/www/html/lib/plugins/toctweak/syntax/sidetoc.php(73): dokuwiki\ErrorHandler::errorHandler()
  #1 /var/www/html/inc/parser/renderer.php(126): syntax_plugin_toctweak_sidetoc->render()
  #2 /var/www/html/inc/parserutils.php(691): Doku_Renderer->plugin()
  #3 /var/www/html/inc/parserutils.php(158): p_render()
  #4 /var/www/html/inc/parserutils.php(97): p_cached_output()
  #5 /var/www/html/inc/template.php(1679): p_wiki_xhtml()
  #6 /var/www/html/lib/tpl/arcadebasic/main.php(147): tpl_include_page()
  #7 /var/www/html/inc/actions.php(30): include('...')
  #8 /var/www/html/doku.php(131): act_dispatch()
  #9 {main}
2026-06-06 09:26:43	/var/www/html/lib/plugins/toctweak/syntax/sidetoc.php(73)	E_WARNING: Undefined variable $section
  #0 /var/www/html/lib/plugins/toctweak/syntax/sidetoc.php(73): dokuwiki\ErrorHandler::errorHandler()
  #1 /var/www/html/inc/parser/renderer.php(126): syntax_plugin_toctweak_sidetoc->render()
  #2 /var/www/html/inc/parserutils.php(691): Doku_Renderer->plugin()
  #3 /var/www/html/inc/parserutils.php(158): p_render()
  #4 /var/www/html/inc/parserutils.php(97): p_cached_output()
  #5 /var/www/html/inc/template.php(1679): p_wiki_xhtml()
  #6 /var/www/html/lib/tpl/arcadebasic/main.php(147): tpl_include_page()
  #7 /var/www/html/inc/actions.php(30): include('...')
  #8 /var/www/html/doku.php(131): act_dispatch()
  #9 {main}
2026-06-06 09:45:24	/var/www/html/lib/plugins/toctweak/syntax/sidetoc.php(73)	E_WARNING: Undefined variable $section
  #0 /var/www/html/lib/plugins/toctweak/syntax/sidetoc.php(73): dokuwiki\ErrorHandler::errorHandler()
  #1 /var/www/html/inc/parser/renderer.php(126): syntax_plugin_toctweak_sidetoc->render()
  #2 /var/www/html/inc/parserutils.php(691): Doku_Renderer->plugin()
  #3 /var/www/html/inc/parserutils.php(158): p_render()
  #4 /var/www/html/inc/parserutils.php(97): p_cached_output()
  #5 /var/www/html/inc/template.php(1679): p_wiki_xhtml()
  #6 /var/www/html/lib/tpl/arcadebasic/main.php(147): tpl_include_page()
  #7 /var/www/html/inc/actions.php(30): include('...')
  #8 /var/www/html/doku.php(131): act_dispatch()
  #9 {main}
2026-06-06 09:48:34	/var/www/html/lib/plugins/toctweak/syntax/sidetoc.php(73)	E_WARNING: Undefined variable $section
  #0 /var/www/html/lib/plugins/toctweak/syntax/sidetoc.php(73): dokuwiki\ErrorHandler::errorHandler()
  #1 /var/www/html/inc/parser/renderer.php(126): syntax_plugin_toctweak_sidetoc->render()
  #2 /var/www/html/inc/parserutils.php(691): Doku_Renderer->plugin()
  #3 /var/www/html/inc/parserutils.php(158): p_render()
  #4 /var/www/html/inc/parserutils.php(97): p_cached_output()
  #5 /var/www/html/inc/template.php(1679): p_wiki_xhtml()
  #6 /var/www/html/lib/tpl/arcadebasic/main.php(147): tpl_include_page()
  #7 /var/www/html/inc/actions.php(30): include('...')
  #8 /var/www/html/doku.php(131): act_dispatch()
  #9 {main}
2026-06-06 09:53:56	/var/www/html/lib/plugins/toctweak/syntax/sidetoc.php(73)	E_WARNING: Undefined variable $section
  #0 /var/www/html/lib/plugins/toctweak/syntax/sidetoc.php(73): dokuwiki\ErrorHandler::errorHandler()
  #1 /var/www/html/inc/parser/renderer.php(126): syntax_plugin_toctweak_sidetoc->render()
  #2 /var/www/html/inc/parserutils.php(691): Doku_Renderer->plugin()
  #3 /var/www/html/inc/parserutils.php(158): p_render()
  #4 /var/www/html/inc/parserutils.php(97): p_cached_output()
  #5 /var/www/html/inc/template.php(1679): p_wiki_xhtml()
  #6 /var/www/html/lib/tpl/arcadebasic/main.php(147): tpl_include_page()
  #7 /var/www/html/inc/actions.php(30): include('...')
  #8 /var/www/html/doku.php(131): act_dispatch()
  #9 {main}
2026-06-06 09:58:28	/var/www/html/inc/Extension/PluginController.php(110)	E_WARNING: Undefined array key "base"
  #0 /var/www/html/inc/Extension/PluginController.php(110): dokuwiki\ErrorHandler::errorHandler()
  #1 /var/www/html/inc/pluginutils.php(55): dokuwiki\Extension\PluginController->load()
  #2 /var/www/html/inc/parserutils.php(578): plugin_load()
  #3 /var/www/html/inc/parserutils.php(222): p_get_parsermodes()
  #4 /var/www/html/inc/parserutils.php(198): p_get_instructions()
  #5 /var/www/html/inc/parserutils.php(158): p_cached_instructions()
  #6 /var/www/html/inc/parserutils.php(129): p_cached_output()
  #7 /var/www/html/inc/Ui/Index.php(35): p_locale_xhtml()
  #8 /var/www/html/inc/Action/Index.php(26): dokuwiki\Ui\Index->show()
  #9 /var/www/html/inc/template.php(120): dokuwiki\Action\Index->tplContent()
  #10 [internal function]: tpl_content_core()
  #11 /var/www/html/inc/Extension/Event.php(134): call_user_func_array()
  #12 /var/www/html/inc/Extension/Event.php(200): dokuwiki\Extension\Event->trigger()
  #13 /var/www/html/inc/template.php(102): dokuwiki\Extension\Event::createAndTrigger()
  #14 /var/www/html/lib/tpl/arcadebasic/main.php(123): tpl_content()
  #15 /var/www/html/inc/actions.php(30): include('...')
  #16 /var/www/html/doku.php(131): act_dispatch()
  #17 {main}
2026-06-06 09:58:28	/var/www/html/inc/JpegMeta.php(3183)	E_WARNING: JPEGMeta failed parsing image metadata of /var/www/html/data/media/wiki/art2.jpg. Got 0 instead of 29 bytes at offset 0.
  #0 /var/www/html/inc/JpegMeta.php(1574): JpegMeta->_getFixedString()
  #1 /var/www/html/inc/JpegMeta.php(345): JpegMeta->_parseMarkerXmp()
  #2 /var/www/html/inc/JpegMeta.php(152): JpegMeta->getXmpField()
  #3 /var/www/html/inc/JpegMeta.php(612): JpegMeta->getField()
  #4 /var/www/html/inc/JpegMeta.php(162): JpegMeta->getTitle()
  #5 /var/www/html/lib/plugins/gallery/classes/Image.php(42): JpegMeta->getField()
  #6 /var/www/html/lib/plugins/gallery/classes/ListGallery.php(29): dokuwiki\plugin\gallery\classes\Image->__construct()
  #7 /var/www/html/lib/plugins/gallery/syntax/main.php(86): dokuwiki\plugin\gallery\classes\ListGallery->__construct()
  #8 /var/www/html/inc/parser/renderer.php(126): syntax_plugin_gallery_main->render()
  #9 /var/www/html/inc/parserutils.php(535): Doku_Renderer->plugin()
  #10 /var/www/html/inc/parserutils.php(299): p_render_metadata()
  #11 /var/www/html/inc/parserutils.php(772): p_get_metadata()
  #12 /var/www/html/inc/parser/xhtml.php(1824): p_get_first_heading()
  #13 /var/www/html/inc/parser/xhtml.php(909): Doku_Renderer_xhtml->_getLinkTitle()
  #14 /var/www/html/inc/html.php(54): Doku_Renderer_xhtml->internallink()
  #15 /var/www/html/inc/Ui/Index.php(92): html_wikilink()
  #16 /var/www/html/inc/html.php(500): dokuwiki\Ui\Index->formatListItem()
  #17 /var/www/html/inc/Ui/Index.php(60): html_buildlist()
  #18 /var/www/html/inc/Ui/Index.php(37): dokuwiki\Ui\Index->sitemap()
  #19 /var/www/html/inc/Action/Index.php(26): dokuwiki\Ui\Index->show()
  #20 /var/www/html/inc/template.php(120): dokuwiki\Action\Index->tplContent()
  #21 [internal function]: tpl_content_core()
  #22 /var/www/html/inc/Extension/Event.php(134): call_user_func_array()
  #23 /var/www/html/inc/Extension/Event.php(200): dokuwiki\Extension\Event->trigger()
  #24 /var/www/html/inc/template.php(102): dokuwiki\Extension\Event::createAndTrigger()
  #25 /var/www/html/lib/tpl/arcadebasic/main.php(123): tpl_content()
  #26 /var/www/html/inc/actions.php(30): include('...')
  #27 /var/www/html/doku.php(131): act_dispatch()
  #28 {main}
2026-06-06 09:58:28	/var/www/html/inc/JpegMeta.php(3183)	E_WARNING: JPEGMeta failed parsing image metadata of /var/www/html/data/media/wiki/art3.jpg. Got 0 instead of 29 bytes at offset 0.
  #0 /var/www/html/inc/JpegMeta.php(1574): JpegMeta->_getFixedString()
  #1 /var/www/html/inc/JpegMeta.php(345): JpegMeta->_parseMarkerXmp()
  #2 /var/www/html/inc/JpegMeta.php(152): JpegMeta->getXmpField()
  #3 /var/www/html/inc/JpegMeta.php(612): JpegMeta->getField()
  #4 /var/www/html/inc/JpegMeta.php(162): JpegMeta->getTitle()
  #5 /var/www/html/lib/plugins/gallery/classes/Image.php(42): JpegMeta->getField()
  #6 /var/www/html/lib/plugins/gallery/classes/ListGallery.php(29): dokuwiki\plugin\gallery\classes\Image->__construct()
  #7 /var/www/html/lib/plugins/gallery/syntax/main.php(86): dokuwiki\plugin\gallery\classes\ListGallery->__construct()
  #8 /var/www/html/inc/parser/renderer.php(126): syntax_plugin_gallery_main->render()
  #9 /var/www/html/inc/parserutils.php(535): Doku_Renderer->plugin()
  #10 /var/www/html/inc/parserutils.php(299): p_render_metadata()
  #11 /var/www/html/inc/parserutils.php(772): p_get_metadata()
  #12 /var/www/html/inc/parser/xhtml.php(1824): p_get_first_heading()
  #13 /var/www/html/inc/parser/xhtml.php(909): Doku_Renderer_xhtml->_getLinkTitle()
  #14 /var/www/html/inc/html.php(54): Doku_Renderer_xhtml->internallink()
  #15 /var/www/html/inc/Ui/Index.php(92): html_wikilink()
  #16 /var/www/html/inc/html.php(500): dokuwiki\Ui\Index->formatListItem()
  #17 /var/www/html/inc/Ui/Index.php(60): html_buildlist()
  #18 /var/www/html/inc/Ui/Index.php(37): dokuwiki\Ui\Index->sitemap()
  #19 /var/www/html/inc/Action/Index.php(26): dokuwiki\Ui\Index->show()
  #20 /var/www/html/inc/template.php(120): dokuwiki\Action\Index->tplContent()
  #21 [internal function]: tpl_content_core()
  #22 /var/www/html/inc/Extension/Event.php(134): call_user_func_array()
  #23 /var/www/html/inc/Extension/Event.php(200): dokuwiki\Extension\Event->trigger()
  #24 /var/www/html/inc/template.php(102): dokuwiki\Extension\Event::createAndTrigger()
  #25 /var/www/html/lib/tpl/arcadebasic/main.php(123): tpl_content()
  #26 /var/www/html/inc/actions.php(30): include('...')
  #27 /var/www/html/doku.php(131): act_dispatch()
  #28 {main}
2026-06-06 09:58:28	/var/www/html/inc/JpegMeta.php(3183)	E_WARNING: JPEGMeta failed parsing image metadata of /var/www/html/data/media/wiki/art4.jpg. Got 0 instead of 29 bytes at offset 0.
  #0 /var/www/html/inc/JpegMeta.php(1574): JpegMeta->_getFixedString()
  #1 /var/www/html/inc/JpegMeta.php(345): JpegMeta->_parseMarkerXmp()
  #2 /var/www/html/inc/JpegMeta.php(152): JpegMeta->getXmpField()
  #3 /var/www/html/inc/JpegMeta.php(612): JpegMeta->getField()
  #4 /var/www/html/inc/JpegMeta.php(162): JpegMeta->getTitle()
  #5 /var/www/html/lib/plugins/gallery/classes/Image.php(42): JpegMeta->getField()
  #6 /var/www/html/lib/plugins/gallery/classes/ListGallery.php(29): dokuwiki\plugin\gallery\classes\Image->__construct()
  #7 /var/www/html/lib/plugins/gallery/syntax/main.php(86): dokuwiki\plugin\gallery\classes\ListGallery->__construct()
  #8 /var/www/html/inc/parser/renderer.php(126): syntax_plugin_gallery_main->render()
  #9 /var/www/html/inc/parserutils.php(535): Doku_Renderer->plugin()
  #10 /var/www/html/inc/parserutils.php(299): p_render_metadata()
  #11 /var/www/html/inc/parserutils.php(772): p_get_metadata()
  #12 /var/www/html/inc/parser/xhtml.php(1824): p_get_first_heading()
  #13 /var/www/html/inc/parser/xhtml.php(909): Doku_Renderer_xhtml->_getLinkTitle()
  #14 /var/www/html/inc/html.php(54): Doku_Renderer_xhtml->internallink()
  #15 /var/www/html/inc/Ui/Index.php(92): html_wikilink()
  #16 /var/www/html/inc/html.php(500): dokuwiki\Ui\Index->formatListItem()
  #17 /var/www/html/inc/Ui/Index.php(60): html_buildlist()
  #18 /var/www/html/inc/Ui/Index.php(37): dokuwiki\Ui\Index->sitemap()
  #19 /var/www/html/inc/Action/Index.php(26): dokuwiki\Ui\Index->show()
  #20 /var/www/html/inc/template.php(120): dokuwiki\Action\Index->tplContent()
  #21 [internal function]: tpl_content_core()
  #22 /var/www/html/inc/Extension/Event.php(134): call_user_func_array()
  #23 /var/www/html/inc/Extension/Event.php(200): dokuwiki\Extension\Event->trigger()
  #24 /var/www/html/inc/template.php(102): dokuwiki\Extension\Event::createAndTrigger()
  #25 /var/www/html/lib/tpl/arcadebasic/main.php(123): tpl_content()
  #26 /var/www/html/inc/actions.php(30): include('...')
  #27 /var/www/html/doku.php(131): act_dispatch()
  #28 {main}
2026-06-06 09:58:28	/var/www/html/inc/parser/metadata.php(620)	E_WARNING: Array to string conversion
  #0 /var/www/html/inc/parser/metadata.php(620): dokuwiki\ErrorHandler::errorHandler()
  #1 /var/www/html/lib/plugins/gallery/classes/BasicFormatter.php(68): Doku_Renderer_metadata->internalmedia()
  #2 /var/www/html/lib/plugins/gallery/classes/BasicFormatter.php(41): dokuwiki\plugin\gallery\classes\BasicFormatter->renderImage()
  #3 /var/www/html/lib/plugins/gallery/syntax/main.php(99): dokuwiki\plugin\gallery\classes\BasicFormatter->render()
  #4 /var/www/html/inc/parser/renderer.php(126): syntax_plugin_gallery_main->render()
  #5 /var/www/html/inc/parserutils.php(535): Doku_Renderer->plugin()
  #6 /var/www/html/inc/parserutils.php(299): p_render_metadata()
  #7 /var/www/html/inc/parserutils.php(772): p_get_metadata()
  #8 /var/www/html/inc/parser/xhtml.php(1824): p_get_first_heading()
  #9 /var/www/html/inc/parser/xhtml.php(909): Doku_Renderer_xhtml->_getLinkTitle()
  #10 /var/www/html/inc/html.php(54): Doku_Renderer_xhtml->internallink()
  #11 /var/www/html/inc/Ui/Index.php(92): html_wikilink()
  #12 /var/www/html/inc/html.php(500): dokuwiki\Ui\Index->formatListItem()
  #13 /var/www/html/inc/Ui/Index.php(60): html_buildlist()
  #14 /var/www/html/inc/Ui/Index.php(37): dokuwiki\Ui\Index->sitemap()
  #15 /var/www/html/inc/Action/Index.php(26): dokuwiki\Ui\Index->show()
  #16 /var/www/html/inc/template.php(120): dokuwiki\Action\Index->tplContent()
  #17 [internal function]: tpl_content_core()
  #18 /var/www/html/inc/Extension/Event.php(134): call_user_func_array()
  #19 /var/www/html/inc/Extension/Event.php(200): dokuwiki\Extension\Event->trigger()
  #20 /var/www/html/inc/template.php(102): dokuwiki\Extension\Event::createAndTrigger()
  #21 /var/www/html/lib/tpl/arcadebasic/main.php(123): tpl_content()
  #22 /var/www/html/inc/actions.php(30): include('...')
  #23 /var/www/html/doku.php(131): act_dispatch()
  #24 {main}
2026-06-06 09:58:28	/var/www/html/inc/parser/metadata.php(620)	E_WARNING: Array to string conversion
  #0 /var/www/html/inc/parser/metadata.php(620): dokuwiki\ErrorHandler::errorHandler()
  #1 /var/www/html/lib/plugins/gallery/classes/BasicFormatter.php(68): Doku_Renderer_metadata->internalmedia()
  #2 /var/www/html/lib/plugins/gallery/classes/BasicFormatter.php(41): dokuwiki\plugin\gallery\classes\BasicFormatter->renderImage()
  #3 /var/www/html/lib/plugins/gallery/syntax/main.php(99): dokuwiki\plugin\gallery\classes\BasicFormatter->render()
  #4 /var/www/html/inc/parser/renderer.php(126): syntax_plugin_gallery_main->render()
  #5 /var/www/html/inc/parserutils.php(535): Doku_Renderer->plugin()
  #6 /var/www/html/inc/parserutils.php(299): p_render_metadata()
  #7 /var/www/html/inc/parserutils.php(772): p_get_metadata()
  #8 /var/www/html/inc/parser/xhtml.php(1824): p_get_first_heading()
  #9 /var/www/html/inc/parser/xhtml.php(909): Doku_Renderer_xhtml->_getLinkTitle()
  #10 /var/www/html/inc/html.php(54): Doku_Renderer_xhtml->internallink()
  #11 /var/www/html/inc/Ui/Index.php(92): html_wikilink()
  #12 /var/www/html/inc/html.php(500): dokuwiki\Ui\Index->formatListItem()
  #13 /var/www/html/inc/Ui/Index.php(60): html_buildlist()
  #14 /var/www/html/inc/Ui/Index.php(37): dokuwiki\Ui\Index->sitemap()
  #15 /var/www/html/inc/Action/Index.php(26): dokuwiki\Ui\Index->show()
  #16 /var/www/html/inc/template.php(120): dokuwiki\Action\Index->tplContent()
  #17 [internal function]: tpl_content_core()
  #18 /var/www/html/inc/Extension/Event.php(134): call_user_func_array()
  #19 /var/www/html/inc/Extension/Event.php(200): dokuwiki\Extension\Event->trigger()
  #20 /var/www/html/inc/template.php(102): dokuwiki\Extension\Event::createAndTrigger()
  #21 /var/www/html/lib/tpl/arcadebasic/main.php(123): tpl_content()
  #22 /var/www/html/inc/actions.php(30): include('...')
  #23 /var/www/html/doku.php(131): act_dispatch()
  #24 {main}
2026-06-06 09:58:28	/var/www/html/inc/parser/metadata.php(620)	E_WARNING: Array to string conversion
  #0 /var/www/html/inc/parser/metadata.php(620): dokuwiki\ErrorHandler::errorHandler()
  #1 /var/www/html/lib/plugins/gallery/classes/BasicFormatter.php(68): Doku_Renderer_metadata->internalmedia()
  #2 /var/www/html/lib/plugins/gallery/classes/BasicFormatter.php(41): dokuwiki\plugin\gallery\classes\BasicFormatter->renderImage()
  #3 /var/www/html/lib/plugins/gallery/syntax/main.php(99): dokuwiki\plugin\gallery\classes\BasicFormatter->render()
  #4 /var/www/html/inc/parser/renderer.php(126): syntax_plugin_gallery_main->render()
  #5 /var/www/html/inc/parserutils.php(535): Doku_Renderer->plugin()
  #6 /var/www/html/inc/parserutils.php(299): p_render_metadata()
  #7 /var/www/html/inc/parserutils.php(772): p_get_metadata()
  #8 /var/www/html/inc/parser/xhtml.php(1824): p_get_first_heading()
  #9 /var/www/html/inc/parser/xhtml.php(909): Doku_Renderer_xhtml->_getLinkTitle()
  #10 /var/www/html/inc/html.php(54): Doku_Renderer_xhtml->internallink()
  #11 /var/www/html/inc/Ui/Index.php(92): html_wikilink()
  #12 /var/www/html/inc/html.php(500): dokuwiki\Ui\Index->formatListItem()
  #13 /var/www/html/inc/Ui/Index.php(60): html_buildlist()
  #14 /var/www/html/inc/Ui/Index.php(37): dokuwiki\Ui\Index->sitemap()
  #15 /var/www/html/inc/Action/Index.php(26): dokuwiki\Ui\Index->show()
  #16 /var/www/html/inc/template.php(120): dokuwiki\Action\Index->tplContent()
  #17 [internal function]: tpl_content_core()
  #18 /var/www/html/inc/Extension/Event.php(134): call_user_func_array()
  #19 /var/www/html/inc/Extension/Event.php(200): dokuwiki\Extension\Event->trigger()
  #20 /var/www/html/inc/template.php(102): dokuwiki\Extension\Event::createAndTrigger()
  #21 /var/www/html/lib/tpl/arcadebasic/main.php(123): tpl_content()
  #22 /var/www/html/inc/actions.php(30): include('...')
  #23 /var/www/html/doku.php(131): act_dispatch()
  #24 {main}
2026-06-06 09:58:28	/var/www/html/inc/parser/metadata.php(620)	E_WARNING: Array to string conversion
  #0 /var/www/html/inc/parser/metadata.php(620): dokuwiki\ErrorHandler::errorHandler()
  #1 /var/www/html/lib/plugins/gallery/classes/BasicFormatter.php(68): Doku_Renderer_metadata->internalmedia()
  #2 /var/www/html/lib/plugins/gallery/classes/BasicFormatter.php(41): dokuwiki\plugin\gallery\classes\BasicFormatter->renderImage()
  #3 /var/www/html/lib/plugins/gallery/syntax/main.php(99): dokuwiki\plugin\gallery\classes\BasicFormatter->render()
  #4 /var/www/html/inc/parser/renderer.php(126): syntax_plugin_gallery_main->render()
  #5 /var/www/html/inc/parserutils.php(535): Doku_Renderer->plugin()
  #6 /var/www/html/inc/parserutils.php(299): p_render_metadata()
  #7 /var/www/html/inc/parserutils.php(772): p_get_metadata()
  #8 /var/www/html/inc/parser/xhtml.php(1824): p_get_first_heading()
  #9 /var/www/html/inc/parser/xhtml.php(909): Doku_Renderer_xhtml->_getLinkTitle()
  #10 /var/www/html/inc/html.php(54): Doku_Renderer_xhtml->internallink()
  #11 /var/www/html/inc/Ui/Index.php(92): html_wikilink()
  #12 /var/www/html/inc/html.php(500): dokuwiki\Ui\Index->formatListItem()
  #13 /var/www/html/inc/Ui/Index.php(60): html_buildlist()
  #14 /var/www/html/inc/Ui/Index.php(37): dokuwiki\Ui\Index->sitemap()
  #15 /var/www/html/inc/Action/Index.php(26): dokuwiki\Ui\Index->show()
  #16 /var/www/html/inc/template.php(120): dokuwiki\Action\Index->tplContent()
  #17 [internal function]: tpl_content_core()
  #18 /var/www/html/inc/Extension/Event.php(134): call_user_func_array()
  #19 /var/www/html/inc/Extension/Event.php(200): dokuwiki\Extension\Event->trigger()
  #20 /var/www/html/inc/template.php(102): dokuwiki\Extension\Event::createAndTrigger()
  #21 /var/www/html/lib/tpl/arcadebasic/main.php(123): tpl_content()
  #22 /var/www/html/inc/actions.php(30): include('...')
  #23 /var/www/html/doku.php(131): act_dispatch()
  #24 {main}
2026-06-06 09:58:28	/var/www/html/inc/parser/metadata.php(620)	E_WARNING: Array to string conversion
  #0 /var/www/html/inc/parser/metadata.php(620): dokuwiki\ErrorHandler::errorHandler()
  #1 /var/www/html/lib/plugins/gallery/classes/BasicFormatter.php(68): Doku_Renderer_metadata->internalmedia()
  #2 /var/www/html/lib/plugins/gallery/classes/BasicFormatter.php(41): dokuwiki\plugin\gallery\classes\BasicFormatter->renderImage()
  #3 /var/www/html/lib/plugins/gallery/syntax/main.php(99): dokuwiki\plugin\gallery\classes\BasicFormatter->render()
  #4 /var/www/html/inc/parser/renderer.php(126): syntax_plugin_gallery_main->render()
  #5 /var/www/html/inc/parserutils.php(535): Doku_Renderer->plugin()
  #6 /var/www/html/inc/parserutils.php(299): p_render_metadata()
  #7 /var/www/html/inc/parserutils.php(772): p_get_metadata()
  #8 /var/www/html/inc/parser/xhtml.php(1824): p_get_first_heading()
  #9 /var/www/html/inc/parser/xhtml.php(909): Doku_Renderer_xhtml->_getLinkTitle()
  #10 /var/www/html/inc/html.php(54): Doku_Renderer_xhtml->internallink()
  #11 /var/www/html/inc/Ui/Index.php(92): html_wikilink()
  #12 /var/www/html/inc/html.php(500): dokuwiki\Ui\Index->formatListItem()
  #13 /var/www/html/inc/Ui/Index.php(60): html_buildlist()
  #14 /var/www/html/inc/Ui/Index.php(37): dokuwiki\Ui\Index->sitemap()
  #15 /var/www/html/inc/Action/Index.php(26): dokuwiki\Ui\Index->show()
  #16 /var/www/html/inc/template.php(120): dokuwiki\Action\Index->tplContent()
  #17 [internal function]: tpl_content_core()
  #18 /var/www/html/inc/Extension/Event.php(134): call_user_func_array()
  #19 /var/www/html/inc/Extension/Event.php(200): dokuwiki\Extension\Event->trigger()
  #20 /var/www/html/inc/template.php(102): dokuwiki\Extension\Event::createAndTrigger()
  #21 /var/www/html/lib/tpl/arcadebasic/main.php(123): tpl_content()
  #22 /var/www/html/inc/actions.php(30): include('...')
  #23 /var/www/html/doku.php(131): act_dispatch()
  #24 {main}
2026-06-06 10:17:04	/var/www/html/lib/plugins/toctweak/syntax/sidetoc.php(73)	E_WARNING: Undefined variable $section
  #0 /var/www/html/lib/plugins/toctweak/syntax/sidetoc.php(73): dokuwiki\ErrorHandler::errorHandler()
  #1 /var/www/html/inc/parser/renderer.php(126): syntax_plugin_toctweak_sidetoc->render()
  #2 /var/www/html/inc/parserutils.php(691): Doku_Renderer->plugin()
  #3 /var/www/html/inc/parserutils.php(158): p_render()
  #4 /var/www/html/inc/parserutils.php(97): p_cached_output()
  #5 /var/www/html/inc/template.php(1679): p_wiki_xhtml()
  #6 /var/www/html/lib/tpl/arcadebasic/main.php(147): tpl_include_page()
  #7 /var/www/html/inc/actions.php(30): include('...')
  #8 /var/www/html/doku.php(131): act_dispatch()
  #9 {main}
2026-06-06 10:25:29	/var/www/html/lib/plugins/toctweak/syntax/sidetoc.php(73)	E_WARNING: Undefined variable $section
  #0 /var/www/html/lib/plugins/toctweak/syntax/sidetoc.php(73): dokuwiki\ErrorHandler::errorHandler()
  #1 /var/www/html/inc/parser/renderer.php(126): syntax_plugin_toctweak_sidetoc->render()
  #2 /var/www/html/inc/parserutils.php(691): Doku_Renderer->plugin()
  #3 /var/www/html/inc/parserutils.php(158): p_render()
  #4 /var/www/html/inc/parserutils.php(97): p_cached_output()
  #5 /var/www/html/inc/template.php(1679): p_wiki_xhtml()
  #6 /var/www/html/lib/tpl/arcadebasic/main.php(147): tpl_include_page()
  #7 /var/www/html/inc/actions.php(30): include('...')
  #8 /var/www/html/doku.php(131): act_dispatch()
  #9 {main}
2026-06-06 10:26:37	/var/www/html/lib/plugins/toctweak/syntax/sidetoc.php(73)	E_WARNING: Undefined variable $section
  #0 /var/www/html/lib/plugins/toctweak/syntax/sidetoc.php(73): dokuwiki\ErrorHandler::errorHandler()
  #1 /var/www/html/inc/parser/renderer.php(126): syntax_plugin_toctweak_sidetoc->render()
  #2 /var/www/html/inc/parserutils.php(691): Doku_Renderer->plugin()
  #3 /var/www/html/inc/parserutils.php(158): p_render()
  #4 /var/www/html/inc/parserutils.php(97): p_cached_output()
  #5 /var/www/html/inc/template.php(1679): p_wiki_xhtml()
  #6 /var/www/html/lib/tpl/arcadebasic/main.php(147): tpl_include_page()
  #7 /var/www/html/inc/actions.php(30): include('...')
  #8 /var/www/html/doku.php(131): act_dispatch()
  #9 {main}
2026-06-06 10:45:39	/var/www/html/lib/plugins/toctweak/syntax/sidetoc.php(73)	E_WARNING: Undefined variable $section
  #0 /var/www/html/lib/plugins/toctweak/syntax/sidetoc.php(73): dokuwiki\ErrorHandler::errorHandler()
  #1 /var/www/html/inc/parser/renderer.php(126): syntax_plugin_toctweak_sidetoc->render()
  #2 /var/www/html/inc/parserutils.php(691): Doku_Renderer->plugin()
  #3 /var/www/html/inc/parserutils.php(158): p_render()
  #4 /var/www/html/inc/parserutils.php(97): p_cached_output()
  #5 /var/www/html/inc/template.php(1679): p_wiki_xhtml()
  #6 /var/www/html/lib/tpl/arcadebasic/main.php(147): tpl_include_page()
  #7 /var/www/html/inc/actions.php(30): include('...')
  #8 /var/www/html/doku.php(131): act_dispatch()
  #9 {main}
2026-06-06 10:55:21	/var/www/html/inc/Extension/PluginController.php(110)	E_WARNING: Undefined array key "base"
  #0 /var/www/html/inc/Extension/PluginController.php(110): dokuwiki\ErrorHandler::errorHandler()
  #1 /var/www/html/inc/pluginutils.php(55): dokuwiki\Extension\PluginController->load()
  #2 /var/www/html/inc/parserutils.php(578): plugin_load()
  #3 /var/www/html/inc/parserutils.php(222): p_get_parsermodes()
  #4 /var/www/html/inc/parserutils.php(198): p_get_instructions()
  #5 /var/www/html/inc/parserutils.php(520): p_cached_instructions()
  #6 /var/www/html/inc/parserutils.php(299): p_render_metadata()
  #7 /var/www/html/inc/common.php(264): p_get_metadata()
  #8 /var/www/html/doku.php(101): pageinfo()
  #9 {main}
2026-06-06 10:55:21	/var/www/html/lib/plugins/toctweak/syntax/sidetoc.php(73)	E_WARNING: Undefined variable $section
  #0 /var/www/html/lib/plugins/toctweak/syntax/sidetoc.php(73): dokuwiki\ErrorHandler::errorHandler()
  #1 /var/www/html/inc/parser/renderer.php(126): syntax_plugin_toctweak_sidetoc->render()
  #2 /var/www/html/inc/parserutils.php(691): Doku_Renderer->plugin()
  #3 /var/www/html/inc/parserutils.php(158): p_render()
  #4 /var/www/html/inc/parserutils.php(97): p_cached_output()
  #5 /var/www/html/inc/template.php(1679): p_wiki_xhtml()
  #6 /var/www/html/lib/tpl/arcadebasic/main.php(147): tpl_include_page()
  #7 /var/www/html/inc/actions.php(30): include('...')
  #8 /var/www/html/doku.php(131): act_dispatch()
  #9 {main}
2026-06-06 11:05:56	/var/www/html/lib/plugins/toctweak/syntax/sidetoc.php(73)	E_WARNING: Undefined variable $section
  #0 /var/www/html/lib/plugins/toctweak/syntax/sidetoc.php(73): dokuwiki\ErrorHandler::errorHandler()
  #1 /var/www/html/inc/parser/renderer.php(126): syntax_plugin_toctweak_sidetoc->render()
  #2 /var/www/html/inc/parserutils.php(691): Doku_Renderer->plugin()
  #3 /var/www/html/inc/parserutils.php(158): p_render()
  #4 /var/www/html/inc/parserutils.php(97): p_cached_output()
  #5 /var/www/html/inc/template.php(1679): p_wiki_xhtml()
  #6 /var/www/html/lib/tpl/arcadebasic/main.php(147): tpl_include_page()
  #7 /var/www/html/inc/actions.php(30): include('...')
  #8 /var/www/html/doku.php(131): act_dispatch()
  #9 {main}
2026-06-06 11:18:07	/var/www/html/lib/plugins/toctweak/syntax/sidetoc.php(73)	E_WARNING: Undefined variable $section
  #0 /var/www/html/lib/plugins/toctweak/syntax/sidetoc.php(73): dokuwiki\ErrorHandler::errorHandler()
  #1 /var/www/html/inc/parser/renderer.php(126): syntax_plugin_toctweak_sidetoc->render()
  #2 /var/www/html/inc/parserutils.php(691): Doku_Renderer->plugin()
  #3 /var/www/html/inc/parserutils.php(158): p_render()
  #4 /var/www/html/inc/parserutils.php(97): p_cached_output()
  #5 /var/www/html/inc/template.php(1679): p_wiki_xhtml()
  #6 /var/www/html/lib/tpl/arcadebasic/main.php(147): tpl_include_page()
  #7 /var/www/html/inc/actions.php(30): include('...')
  #8 /var/www/html/doku.php(131): act_dispatch()
  #9 {main}
2026-06-06 11:26:34	/var/www/html/inc/Extension/PluginController.php(110)	E_WARNING: Undefined array key "base"
  #0 /var/www/html/inc/Extension/PluginController.php(110): dokuwiki\ErrorHandler::errorHandler()
  #1 /var/www/html/inc/pluginutils.php(55): dokuwiki\Extension\PluginController->load()
  #2 /var/www/html/inc/parserutils.php(578): plugin_load()
  #3 /var/www/html/inc/parserutils.php(222): p_get_parsermodes()
  #4 /var/www/html/inc/parserutils.php(198): p_get_instructions()
  #5 /var/www/html/inc/parserutils.php(520): p_cached_instructions()
  #6 /var/www/html/inc/parserutils.php(299): p_render_metadata()
  #7 /var/www/html/inc/common.php(264): p_get_metadata()
  #8 /var/www/html/doku.php(101): pageinfo()
  #9 {main}
2026-06-06 11:26:34	/var/www/html/lib/plugins/toctweak/helper.php(37)	E_WARNING: Undefined array key 1
  #0 /var/www/html/lib/plugins/toctweak/helper.php(37): dokuwiki\ErrorHandler::errorHandler()
  #1 /var/www/html/lib/plugins/toctweak/syntax/autotoc.php(51): helper_plugin_toctweak->parse()
  #2 /var/www/html/inc/parser/handler.php(298): syntax_plugin_toctweak_autotoc->handle()
  #3 /var/www/html/inc/Parsing/Lexer/Lexer.php(269): Doku_Handler->plugin()
  #4 /var/www/html/inc/Parsing/Lexer/Lexer.php(196): dokuwiki\Parsing\Lexer\Lexer->invokeHandler()
  #5 /var/www/html/inc/Parsing/Lexer/Lexer.php(146): dokuwiki\Parsing\Lexer\Lexer->dispatchTokens()
  #6 /var/www/html/inc/Parsing/Parser.php(113): dokuwiki\Parsing\Lexer\Lexer->parse()
  #7 /var/www/html/inc/parserutils.php(234): dokuwiki\Parsing\Parser->parse()
  #8 /var/www/html/inc/parserutils.php(198): p_get_instructions()
  #9 /var/www/html/inc/parserutils.php(520): p_cached_instructions()
  #10 /var/www/html/inc/parserutils.php(299): p_render_metadata()
  #11 /var/www/html/inc/common.php(264): p_get_metadata()
  #12 /var/www/html/doku.php(101): pageinfo()
  #13 {main}
2026-06-06 11:26:34	/var/www/html/lib/plugins/toctweak/helper.php(38)	E_WARNING: Undefined array key 1
  #0 /var/www/html/lib/plugins/toctweak/helper.php(38): dokuwiki\ErrorHandler::errorHandler()
  #1 /var/www/html/lib/plugins/toctweak/syntax/autotoc.php(51): helper_plugin_toctweak->parse()
  #2 /var/www/html/inc/parser/handler.php(298): syntax_plugin_toctweak_autotoc->handle()
  #3 /var/www/html/inc/Parsing/Lexer/Lexer.php(269): Doku_Handler->plugin()
  #4 /var/www/html/inc/Parsing/Lexer/Lexer.php(196): dokuwiki\Parsing\Lexer\Lexer->invokeHandler()
  #5 /var/www/html/inc/Parsing/Lexer/Lexer.php(146): dokuwiki\Parsing\Lexer\Lexer->dispatchTokens()
  #6 /var/www/html/inc/Parsing/Parser.php(113): dokuwiki\Parsing\Lexer\Lexer->parse()
  #7 /var/www/html/inc/parserutils.php(234): dokuwiki\Parsing\Parser->parse()
  #8 /var/www/html/inc/parserutils.php(198): p_get_instructions()
  #9 /var/www/html/inc/parserutils.php(520): p_cached_instructions()
  #10 /var/www/html/inc/parserutils.php(299): p_render_metadata()
  #11 /var/www/html/inc/common.php(264): p_get_metadata()
  #12 /var/www/html/doku.php(101): pageinfo()
  #13 {main}
2026-06-06 11:26:34	/var/www/html/lib/plugins/toctweak/helper.php(85)	E_WARNING: Undefined variable $topLv
  #0 /var/www/html/lib/plugins/toctweak/helper.php(85): dokuwiki\ErrorHandler::errorHandler()
  #1 /var/www/html/lib/plugins/toctweak/syntax/autotoc.php(51): helper_plugin_toctweak->parse()
  #2 /var/www/html/inc/parser/handler.php(298): syntax_plugin_toctweak_autotoc->handle()
  #3 /var/www/html/inc/Parsing/Lexer/Lexer.php(269): Doku_Handler->plugin()
  #4 /var/www/html/inc/Parsing/Lexer/Lexer.php(196): dokuwiki\Parsing\Lexer\Lexer->invokeHandler()
  #5 /var/www/html/inc/Parsing/Lexer/Lexer.php(146): dokuwiki\Parsing\Lexer\Lexer->dispatchTokens()
  #6 /var/www/html/inc/Parsing/Parser.php(113): dokuwiki\Parsing\Lexer\Lexer->parse()
  #7 /var/www/html/inc/parserutils.php(234): dokuwiki\Parsing\Parser->parse()
  #8 /var/www/html/inc/parserutils.php(198): p_get_instructions()
  #9 /var/www/html/inc/parserutils.php(520): p_cached_instructions()
  #10 /var/www/html/inc/parserutils.php(299): p_render_metadata()
  #11 /var/www/html/inc/common.php(264): p_get_metadata()
  #12 /var/www/html/doku.php(101): pageinfo()
  #13 {main}
2026-06-06 11:26:34	/var/www/html/lib/plugins/toctweak/helper.php(85)	E_WARNING: Undefined variable $maxLv
  #0 /var/www/html/lib/plugins/toctweak/helper.php(85): dokuwiki\ErrorHandler::errorHandler()
  #1 /var/www/html/lib/plugins/toctweak/syntax/autotoc.php(51): helper_plugin_toctweak->parse()
  #2 /var/www/html/inc/parser/handler.php(298): syntax_plugin_toctweak_autotoc->handle()
  #3 /var/www/html/inc/Parsing/Lexer/Lexer.php(269): Doku_Handler->plugin()
  #4 /var/www/html/inc/Parsing/Lexer/Lexer.php(196): dokuwiki\Parsing\Lexer\Lexer->invokeHandler()
  #5 /var/www/html/inc/Parsing/Lexer/Lexer.php(146): dokuwiki\Parsing\Lexer\Lexer->dispatchTokens()
  #6 /var/www/html/inc/Parsing/Parser.php(113): dokuwiki\Parsing\Lexer\Lexer->parse()
  #7 /var/www/html/inc/parserutils.php(234): dokuwiki\Parsing\Parser->parse()
  #8 /var/www/html/inc/parserutils.php(198): p_get_instructions()
  #9 /var/www/html/inc/parserutils.php(520): p_cached_instructions()
  #10 /var/www/html/inc/parserutils.php(299): p_render_metadata()
  #11 /var/www/html/inc/common.php(264): p_get_metadata()
  #12 /var/www/html/doku.php(101): pageinfo()
  #13 {main}
2026-06-06 11:26:34	/var/www/html/lib/plugins/toctweak/syntax/sidetoc.php(73)	E_WARNING: Undefined variable $section
  #0 /var/www/html/lib/plugins/toctweak/syntax/sidetoc.php(73): dokuwiki\ErrorHandler::errorHandler()
  #1 /var/www/html/inc/parser/renderer.php(126): syntax_plugin_toctweak_sidetoc->render()
  #2 /var/www/html/inc/parserutils.php(691): Doku_Renderer->plugin()
  #3 /var/www/html/inc/parserutils.php(158): p_render()
  #4 /var/www/html/inc/parserutils.php(97): p_cached_output()
  #5 /var/www/html/inc/template.php(1679): p_wiki_xhtml()
  #6 /var/www/html/lib/tpl/arcadebasic/main.php(147): tpl_include_page()
  #7 /var/www/html/inc/actions.php(30): include('...')
  #8 /var/www/html/doku.php(131): act_dispatch()
  #9 {main}
2026-06-06 11:33:37	/var/www/html/inc/JpegMeta.php(3183)	E_WARNING: JPEGMeta failed parsing image metadata of /var/www/html/data/media/wiki/art2.jpg. Got 0 instead of 29 bytes at offset 0.
  #0 /var/www/html/inc/JpegMeta.php(1574): JpegMeta->_getFixedString()
  #1 /var/www/html/inc/JpegMeta.php(345): JpegMeta->_parseMarkerXmp()
  #2 /var/www/html/inc/JpegMeta.php(152): JpegMeta->getXmpField()
  #3 /var/www/html/inc/JpegMeta.php(612): JpegMeta->getField()
  #4 /var/www/html/inc/JpegMeta.php(162): JpegMeta->getTitle()
  #5 /var/www/html/lib/plugins/gallery/classes/Image.php(42): JpegMeta->getField()
  #6 /var/www/html/lib/plugins/gallery/classes/ListGallery.php(29): dokuwiki\plugin\gallery\classes\Image->__construct()
  #7 /var/www/html/lib/plugins/gallery/syntax/main.php(86): dokuwiki\plugin\gallery\classes\ListGallery->__construct()
  #8 /var/www/html/inc/parser/renderer.php(126): syntax_plugin_gallery_main->render()
  #9 /var/www/html/inc/parserutils.php(691): Doku_Renderer->plugin()
  #10 /var/www/html/inc/parserutils.php(158): p_render()
  #11 /var/www/html/inc/parserutils.php(97): p_cached_output()
  #12 /var/www/html/inc/Ui/PageView.php(67): p_wiki_xhtml()
  #13 /var/www/html/inc/Action/Show.php(40): dokuwiki\Ui\PageView->show()
  #14 /var/www/html/inc/template.php(120): dokuwiki\Action\Show->tplContent()
  #15 [internal function]: tpl_content_core()
  #16 /var/www/html/inc/Extension/Event.php(134): call_user_func_array()
  #17 /var/www/html/inc/Extension/Event.php(200): dokuwiki\Extension\Event->trigger()
  #18 /var/www/html/inc/template.php(102): dokuwiki\Extension\Event::createAndTrigger()
  #19 /var/www/html/lib/tpl/arcadebasic/main.php(123): tpl_content()
  #20 /var/www/html/inc/actions.php(30): include('...')
  #21 /var/www/html/doku.php(131): act_dispatch()
  #22 {main}
2026-06-06 11:33:37	/var/www/html/inc/JpegMeta.php(3183)	E_WARNING: JPEGMeta failed parsing image metadata of /var/www/html/data/media/wiki/art3.jpg. Got 0 instead of 29 bytes at offset 0.
  #0 /var/www/html/inc/JpegMeta.php(1574): JpegMeta->_getFixedString()
  #1 /var/www/html/inc/JpegMeta.php(345): JpegMeta->_parseMarkerXmp()
  #2 /var/www/html/inc/JpegMeta.php(152): JpegMeta->getXmpField()
  #3 /var/www/html/inc/JpegMeta.php(612): JpegMeta->getField()
  #4 /var/www/html/inc/JpegMeta.php(162): JpegMeta->getTitle()
  #5 /var/www/html/lib/plugins/gallery/classes/Image.php(42): JpegMeta->getField()
  #6 /var/www/html/lib/plugins/gallery/classes/ListGallery.php(29): dokuwiki\plugin\gallery\classes\Image->__construct()
  #7 /var/www/html/lib/plugins/gallery/syntax/main.php(86): dokuwiki\plugin\gallery\classes\ListGallery->__construct()
  #8 /var/www/html/inc/parser/renderer.php(126): syntax_plugin_gallery_main->render()
  #9 /var/www/html/inc/parserutils.php(691): Doku_Renderer->plugin()
  #10 /var/www/html/inc/parserutils.php(158): p_render()
  #11 /var/www/html/inc/parserutils.php(97): p_cached_output()
  #12 /var/www/html/inc/Ui/PageView.php(67): p_wiki_xhtml()
  #13 /var/www/html/inc/Action/Show.php(40): dokuwiki\Ui\PageView->show()
  #14 /var/www/html/inc/template.php(120): dokuwiki\Action\Show->tplContent()
  #15 [internal function]: tpl_content_core()
  #16 /var/www/html/inc/Extension/Event.php(134): call_user_func_array()
  #17 /var/www/html/inc/Extension/Event.php(200): dokuwiki\Extension\Event->trigger()
  #18 /var/www/html/inc/template.php(102): dokuwiki\Extension\Event::createAndTrigger()
  #19 /var/www/html/lib/tpl/arcadebasic/main.php(123): tpl_content()
  #20 /var/www/html/inc/actions.php(30): include('...')
  #21 /var/www/html/doku.php(131): act_dispatch()
  #22 {main}
2026-06-06 11:33:37	/var/www/html/inc/JpegMeta.php(3183)	E_WARNING: JPEGMeta failed parsing image metadata of /var/www/html/data/media/wiki/art4.jpg. Got 0 instead of 29 bytes at offset 0.
  #0 /var/www/html/inc/JpegMeta.php(1574): JpegMeta->_getFixedString()
  #1 /var/www/html/inc/JpegMeta.php(345): JpegMeta->_parseMarkerXmp()
  #2 /var/www/html/inc/JpegMeta.php(152): JpegMeta->getXmpField()
  #3 /var/www/html/inc/JpegMeta.php(612): JpegMeta->getField()
  #4 /var/www/html/inc/JpegMeta.php(162): JpegMeta->getTitle()
  #5 /var/www/html/lib/plugins/gallery/classes/Image.php(42): JpegMeta->getField()
  #6 /var/www/html/lib/plugins/gallery/classes/ListGallery.php(29): dokuwiki\plugin\gallery\classes\Image->__construct()
  #7 /var/www/html/lib/plugins/gallery/syntax/main.php(86): dokuwiki\plugin\gallery\classes\ListGallery->__construct()
  #8 /var/www/html/inc/parser/renderer.php(126): syntax_plugin_gallery_main->render()
  #9 /var/www/html/inc/parserutils.php(691): Doku_Renderer->plugin()
  #10 /var/www/html/inc/parserutils.php(158): p_render()
  #11 /var/www/html/inc/parserutils.php(97): p_cached_output()
  #12 /var/www/html/inc/Ui/PageView.php(67): p_wiki_xhtml()
  #13 /var/www/html/inc/Action/Show.php(40): dokuwiki\Ui\PageView->show()
  #14 /var/www/html/inc/template.php(120): dokuwiki\Action\Show->tplContent()
  #15 [internal function]: tpl_content_core()
  #16 /var/www/html/inc/Extension/Event.php(134): call_user_func_array()
  #17 /var/www/html/inc/Extension/Event.php(200): dokuwiki\Extension\Event->trigger()
  #18 /var/www/html/inc/template.php(102): dokuwiki\Extension\Event::createAndTrigger()
  #19 /var/www/html/lib/tpl/arcadebasic/main.php(123): tpl_content()
  #20 /var/www/html/inc/actions.php(30): include('...')
  #21 /var/www/html/doku.php(131): act_dispatch()
  #22 {main}
2026-06-06 11:33:37	/var/www/html/lib/plugins/toctweak/syntax/sidetoc.php(73)	E_WARNING: Undefined variable $section
  #0 /var/www/html/lib/plugins/toctweak/syntax/sidetoc.php(73): dokuwiki\ErrorHandler::errorHandler()
  #1 /var/www/html/inc/parser/renderer.php(126): syntax_plugin_toctweak_sidetoc->render()
  #2 /var/www/html/inc/parserutils.php(691): Doku_Renderer->plugin()
  #3 /var/www/html/inc/parserutils.php(158): p_render()
  #4 /var/www/html/inc/parserutils.php(97): p_cached_output()
  #5 /var/www/html/inc/template.php(1679): p_wiki_xhtml()
  #6 /var/www/html/lib/tpl/arcadebasic/main.php(147): tpl_include_page()
  #7 /var/www/html/inc/actions.php(30): include('...')
  #8 /var/www/html/doku.php(131): act_dispatch()
  #9 {main}
2026-06-06 11:42:54	/var/www/html/lib/plugins/toctweak/syntax/sidetoc.php(73)	E_WARNING: Undefined variable $section
  #0 /var/www/html/lib/plugins/toctweak/syntax/sidetoc.php(73): dokuwiki\ErrorHandler::errorHandler()
  #1 /var/www/html/inc/parser/renderer.php(126): syntax_plugin_toctweak_sidetoc->render()
  #2 /var/www/html/inc/parserutils.php(691): Doku_Renderer->plugin()
  #3 /var/www/html/inc/parserutils.php(158): p_render()
  #4 /var/www/html/inc/parserutils.php(97): p_cached_output()
  #5 /var/www/html/inc/template.php(1679): p_wiki_xhtml()
  #6 /var/www/html/lib/tpl/arcadebasic/main.php(147): tpl_include_page()
  #7 /var/www/html/inc/actions.php(30): include('...')
  #8 /var/www/html/doku.php(131): act_dispatch()
  #9 {main}
2026-06-06 11:55:25	/var/www/html/lib/plugins/toctweak/syntax/sidetoc.php(73)	E_WARNING: Undefined variable $section
  #0 /var/www/html/lib/plugins/toctweak/syntax/sidetoc.php(73): dokuwiki\ErrorHandler::errorHandler()
  #1 /var/www/html/inc/parser/renderer.php(126): syntax_plugin_toctweak_sidetoc->render()
  #2 /var/www/html/inc/parserutils.php(691): Doku_Renderer->plugin()
  #3 /var/www/html/inc/parserutils.php(158): p_render()
  #4 /var/www/html/inc/parserutils.php(97): p_cached_output()
  #5 /var/www/html/inc/template.php(1679): p_wiki_xhtml()
  #6 /var/www/html/lib/tpl/arcadebasic/main.php(147): tpl_include_page()
  #7 /var/www/html/inc/actions.php(30): include('...')
  #8 /var/www/html/doku.php(131): act_dispatch()
  #9 {main}
2026-06-06 12:05:13	/var/www/html/lib/plugins/toctweak/syntax/sidetoc.php(73)	E_WARNING: Undefined variable $section
  #0 /var/www/html/lib/plugins/toctweak/syntax/sidetoc.php(73): dokuwiki\ErrorHandler::errorHandler()
  #1 /var/www/html/inc/parser/renderer.php(126): syntax_plugin_toctweak_sidetoc->render()
  #2 /var/www/html/inc/parserutils.php(691): Doku_Renderer->plugin()
  #3 /var/www/html/inc/parserutils.php(158): p_render()
  #4 /var/www/html/inc/parserutils.php(97): p_cached_output()
  #5 /var/www/html/inc/template.php(1679): p_wiki_xhtml()
  #6 /var/www/html/lib/tpl/arcadebasic/main.php(147): tpl_include_page()
  #7 /var/www/html/inc/actions.php(30): include('...')
  #8 /var/www/html/doku.php(131): act_dispatch()
  #9 {main}
2026-06-06 12:13:53	/var/www/html/lib/plugins/toctweak/syntax/sidetoc.php(73)	E_WARNING: Undefined variable $section
  #0 /var/www/html/lib/plugins/toctweak/syntax/sidetoc.php(73): dokuwiki\ErrorHandler::errorHandler()
  #1 /var/www/html/inc/parser/renderer.php(126): syntax_plugin_toctweak_sidetoc->render()
  #2 /var/www/html/inc/parserutils.php(691): Doku_Renderer->plugin()
  #3 /var/www/html/inc/parserutils.php(158): p_render()
  #4 /var/www/html/inc/parserutils.php(97): p_cached_output()
  #5 /var/www/html/inc/template.php(1679): p_wiki_xhtml()
  #6 /var/www/html/lib/tpl/arcadebasic/main.php(147): tpl_include_page()
  #7 /var/www/html/inc/actions.php(30): include('...')
  #8 /var/www/html/doku.php(131): act_dispatch()
  #9 {main}
2026-06-06 12:27:32	/var/www/html/lib/plugins/toctweak/syntax/sidetoc.php(73)	E_WARNING: Undefined variable $section
  #0 /var/www/html/lib/plugins/toctweak/syntax/sidetoc.php(73): dokuwiki\ErrorHandler::errorHandler()
  #1 /var/www/html/inc/parser/renderer.php(126): syntax_plugin_toctweak_sidetoc->render()
  #2 /var/www/html/inc/parserutils.php(691): Doku_Renderer->plugin()
  #3 /var/www/html/inc/parserutils.php(158): p_render()
  #4 /var/www/html/inc/parserutils.php(97): p_cached_output()
  #5 /var/www/html/inc/template.php(1679): p_wiki_xhtml()
  #6 /var/www/html/lib/tpl/arcadebasic/main.php(147): tpl_include_page()
  #7 /var/www/html/inc/actions.php(30): include('...')
  #8 /var/www/html/doku.php(131): act_dispatch()
  #9 {main}
2026-06-06 12:35:34	/var/www/html/lib/plugins/toctweak/syntax/sidetoc.php(73)	E_WARNING: Undefined variable $section
  #0 /var/www/html/lib/plugins/toctweak/syntax/sidetoc.php(73): dokuwiki\ErrorHandler::errorHandler()
  #1 /var/www/html/inc/parser/renderer.php(126): syntax_plugin_toctweak_sidetoc->render()
  #2 /var/www/html/inc/parserutils.php(691): Doku_Renderer->plugin()
  #3 /var/www/html/inc/parserutils.php(158): p_render()
  #4 /var/www/html/inc/parserutils.php(97): p_cached_output()
  #5 /var/www/html/inc/template.php(1679): p_wiki_xhtml()
  #6 /var/www/html/lib/tpl/arcadebasic/main.php(147): tpl_include_page()
  #7 /var/www/html/inc/actions.php(30): include('...')
  #8 /var/www/html/doku.php(131): act_dispatch()
  #9 {main}
2026-06-06 12:56:51	/var/www/html/lib/plugins/toctweak/syntax/sidetoc.php(73)	E_WARNING: Undefined variable $section
  #0 /var/www/html/lib/plugins/toctweak/syntax/sidetoc.php(73): dokuwiki\ErrorHandler::errorHandler()
  #1 /var/www/html/inc/parser/renderer.php(126): syntax_plugin_toctweak_sidetoc->render()
  #2 /var/www/html/inc/parserutils.php(691): Doku_Renderer->plugin()
  #3 /var/www/html/inc/parserutils.php(158): p_render()
  #4 /var/www/html/inc/parserutils.php(97): p_cached_output()
  #5 /var/www/html/inc/template.php(1679): p_wiki_xhtml()
  #6 /var/www/html/lib/tpl/arcadebasic/main.php(147): tpl_include_page()
  #7 /var/www/html/inc/actions.php(30): include('...')
  #8 /var/www/html/doku.php(131): act_dispatch()
  #9 {main}
2026-06-06 13:09:32	/var/www/html/lib/plugins/toctweak/syntax/sidetoc.php(73)	E_WARNING: Undefined variable $section
  #0 /var/www/html/lib/plugins/toctweak/syntax/sidetoc.php(73): dokuwiki\ErrorHandler::errorHandler()
  #1 /var/www/html/inc/parser/renderer.php(126): syntax_plugin_toctweak_sidetoc->render()
  #2 /var/www/html/inc/parserutils.php(691): Doku_Renderer->plugin()
  #3 /var/www/html/inc/parserutils.php(158): p_render()
  #4 /var/www/html/inc/parserutils.php(97): p_cached_output()
  #5 /var/www/html/inc/template.php(1679): p_wiki_xhtml()
  #6 /var/www/html/lib/tpl/arcadebasic/main.php(147): tpl_include_page()
  #7 /var/www/html/inc/actions.php(30): include('...')
  #8 /var/www/html/doku.php(131): act_dispatch()
  #9 {main}
2026-06-06 13:17:29	/var/www/html/lib/plugins/toctweak/syntax/sidetoc.php(73)	E_WARNING: Undefined variable $section
  #0 /var/www/html/lib/plugins/toctweak/syntax/sidetoc.php(73): dokuwiki\ErrorHandler::errorHandler()
  #1 /var/www/html/inc/parser/renderer.php(126): syntax_plugin_toctweak_sidetoc->render()
  #2 /var/www/html/inc/parserutils.php(691): Doku_Renderer->plugin()
  #3 /var/www/html/inc/parserutils.php(158): p_render()
  #4 /var/www/html/inc/parserutils.php(97): p_cached_output()
  #5 /var/www/html/inc/template.php(1679): p_wiki_xhtml()
  #6 /var/www/html/lib/tpl/arcadebasic/main.php(147): tpl_include_page()
  #7 /var/www/html/inc/actions.php(30): include('...')
  #8 /var/www/html/doku.php(131): act_dispatch()
  #9 {main}
2026-06-06 13:17:54	/var/www/html/lib/plugins/toctweak/syntax/sidetoc.php(73)	E_WARNING: Undefined variable $section
  #0 /var/www/html/lib/plugins/toctweak/syntax/sidetoc.php(73): dokuwiki\ErrorHandler::errorHandler()
  #1 /var/www/html/inc/parser/renderer.php(126): syntax_plugin_toctweak_sidetoc->render()
  #2 /var/www/html/inc/parserutils.php(691): Doku_Renderer->plugin()
  #3 /var/www/html/inc/parserutils.php(158): p_render()
  #4 /var/www/html/inc/parserutils.php(97): p_cached_output()
  #5 /var/www/html/inc/template.php(1679): p_wiki_xhtml()
  #6 /var/www/html/lib/tpl/arcadebasic/main.php(147): tpl_include_page()
  #7 /var/www/html/inc/actions.php(30): include('...')
  #8 /var/www/html/doku.php(131): act_dispatch()
  #9 {main}
2026-06-06 13:26:25	/var/www/html/lib/plugins/toctweak/syntax/sidetoc.php(73)	E_WARNING: Undefined variable $section
  #0 /var/www/html/lib/plugins/toctweak/syntax/sidetoc.php(73): dokuwiki\ErrorHandler::errorHandler()
  #1 /var/www/html/inc/parser/renderer.php(126): syntax_plugin_toctweak_sidetoc->render()
  #2 /var/www/html/inc/parserutils.php(691): Doku_Renderer->plugin()
  #3 /var/www/html/inc/parserutils.php(158): p_render()
  #4 /var/www/html/inc/parserutils.php(97): p_cached_output()
  #5 /var/www/html/inc/template.php(1679): p_wiki_xhtml()
  #6 /var/www/html/lib/tpl/arcadebasic/main.php(147): tpl_include_page()
  #7 /var/www/html/inc/actions.php(30): include('...')
  #8 /var/www/html/doku.php(131): act_dispatch()
  #9 {main}
2026-06-06 13:33:18	/var/www/html/inc/Extension/PluginController.php(110)	E_WARNING: Undefined array key "base"
  #0 /var/www/html/inc/Extension/PluginController.php(110): dokuwiki\ErrorHandler::errorHandler()
  #1 /var/www/html/inc/pluginutils.php(55): dokuwiki\Extension\PluginController->load()
  #2 /var/www/html/inc/parserutils.php(578): plugin_load()
  #3 /var/www/html/inc/parserutils.php(222): p_get_parsermodes()
  #4 /var/www/html/inc/parserutils.php(198): p_get_instructions()
  #5 /var/www/html/inc/parserutils.php(520): p_cached_instructions()
  #6 /var/www/html/inc/parserutils.php(299): p_render_metadata()
  #7 /var/www/html/inc/common.php(264): p_get_metadata()
  #8 /var/www/html/doku.php(101): pageinfo()
  #9 {main}
2026-06-06 13:33:18	/var/www/html/lib/plugins/toctweak/syntax/sidetoc.php(73)	E_WARNING: Undefined variable $section
  #0 /var/www/html/lib/plugins/toctweak/syntax/sidetoc.php(73): dokuwiki\ErrorHandler::errorHandler()
  #1 /var/www/html/inc/parser/renderer.php(126): syntax_plugin_toctweak_sidetoc->render()
  #2 /var/www/html/inc/parserutils.php(691): Doku_Renderer->plugin()
  #3 /var/www/html/inc/parserutils.php(158): p_render()
  #4 /var/www/html/inc/parserutils.php(97): p_cached_output()
  #5 /var/www/html/inc/template.php(1679): p_wiki_xhtml()
  #6 /var/www/html/lib/tpl/arcadebasic/main.php(147): tpl_include_page()
  #7 /var/www/html/inc/actions.php(30): include('...')
  #8 /var/www/html/doku.php(131): act_dispatch()
  #9 {main}
2026-06-06 13:45:12	/var/www/html/lib/plugins/toctweak/syntax/sidetoc.php(73)	E_WARNING: Undefined variable $section
  #0 /var/www/html/lib/plugins/toctweak/syntax/sidetoc.php(73): dokuwiki\ErrorHandler::errorHandler()
  #1 /var/www/html/inc/parser/renderer.php(126): syntax_plugin_toctweak_sidetoc->render()
  #2 /var/www/html/inc/parserutils.php(691): Doku_Renderer->plugin()
  #3 /var/www/html/inc/parserutils.php(158): p_render()
  #4 /var/www/html/inc/parserutils.php(97): p_cached_output()
  #5 /var/www/html/inc/template.php(1679): p_wiki_xhtml()
  #6 /var/www/html/lib/tpl/arcadebasic/main.php(147): tpl_include_page()
  #7 /var/www/html/inc/actions.php(30): include('...')
  #8 /var/www/html/doku.php(131): act_dispatch()
  #9 {main}
2026-06-06 13:53:07	/var/www/html/inc/Extension/PluginController.php(110)	E_WARNING: Undefined array key "base"
  #0 /var/www/html/inc/Extension/PluginController.php(110): dokuwiki\ErrorHandler::errorHandler()
  #1 /var/www/html/inc/pluginutils.php(55): dokuwiki\Extension\PluginController->load()
  #2 /var/www/html/inc/parserutils.php(578): plugin_load()
  #3 /var/www/html/inc/parserutils.php(222): p_get_parsermodes()
  #4 /var/www/html/inc/parserutils.php(198): p_get_instructions()
  #5 /var/www/html/inc/parserutils.php(520): p_cached_instructions()
  #6 /var/www/html/inc/parserutils.php(299): p_render_metadata()
  #7 /var/www/html/inc/common.php(264): p_get_metadata()
  #8 /var/www/html/doku.php(101): pageinfo()
  #9 {main}
2026-06-06 13:53:07	/var/www/html/lib/plugins/toctweak/syntax/sidetoc.php(73)	E_WARNING: Undefined variable $section
  #0 /var/www/html/lib/plugins/toctweak/syntax/sidetoc.php(73): dokuwiki\ErrorHandler::errorHandler()
  #1 /var/www/html/inc/parser/renderer.php(126): syntax_plugin_toctweak_sidetoc->render()
  #2 /var/www/html/inc/parserutils.php(691): Doku_Renderer->plugin()
  #3 /var/www/html/inc/parserutils.php(158): p_render()
  #4 /var/www/html/inc/parserutils.php(97): p_cached_output()
  #5 /var/www/html/inc/template.php(1679): p_wiki_xhtml()
  #6 /var/www/html/lib/tpl/arcadebasic/main.php(147): tpl_include_page()
  #7 /var/www/html/inc/actions.php(30): include('...')
  #8 /var/www/html/doku.php(131): act_dispatch()
  #9 {main}
2026-06-06 14:17:21	/var/www/html/lib/plugins/toctweak/syntax/sidetoc.php(73)	E_WARNING: Undefined variable $section
  #0 /var/www/html/lib/plugins/toctweak/syntax/sidetoc.php(73): dokuwiki\ErrorHandler::errorHandler()
  #1 /var/www/html/inc/parser/renderer.php(126): syntax_plugin_toctweak_sidetoc->render()
  #2 /var/www/html/inc/parserutils.php(691): Doku_Renderer->plugin()
  #3 /var/www/html/inc/parserutils.php(158): p_render()
  #4 /var/www/html/inc/parserutils.php(97): p_cached_output()
  #5 /var/www/html/inc/template.php(1679): p_wiki_xhtml()
  #6 /var/www/html/lib/tpl/arcadebasic/main.php(147): tpl_include_page()
  #7 /var/www/html/inc/actions.php(30): include('...')
  #8 /var/www/html/doku.php(131): act_dispatch()
  #9 {main}
2026-06-06 14:55:40	/var/www/html/inc/Extension/PluginController.php(110)	E_WARNING: Undefined array key "base"
  #0 /var/www/html/inc/Extension/PluginController.php(110): dokuwiki\ErrorHandler::errorHandler()
  #1 /var/www/html/inc/pluginutils.php(55): dokuwiki\Extension\PluginController->load()
  #2 /var/www/html/inc/parserutils.php(578): plugin_load()
  #3 /var/www/html/inc/parserutils.php(222): p_get_parsermodes()
  #4 /var/www/html/inc/parserutils.php(198): p_get_instructions()
  #5 /var/www/html/inc/parserutils.php(158): p_cached_instructions()
  #6 /var/www/html/inc/parserutils.php(129): p_cached_output()
  #7 /var/www/html/inc/Ui/Editor.php(158): p_locale_xhtml()
  #8 /var/www/html/inc/Action/Edit.php(94): dokuwiki\Ui\Editor->show()
  #9 /var/www/html/inc/template.php(120): dokuwiki\Action\Edit->tplContent()
  #10 [internal function]: tpl_content_core()
  #11 /var/www/html/inc/Extension/Event.php(134): call_user_func_array()
  #12 /var/www/html/inc/Extension/Event.php(200): dokuwiki\Extension\Event->trigger()
  #13 /var/www/html/inc/template.php(102): dokuwiki\Extension\Event::createAndTrigger()
  #14 /var/www/html/lib/tpl/arcadebasic/main.php(123): tpl_content()
  #15 /var/www/html/inc/actions.php(30): include('...')
  #16 /var/www/html/doku.php(131): act_dispatch()
  #17 {main}
2026-06-06 15:06:01	/var/www/html/lib/plugins/toctweak/syntax/sidetoc.php(73)	E_WARNING: Undefined variable $section
  #0 /var/www/html/lib/plugins/toctweak/syntax/sidetoc.php(73): dokuwiki\ErrorHandler::errorHandler()
  #1 /var/www/html/inc/parser/renderer.php(126): syntax_plugin_toctweak_sidetoc->render()
  #2 /var/www/html/inc/parserutils.php(691): Doku_Renderer->plugin()
  #3 /var/www/html/inc/parserutils.php(158): p_render()
  #4 /var/www/html/inc/parserutils.php(97): p_cached_output()
  #5 /var/www/html/inc/template.php(1679): p_wiki_xhtml()
  #6 /var/www/html/lib/tpl/arcadebasic/main.php(147): tpl_include_page()
  #7 /var/www/html/inc/actions.php(30): include('...')
  #8 /var/www/html/doku.php(131): act_dispatch()
  #9 {main}
2026-06-06 15:16:12	/var/www/html/inc/Extension/PluginController.php(110)	E_WARNING: Undefined array key "base"
  #0 /var/www/html/inc/Extension/PluginController.php(110): dokuwiki\ErrorHandler::errorHandler()
  #1 /var/www/html/inc/pluginutils.php(55): dokuwiki\Extension\PluginController->load()
  #2 /var/www/html/inc/parserutils.php(578): plugin_load()
  #3 /var/www/html/inc/parserutils.php(222): p_get_parsermodes()
  #4 /var/www/html/inc/parserutils.php(198): p_get_instructions()
  #5 /var/www/html/inc/parserutils.php(520): p_cached_instructions()
  #6 /var/www/html/inc/parserutils.php(299): p_render_metadata()
  #7 /var/www/html/inc/parserutils.php(772): p_get_metadata()
  #8 /var/www/html/inc/parser/xhtml.php(1824): p_get_first_heading()
  #9 /var/www/html/inc/parser/xhtml.php(909): Doku_Renderer_xhtml->_getLinkTitle()
  #10 /var/www/html/inc/html.php(54): Doku_Renderer_xhtml->internallink()
  #11 /var/www/html/inc/Ui/Index.php(92): html_wikilink()
  #12 /var/www/html/inc/html.php(500): dokuwiki\Ui\Index->formatListItem()
  #13 /var/www/html/inc/Ui/Index.php(60): html_buildlist()
  #14 /var/www/html/inc/Ui/Index.php(37): dokuwiki\Ui\Index->sitemap()
  #15 /var/www/html/inc/Action/Index.php(26): dokuwiki\Ui\Index->show()
  #16 /var/www/html/inc/template.php(120): dokuwiki\Action\Index->tplContent()
  #17 [internal function]: tpl_content_core()
  #18 /var/www/html/inc/Extension/Event.php(134): call_user_func_array()
  #19 /var/www/html/inc/Extension/Event.php(200): dokuwiki\Extension\Event->trigger()
  #20 /var/www/html/inc/template.php(102): dokuwiki\Extension\Event::createAndTrigger()
  #21 /var/www/html/lib/tpl/arcadebasic/main.php(123): tpl_content()
  #22 /var/www/html/inc/actions.php(30): include('...')
  #23 /var/www/html/doku.php(131): act_dispatch()
  #24 {main}
2026-06-06 15:16:12	/var/www/html/lib/plugins/toctweak/helper.php(37)	E_WARNING: Undefined array key 1
  #0 /var/www/html/lib/plugins/toctweak/helper.php(37): dokuwiki\ErrorHandler::errorHandler()
  #1 /var/www/html/lib/plugins/toctweak/syntax/autotoc.php(51): helper_plugin_toctweak->parse()
  #2 /var/www/html/inc/parser/handler.php(298): syntax_plugin_toctweak_autotoc->handle()
  #3 /var/www/html/inc/Parsing/Lexer/Lexer.php(269): Doku_Handler->plugin()
  #4 /var/www/html/inc/Parsing/Lexer/Lexer.php(196): dokuwiki\Parsing\Lexer\Lexer->invokeHandler()
  #5 /var/www/html/inc/Parsing/Lexer/Lexer.php(146): dokuwiki\Parsing\Lexer\Lexer->dispatchTokens()
  #6 /var/www/html/inc/Parsing/Parser.php(113): dokuwiki\Parsing\Lexer\Lexer->parse()
  #7 /var/www/html/inc/parserutils.php(234): dokuwiki\Parsing\Parser->parse()
  #8 /var/www/html/inc/parserutils.php(198): p_get_instructions()
  #9 /var/www/html/inc/parserutils.php(520): p_cached_instructions()
  #10 /var/www/html/inc/parserutils.php(299): p_render_metadata()
  #11 /var/www/html/inc/parserutils.php(772): p_get_metadata()
  #12 /var/www/html/inc/parser/xhtml.php(1824): p_get_first_heading()
  #13 /var/www/html/inc/parser/xhtml.php(909): Doku_Renderer_xhtml->_getLinkTitle()
  #14 /var/www/html/inc/html.php(54): Doku_Renderer_xhtml->internallink()
  #15 /var/www/html/inc/Ui/Index.php(92): html_wikilink()
  #16 /var/www/html/inc/html.php(500): dokuwiki\Ui\Index->formatListItem()
  #17 /var/www/html/inc/Ui/Index.php(60): html_buildlist()
  #18 /var/www/html/inc/Ui/Index.php(37): dokuwiki\Ui\Index->sitemap()
  #19 /var/www/html/inc/Action/Index.php(26): dokuwiki\Ui\Index->show()
  #20 /var/www/html/inc/template.php(120): dokuwiki\Action\Index->tplContent()
  #21 [internal function]: tpl_content_core()
  #22 /var/www/html/inc/Extension/Event.php(134): call_user_func_array()
  #23 /var/www/html/inc/Extension/Event.php(200): dokuwiki\Extension\Event->trigger()
  #24 /var/www/html/inc/template.php(102): dokuwiki\Extension\Event::createAndTrigger()
  #25 /var/www/html/lib/tpl/arcadebasic/main.php(123): tpl_content()
  #26 /var/www/html/inc/actions.php(30): include('...')
  #27 /var/www/html/doku.php(131): act_dispatch()
  #28 {main}
2026-06-06 15:16:12	/var/www/html/lib/plugins/toctweak/helper.php(38)	E_WARNING: Undefined array key 1
  #0 /var/www/html/lib/plugins/toctweak/helper.php(38): dokuwiki\ErrorHandler::errorHandler()
  #1 /var/www/html/lib/plugins/toctweak/syntax/autotoc.php(51): helper_plugin_toctweak->parse()
  #2 /var/www/html/inc/parser/handler.php(298): syntax_plugin_toctweak_autotoc->handle()
  #3 /var/www/html/inc/Parsing/Lexer/Lexer.php(269): Doku_Handler->plugin()
  #4 /var/www/html/inc/Parsing/Lexer/Lexer.php(196): dokuwiki\Parsing\Lexer\Lexer->invokeHandler()
  #5 /var/www/html/inc/Parsing/Lexer/Lexer.php(146): dokuwiki\Parsing\Lexer\Lexer->dispatchTokens()
  #6 /var/www/html/inc/Parsing/Parser.php(113): dokuwiki\Parsing\Lexer\Lexer->parse()
  #7 /var/www/html/inc/parserutils.php(234): dokuwiki\Parsing\Parser->parse()
  #8 /var/www/html/inc/parserutils.php(198): p_get_instructions()
  #9 /var/www/html/inc/parserutils.php(520): p_cached_instructions()
  #10 /var/www/html/inc/parserutils.php(299): p_render_metadata()
  #11 /var/www/html/inc/parserutils.php(772): p_get_metadata()
  #12 /var/www/html/inc/parser/xhtml.php(1824): p_get_first_heading()
  #13 /var/www/html/inc/parser/xhtml.php(909): Doku_Renderer_xhtml->_getLinkTitle()
  #14 /var/www/html/inc/html.php(54): Doku_Renderer_xhtml->internallink()
  #15 /var/www/html/inc/Ui/Index.php(92): html_wikilink()
  #16 /var/www/html/inc/html.php(500): dokuwiki\Ui\Index->formatListItem()
  #17 /var/www/html/inc/Ui/Index.php(60): html_buildlist()
  #18 /var/www/html/inc/Ui/Index.php(37): dokuwiki\Ui\Index->sitemap()
  #19 /var/www/html/inc/Action/Index.php(26): dokuwiki\Ui\Index->show()
  #20 /var/www/html/inc/template.php(120): dokuwiki\Action\Index->tplContent()
  #21 [internal function]: tpl_content_core()
  #22 /var/www/html/inc/Extension/Event.php(134): call_user_func_array()
  #23 /var/www/html/inc/Extension/Event.php(200): dokuwiki\Extension\Event->trigger()
  #24 /var/www/html/inc/template.php(102): dokuwiki\Extension\Event::createAndTrigger()
  #25 /var/www/html/lib/tpl/arcadebasic/main.php(123): tpl_content()
  #26 /var/www/html/inc/actions.php(30): include('...')
  #27 /var/www/html/doku.php(131): act_dispatch()
  #28 {main}
2026-06-06 15:16:12	/var/www/html/lib/plugins/toctweak/helper.php(85)	E_WARNING: Undefined variable $topLv
  #0 /var/www/html/lib/plugins/toctweak/helper.php(85): dokuwiki\ErrorHandler::errorHandler()
  #1 /var/www/html/lib/plugins/toctweak/syntax/autotoc.php(51): helper_plugin_toctweak->parse()
  #2 /var/www/html/inc/parser/handler.php(298): syntax_plugin_toctweak_autotoc->handle()
  #3 /var/www/html/inc/Parsing/Lexer/Lexer.php(269): Doku_Handler->plugin()
  #4 /var/www/html/inc/Parsing/Lexer/Lexer.php(196): dokuwiki\Parsing\Lexer\Lexer->invokeHandler()
  #5 /var/www/html/inc/Parsing/Lexer/Lexer.php(146): dokuwiki\Parsing\Lexer\Lexer->dispatchTokens()
  #6 /var/www/html/inc/Parsing/Parser.php(113): dokuwiki\Parsing\Lexer\Lexer->parse()
  #7 /var/www/html/inc/parserutils.php(234): dokuwiki\Parsing\Parser->parse()
  #8 /var/www/html/inc/parserutils.php(198): p_get_instructions()
  #9 /var/www/html/inc/parserutils.php(520): p_cached_instructions()
  #10 /var/www/html/inc/parserutils.php(299): p_render_metadata()
  #11 /var/www/html/inc/parserutils.php(772): p_get_metadata()
  #12 /var/www/html/inc/parser/xhtml.php(1824): p_get_first_heading()
  #13 /var/www/html/inc/parser/xhtml.php(909): Doku_Renderer_xhtml->_getLinkTitle()
  #14 /var/www/html/inc/html.php(54): Doku_Renderer_xhtml->internallink()
  #15 /var/www/html/inc/Ui/Index.php(92): html_wikilink()
  #16 /var/www/html/inc/html.php(500): dokuwiki\Ui\Index->formatListItem()
  #17 /var/www/html/inc/Ui/Index.php(60): html_buildlist()
  #18 /var/www/html/inc/Ui/Index.php(37): dokuwiki\Ui\Index->sitemap()
  #19 /var/www/html/inc/Action/Index.php(26): dokuwiki\Ui\Index->show()
  #20 /var/www/html/inc/template.php(120): dokuwiki\Action\Index->tplContent()
  #21 [internal function]: tpl_content_core()
  #22 /var/www/html/inc/Extension/Event.php(134): call_user_func_array()
  #23 /var/www/html/inc/Extension/Event.php(200): dokuwiki\Extension\Event->trigger()
  #24 /var/www/html/inc/template.php(102): dokuwiki\Extension\Event::createAndTrigger()
  #25 /var/www/html/lib/tpl/arcadebasic/main.php(123): tpl_content()
  #26 /var/www/html/inc/actions.php(30): include('...')
  #27 /var/www/html/doku.php(131): act_dispatch()
  #28 {main}
2026-06-06 15:16:12	/var/www/html/lib/plugins/toctweak/helper.php(85)	E_WARNING: Undefined variable $maxLv
  #0 /var/www/html/lib/plugins/toctweak/helper.php(85): dokuwiki\ErrorHandler::errorHandler()
  #1 /var/www/html/lib/plugins/toctweak/syntax/autotoc.php(51): helper_plugin_toctweak->parse()
  #2 /var/www/html/inc/parser/handler.php(298): syntax_plugin_toctweak_autotoc->handle()
  #3 /var/www/html/inc/Parsing/Lexer/Lexer.php(269): Doku_Handler->plugin()
  #4 /var/www/html/inc/Parsing/Lexer/Lexer.php(196): dokuwiki\Parsing\Lexer\Lexer->invokeHandler()
  #5 /var/www/html/inc/Parsing/Lexer/Lexer.php(146): dokuwiki\Parsing\Lexer\Lexer->dispatchTokens()
  #6 /var/www/html/inc/Parsing/Parser.php(113): dokuwiki\Parsing\Lexer\Lexer->parse()
  #7 /var/www/html/inc/parserutils.php(234): dokuwiki\Parsing\Parser->parse()
  #8 /var/www/html/inc/parserutils.php(198): p_get_instructions()
  #9 /var/www/html/inc/parserutils.php(520): p_cached_instructions()
  #10 /var/www/html/inc/parserutils.php(299): p_render_metadata()
  #11 /var/www/html/inc/parserutils.php(772): p_get_metadata()
  #12 /var/www/html/inc/parser/xhtml.php(1824): p_get_first_heading()
  #13 /var/www/html/inc/parser/xhtml.php(909): Doku_Renderer_xhtml->_getLinkTitle()
  #14 /var/www/html/inc/html.php(54): Doku_Renderer_xhtml->internallink()
  #15 /var/www/html/inc/Ui/Index.php(92): html_wikilink()
  #16 /var/www/html/inc/html.php(500): dokuwiki\Ui\Index->formatListItem()
  #17 /var/www/html/inc/Ui/Index.php(60): html_buildlist()
  #18 /var/www/html/inc/Ui/Index.php(37): dokuwiki\Ui\Index->sitemap()
  #19 /var/www/html/inc/Action/Index.php(26): dokuwiki\Ui\Index->show()
  #20 /var/www/html/inc/template.php(120): dokuwiki\Action\Index->tplContent()
  #21 [internal function]: tpl_content_core()
  #22 /var/www/html/inc/Extension/Event.php(134): call_user_func_array()
  #23 /var/www/html/inc/Extension/Event.php(200): dokuwiki\Extension\Event->trigger()
  #24 /var/www/html/inc/template.php(102): dokuwiki\Extension\Event::createAndTrigger()
  #25 /var/www/html/lib/tpl/arcadebasic/main.php(123): tpl_content()
  #26 /var/www/html/inc/actions.php(30): include('...')
  #27 /var/www/html/doku.php(131): act_dispatch()
  #28 {main}
2026-06-06 15:25:19	/var/www/html/inc/Extension/PluginController.php(110)	E_WARNING: Undefined array key "base"
  #0 /var/www/html/inc/Extension/PluginController.php(110): dokuwiki\ErrorHandler::errorHandler()
  #1 /var/www/html/inc/pluginutils.php(55): dokuwiki\Extension\PluginController->load()
  #2 /var/www/html/inc/parserutils.php(578): plugin_load()
  #3 /var/www/html/inc/parserutils.php(222): p_get_parsermodes()
  #4 /var/www/html/inc/parserutils.php(198): p_get_instructions()
  #5 /var/www/html/inc/parserutils.php(158): p_cached_instructions()
  #6 /var/www/html/inc/parserutils.php(129): p_cached_output()
  #7 /var/www/html/inc/Ui/UserResendPwd.php(30): p_locale_xhtml()
  #8 /var/www/html/inc/Action/Resendpwd.php(50): dokuwiki\Ui\UserResendPwd->show()
  #9 /var/www/html/inc/template.php(120): dokuwiki\Action\Resendpwd->tplContent()
  #10 [internal function]: tpl_content_core()
  #11 /var/www/html/inc/Extension/Event.php(134): call_user_func_array()
  #12 /var/www/html/inc/Extension/Event.php(200): dokuwiki\Extension\Event->trigger()
  #13 /var/www/html/inc/template.php(102): dokuwiki\Extension\Event::createAndTrigger()
  #14 /var/www/html/lib/tpl/arcadebasic/main.php(123): tpl_content()
  #15 /var/www/html/inc/actions.php(30): include('...')
  #16 /var/www/html/doku.php(131): act_dispatch()
  #17 {main}
2026-06-06 15:36:17	/var/www/html/lib/plugins/toctweak/syntax/sidetoc.php(73)	E_WARNING: Undefined variable $section
  #0 /var/www/html/lib/plugins/toctweak/syntax/sidetoc.php(73): dokuwiki\ErrorHandler::errorHandler()
  #1 /var/www/html/inc/parser/renderer.php(126): syntax_plugin_toctweak_sidetoc->render()
  #2 /var/www/html/inc/parserutils.php(691): Doku_Renderer->plugin()
  #3 /var/www/html/inc/parserutils.php(158): p_render()
  #4 /var/www/html/inc/parserutils.php(97): p_cached_output()
  #5 /var/www/html/inc/template.php(1679): p_wiki_xhtml()
  #6 /var/www/html/lib/tpl/arcadebasic/main.php(147): tpl_include_page()
  #7 /var/www/html/inc/actions.php(30): include('...')
  #8 /var/www/html/doku.php(131): act_dispatch()
  #9 {main}
2026-06-06 15:45:14	/var/www/html/inc/Extension/PluginController.php(110)	E_WARNING: Undefined array key "base"
  #0 /var/www/html/inc/Extension/PluginController.php(110): dokuwiki\ErrorHandler::errorHandler()
  #1 /var/www/html/inc/pluginutils.php(55): dokuwiki\Extension\PluginController->load()
  #2 /var/www/html/inc/parserutils.php(578): plugin_load()
  #3 /var/www/html/inc/parserutils.php(222): p_get_parsermodes()
  #4 /var/www/html/inc/parserutils.php(198): p_get_instructions()
  #5 /var/www/html/inc/parserutils.php(520): p_cached_instructions()
  #6 /var/www/html/inc/parserutils.php(299): p_render_metadata()
  #7 /var/www/html/inc/parserutils.php(772): p_get_metadata()
  #8 /var/www/html/inc/parser/xhtml.php(1824): p_get_first_heading()
  #9 /var/www/html/inc/parser/xhtml.php(909): Doku_Renderer_xhtml->_getLinkTitle()
  #10 /var/www/html/inc/html.php(54): Doku_Renderer_xhtml->internallink()
  #11 /var/www/html/inc/Ui/Index.php(92): html_wikilink()
  #12 /var/www/html/inc/html.php(500): dokuwiki\Ui\Index->formatListItem()
  #13 /var/www/html/inc/Ui/Index.php(60): html_buildlist()
  #14 /var/www/html/inc/Ui/Index.php(37): dokuwiki\Ui\Index->sitemap()
  #15 /var/www/html/inc/Action/Index.php(26): dokuwiki\Ui\Index->show()
  #16 /var/www/html/inc/template.php(120): dokuwiki\Action\Index->tplContent()
  #17 [internal function]: tpl_content_core()
  #18 /var/www/html/inc/Extension/Event.php(134): call_user_func_array()
  #19 /var/www/html/inc/Extension/Event.php(200): dokuwiki\Extension\Event->trigger()
  #20 /var/www/html/inc/template.php(102): dokuwiki\Extension\Event::createAndTrigger()
  #21 /var/www/html/lib/tpl/arcadebasic/main.php(123): tpl_content()
  #22 /var/www/html/inc/actions.php(30): include('...')
  #23 /var/www/html/doku.php(131): act_dispatch()
  #24 {main}
2026-06-06 15:55:31	/var/www/html/inc/Extension/PluginController.php(110)	E_WARNING: Undefined array key "base"
  #0 /var/www/html/inc/Extension/PluginController.php(110): dokuwiki\ErrorHandler::errorHandler()
  #1 /var/www/html/inc/pluginutils.php(55): dokuwiki\Extension\PluginController->load()
  #2 /var/www/html/inc/parserutils.php(578): plugin_load()
  #3 /var/www/html/inc/parserutils.php(222): p_get_parsermodes()
  #4 /var/www/html/inc/parserutils.php(198): p_get_instructions()
  #5 /var/www/html/inc/parserutils.php(520): p_cached_instructions()
  #6 /var/www/html/inc/parserutils.php(299): p_render_metadata()
  #7 /var/www/html/inc/parserutils.php(772): p_get_metadata()
  #8 /var/www/html/inc/parser/xhtml.php(1824): p_get_first_heading()
  #9 /var/www/html/inc/parser/xhtml.php(909): Doku_Renderer_xhtml->_getLinkTitle()
  #10 /var/www/html/inc/html.php(54): Doku_Renderer_xhtml->internallink()
  #11 /var/www/html/inc/Ui/Index.php(92): html_wikilink()
  #12 /var/www/html/inc/html.php(500): dokuwiki\Ui\Index->formatListItem()
  #13 /var/www/html/inc/Ui/Index.php(60): html_buildlist()
  #14 /var/www/html/inc/Ui/Index.php(37): dokuwiki\Ui\Index->sitemap()
  #15 /var/www/html/inc/Action/Index.php(26): dokuwiki\Ui\Index->show()
  #16 /var/www/html/inc/template.php(120): dokuwiki\Action\Index->tplContent()
  #17 [internal function]: tpl_content_core()
  #18 /var/www/html/inc/Extension/Event.php(134): call_user_func_array()
  #19 /var/www/html/inc/Extension/Event.php(200): dokuwiki\Extension\Event->trigger()
  #20 /var/www/html/inc/template.php(102): dokuwiki\Extension\Event::createAndTrigger()
  #21 /var/www/html/lib/tpl/arcadebasic/main.php(123): tpl_content()
  #22 /var/www/html/inc/actions.php(30): include('...')
  #23 /var/www/html/doku.php(131): act_dispatch()
  #24 {main}
2026-06-06 16:30:22	/var/www/html/lib/plugins/toctweak/syntax/sidetoc.php(73)	E_WARNING: Undefined variable $section
  #0 /var/www/html/lib/plugins/toctweak/syntax/sidetoc.php(73): dokuwiki\ErrorHandler::errorHandler()
  #1 /var/www/html/inc/parser/renderer.php(126): syntax_plugin_toctweak_sidetoc->render()
  #2 /var/www/html/inc/parserutils.php(691): Doku_Renderer->plugin()
  #3 /var/www/html/inc/parserutils.php(158): p_render()
  #4 /var/www/html/inc/parserutils.php(97): p_cached_output()
  #5 /var/www/html/inc/template.php(1679): p_wiki_xhtml()
  #6 /var/www/html/lib/tpl/arcadebasic/main.php(147): tpl_include_page()
  #7 /var/www/html/inc/actions.php(30): include('...')
  #8 /var/www/html/doku.php(131): act_dispatch()
  #9 {main}
2026-06-06 17:44:13	/var/www/html/lib/plugins/toctweak/syntax/sidetoc.php(73)	E_WARNING: Undefined variable $section
  #0 /var/www/html/lib/plugins/toctweak/syntax/sidetoc.php(73): dokuwiki\ErrorHandler::errorHandler()
  #1 /var/www/html/inc/parser/renderer.php(126): syntax_plugin_toctweak_sidetoc->render()
  #2 /var/www/html/inc/parserutils.php(691): Doku_Renderer->plugin()
  #3 /var/www/html/inc/parserutils.php(158): p_render()
  #4 /var/www/html/inc/parserutils.php(97): p_cached_output()
  #5 /var/www/html/inc/template.php(1679): p_wiki_xhtml()
  #6 /var/www/html/lib/tpl/arcadebasic/main.php(147): tpl_include_page()
  #7 /var/www/html/inc/actions.php(30): include('...')
  #8 /var/www/html/doku.php(131): act_dispatch()
  #9 {main}
2026-06-06 18:13:10	/var/www/html/lib/plugins/toctweak/syntax/sidetoc.php(73)	E_WARNING: Undefined variable $section
  #0 /var/www/html/lib/plugins/toctweak/syntax/sidetoc.php(73): dokuwiki\ErrorHandler::errorHandler()
  #1 /var/www/html/inc/parser/renderer.php(126): syntax_plugin_toctweak_sidetoc->render()
  #2 /var/www/html/inc/parserutils.php(691): Doku_Renderer->plugin()
  #3 /var/www/html/inc/parserutils.php(158): p_render()
  #4 /var/www/html/inc/parserutils.php(97): p_cached_output()
  #5 /var/www/html/inc/template.php(1679): p_wiki_xhtml()
  #6 /var/www/html/lib/tpl/arcadebasic/main.php(147): tpl_include_page()
  #7 /var/www/html/inc/actions.php(30): include('...')
  #8 /var/www/html/doku.php(131): act_dispatch()
  #9 {main}
2026-06-06 18:24:19	/var/www/html/lib/plugins/toctweak/syntax/sidetoc.php(73)	E_WARNING: Undefined variable $section
  #0 /var/www/html/lib/plugins/toctweak/syntax/sidetoc.php(73): dokuwiki\ErrorHandler::errorHandler()
  #1 /var/www/html/inc/parser/renderer.php(126): syntax_plugin_toctweak_sidetoc->render()
  #2 /var/www/html/inc/parserutils.php(691): Doku_Renderer->plugin()
  #3 /var/www/html/inc/parserutils.php(158): p_render()
  #4 /var/www/html/inc/parserutils.php(97): p_cached_output()
  #5 /var/www/html/inc/template.php(1679): p_wiki_xhtml()
  #6 /var/www/html/lib/tpl/arcadebasic/main.php(147): tpl_include_page()
  #7 /var/www/html/inc/actions.php(30): include('...')
  #8 /var/www/html/doku.php(131): act_dispatch()
  #9 {main}
2026-06-06 18:29:36	/var/www/html/lib/plugins/toctweak/syntax/sidetoc.php(73)	E_WARNING: Undefined variable $section
  #0 /var/www/html/lib/plugins/toctweak/syntax/sidetoc.php(73): dokuwiki\ErrorHandler::errorHandler()
  #1 /var/www/html/inc/parser/renderer.php(126): syntax_plugin_toctweak_sidetoc->render()
  #2 /var/www/html/inc/parserutils.php(691): Doku_Renderer->plugin()
  #3 /var/www/html/inc/parserutils.php(158): p_render()
  #4 /var/www/html/inc/parserutils.php(97): p_cached_output()
  #5 /var/www/html/inc/template.php(1679): p_wiki_xhtml()
  #6 /var/www/html/lib/tpl/arcadebasic/main.php(147): tpl_include_page()
  #7 /var/www/html/inc/actions.php(30): include('...')
  #8 /var/www/html/doku.php(131): act_dispatch()
  #9 {main}
2026-06-06 18:36:29	/var/www/html/lib/plugins/toctweak/syntax/sidetoc.php(73)	E_WARNING: Undefined variable $section
  #0 /var/www/html/lib/plugins/toctweak/syntax/sidetoc.php(73): dokuwiki\ErrorHandler::errorHandler()
  #1 /var/www/html/inc/parser/renderer.php(126): syntax_plugin_toctweak_sidetoc->render()
  #2 /var/www/html/inc/parserutils.php(691): Doku_Renderer->plugin()
  #3 /var/www/html/inc/parserutils.php(158): p_render()
  #4 /var/www/html/inc/parserutils.php(97): p_cached_output()
  #5 /var/www/html/inc/template.php(1679): p_wiki_xhtml()
  #6 /var/www/html/lib/tpl/arcadebasic/main.php(147): tpl_include_page()
  #7 /var/www/html/inc/actions.php(30): include('...')
  #8 /var/www/html/doku.php(131): act_dispatch()
  #9 {main}
2026-06-06 18:42:36	/var/www/html/lib/plugins/toctweak/syntax/sidetoc.php(73)	E_WARNING: Undefined variable $section
  #0 /var/www/html/lib/plugins/toctweak/syntax/sidetoc.php(73): dokuwiki\ErrorHandler::errorHandler()
  #1 /var/www/html/inc/parser/renderer.php(126): syntax_plugin_toctweak_sidetoc->render()
  #2 /var/www/html/inc/parserutils.php(691): Doku_Renderer->plugin()
  #3 /var/www/html/inc/parserutils.php(158): p_render()
  #4 /var/www/html/inc/parserutils.php(97): p_cached_output()
  #5 /var/www/html/inc/template.php(1679): p_wiki_xhtml()
  #6 /var/www/html/lib/tpl/arcadebasic/main.php(147): tpl_include_page()
  #7 /var/www/html/inc/actions.php(30): include('...')
  #8 /var/www/html/doku.php(131): act_dispatch()
  #9 {main}
2026-06-06 19:00:41	/var/www/html/lib/plugins/toctweak/syntax/sidetoc.php(73)	E_WARNING: Undefined variable $section
  #0 /var/www/html/lib/plugins/toctweak/syntax/sidetoc.php(73): dokuwiki\ErrorHandler::errorHandler()
  #1 /var/www/html/inc/parser/renderer.php(126): syntax_plugin_toctweak_sidetoc->render()
  #2 /var/www/html/inc/parserutils.php(691): Doku_Renderer->plugin()
  #3 /var/www/html/inc/parserutils.php(158): p_render()
  #4 /var/www/html/inc/parserutils.php(97): p_cached_output()
  #5 /var/www/html/inc/template.php(1679): p_wiki_xhtml()
  #6 /var/www/html/lib/tpl/arcadebasic/main.php(147): tpl_include_page()
  #7 /var/www/html/inc/actions.php(30): include('...')
  #8 /var/www/html/doku.php(131): act_dispatch()
  #9 {main}
2026-06-06 19:08:08	/var/www/html/lib/plugins/toctweak/syntax/sidetoc.php(73)	E_WARNING: Undefined variable $section
  #0 /var/www/html/lib/plugins/toctweak/syntax/sidetoc.php(73): dokuwiki\ErrorHandler::errorHandler()
  #1 /var/www/html/inc/parser/renderer.php(126): syntax_plugin_toctweak_sidetoc->render()
  #2 /var/www/html/inc/parserutils.php(691): Doku_Renderer->plugin()
  #3 /var/www/html/inc/parserutils.php(158): p_render()
  #4 /var/www/html/inc/parserutils.php(97): p_cached_output()
  #5 /var/www/html/inc/template.php(1679): p_wiki_xhtml()
  #6 /var/www/html/lib/tpl/arcadebasic/main.php(147): tpl_include_page()
  #7 /var/www/html/inc/actions.php(30): include('...')
  #8 /var/www/html/doku.php(131): act_dispatch()
  #9 {main}
2026-06-06 19:49:28	/var/www/html/inc/Extension/PluginController.php(110)	E_WARNING: Undefined array key "base"
  #0 /var/www/html/inc/Extension/PluginController.php(110): dokuwiki\ErrorHandler::errorHandler()
  #1 /var/www/html/inc/pluginutils.php(55): dokuwiki\Extension\PluginController->load()
  #2 /var/www/html/inc/parserutils.php(578): plugin_load()
  #3 /var/www/html/inc/parserutils.php(222): p_get_parsermodes()
  #4 /var/www/html/inc/parserutils.php(198): p_get_instructions()
  #5 /var/www/html/inc/parserutils.php(158): p_cached_instructions()
  #6 /var/www/html/inc/parserutils.php(129): p_cached_output()
  #7 /var/www/html/inc/parserutils.php(104): p_locale_xhtml()
  #8 /var/www/html/inc/Ui/PageView.php(67): p_wiki_xhtml()
  #9 /var/www/html/inc/Action/Show.php(40): dokuwiki\Ui\PageView->show()
  #10 /var/www/html/inc/template.php(120): dokuwiki\Action\Show->tplContent()
  #11 [internal function]: tpl_content_core()
  #12 /var/www/html/inc/Extension/Event.php(134): call_user_func_array()
  #13 /var/www/html/inc/Extension/Event.php(200): dokuwiki\Extension\Event->trigger()
  #14 /var/www/html/inc/template.php(102): dokuwiki\Extension\Event::createAndTrigger()
  #15 /var/www/html/lib/tpl/arcadebasic/main.php(123): tpl_content()
  #16 /var/www/html/inc/actions.php(30): include('...')
  #17 /var/www/html/doku.php(131): act_dispatch()
  #18 {main}
2026-06-06 19:49:28	/var/www/html/lib/plugins/toctweak/syntax/sidetoc.php(73)	E_WARNING: Undefined variable $section
  #0 /var/www/html/lib/plugins/toctweak/syntax/sidetoc.php(73): dokuwiki\ErrorHandler::errorHandler()
  #1 /var/www/html/inc/parser/renderer.php(126): syntax_plugin_toctweak_sidetoc->render()
  #2 /var/www/html/inc/parserutils.php(691): Doku_Renderer->plugin()
  #3 /var/www/html/inc/parserutils.php(158): p_render()
  #4 /var/www/html/inc/parserutils.php(97): p_cached_output()
  #5 /var/www/html/inc/template.php(1679): p_wiki_xhtml()
  #6 /var/www/html/lib/tpl/arcadebasic/main.php(147): tpl_include_page()
  #7 /var/www/html/inc/actions.php(30): include('...')
  #8 /var/www/html/doku.php(131): act_dispatch()
  #9 {main}
2026-06-06 19:49:28	/var/www/html/lib/plugins/toctweak/helper.php(96)	E_WARNING: Undefined array key "description"
  #0 /var/www/html/lib/plugins/toctweak/helper.php(96): dokuwiki\ErrorHandler::errorHandler()
  #1 /var/www/html/lib/plugins/toctweak/syntax/sidetoc.php(73): helper_plugin_toctweak->get_metatoc()
  #2 /var/www/html/inc/parser/renderer.php(126): syntax_plugin_toctweak_sidetoc->render()
  #3 /var/www/html/inc/parserutils.php(691): Doku_Renderer->plugin()
  #4 /var/www/html/inc/parserutils.php(158): p_render()
  #5 /var/www/html/inc/parserutils.php(97): p_cached_output()
  #6 /var/www/html/inc/template.php(1679): p_wiki_xhtml()
  #7 /var/www/html/lib/tpl/arcadebasic/main.php(147): tpl_include_page()
  #8 /var/www/html/inc/actions.php(30): include('...')
  #9 /var/www/html/doku.php(131): act_dispatch()
  #10 {main}
2026-06-06 19:49:28	/var/www/html/lib/plugins/toctweak/helper.php(96)	E_WARNING: Trying to access array offset on null
  #0 /var/www/html/lib/plugins/toctweak/helper.php(96): dokuwiki\ErrorHandler::errorHandler()
  #1 /var/www/html/lib/plugins/toctweak/syntax/sidetoc.php(73): helper_plugin_toctweak->get_metatoc()
  #2 /var/www/html/inc/parser/renderer.php(126): syntax_plugin_toctweak_sidetoc->render()
  #3 /var/www/html/inc/parserutils.php(691): Doku_Renderer->plugin()
  #4 /var/www/html/inc/parserutils.php(158): p_render()
  #5 /var/www/html/inc/parserutils.php(97): p_cached_output()
  #6 /var/www/html/inc/template.php(1679): p_wiki_xhtml()
  #7 /var/www/html/lib/tpl/arcadebasic/main.php(147): tpl_include_page()
  #8 /var/www/html/inc/actions.php(30): include('...')
  #9 /var/www/html/doku.php(131): act_dispatch()
  #10 {main}
2026-06-06 19:57:34	/var/www/html/lib/plugins/toctweak/syntax/sidetoc.php(73)	E_WARNING: Undefined variable $section
  #0 /var/www/html/lib/plugins/toctweak/syntax/sidetoc.php(73): dokuwiki\ErrorHandler::errorHandler()
  #1 /var/www/html/inc/parser/renderer.php(126): syntax_plugin_toctweak_sidetoc->render()
  #2 /var/www/html/inc/parserutils.php(691): Doku_Renderer->plugin()
  #3 /var/www/html/inc/parserutils.php(158): p_render()
  #4 /var/www/html/inc/parserutils.php(97): p_cached_output()
  #5 /var/www/html/inc/template.php(1679): p_wiki_xhtml()
  #6 /var/www/html/lib/tpl/arcadebasic/main.php(147): tpl_include_page()
  #7 /var/www/html/inc/actions.php(30): include('...')
  #8 /var/www/html/doku.php(131): act_dispatch()
  #9 {main}
2026-06-06 20:16:58	/var/www/html/lib/plugins/toctweak/syntax/sidetoc.php(73)	E_WARNING: Undefined variable $section
  #0 /var/www/html/lib/plugins/toctweak/syntax/sidetoc.php(73): dokuwiki\ErrorHandler::errorHandler()
  #1 /var/www/html/inc/parser/renderer.php(126): syntax_plugin_toctweak_sidetoc->render()
  #2 /var/www/html/inc/parserutils.php(691): Doku_Renderer->plugin()
  #3 /var/www/html/inc/parserutils.php(158): p_render()
  #4 /var/www/html/inc/parserutils.php(97): p_cached_output()
  #5 /var/www/html/inc/template.php(1679): p_wiki_xhtml()
  #6 /var/www/html/lib/tpl/arcadebasic/main.php(147): tpl_include_page()
  #7 /var/www/html/inc/actions.php(30): include('...')
  #8 /var/www/html/doku.php(131): act_dispatch()
  #9 {main}
2026-06-06 20:16:58	/var/www/html/lib/plugins/toctweak/helper.php(96)	E_WARNING: Undefined array key "tableofcontents"
  #0 /var/www/html/lib/plugins/toctweak/helper.php(96): dokuwiki\ErrorHandler::errorHandler()
  #1 /var/www/html/lib/plugins/toctweak/syntax/sidetoc.php(73): helper_plugin_toctweak->get_metatoc()
  #2 /var/www/html/inc/parser/renderer.php(126): syntax_plugin_toctweak_sidetoc->render()
  #3 /var/www/html/inc/parserutils.php(691): Doku_Renderer->plugin()
  #4 /var/www/html/inc/parserutils.php(158): p_render()
  #5 /var/www/html/inc/parserutils.php(97): p_cached_output()
  #6 /var/www/html/inc/template.php(1679): p_wiki_xhtml()
  #7 /var/www/html/lib/tpl/arcadebasic/main.php(147): tpl_include_page()
  #8 /var/www/html/inc/actions.php(30): include('...')
  #9 /var/www/html/doku.php(131): act_dispatch()
  #10 {main}
2026-06-06 20:29:24	/var/www/html/lib/plugins/toctweak/syntax/sidetoc.php(73)	E_WARNING: Undefined variable $section
  #0 /var/www/html/lib/plugins/toctweak/syntax/sidetoc.php(73): dokuwiki\ErrorHandler::errorHandler()
  #1 /var/www/html/inc/parser/renderer.php(126): syntax_plugin_toctweak_sidetoc->render()
  #2 /var/www/html/inc/parserutils.php(691): Doku_Renderer->plugin()
  #3 /var/www/html/inc/parserutils.php(158): p_render()
  #4 /var/www/html/inc/parserutils.php(97): p_cached_output()
  #5 /var/www/html/inc/template.php(1679): p_wiki_xhtml()
  #6 /var/www/html/lib/tpl/arcadebasic/main.php(147): tpl_include_page()
  #7 /var/www/html/inc/actions.php(30): include('...')
  #8 /var/www/html/doku.php(131): act_dispatch()
  #9 {main}
2026-06-06 20:49:38	/var/www/html/lib/plugins/toctweak/syntax/sidetoc.php(73)	E_WARNING: Undefined variable $section
  #0 /var/www/html/lib/plugins/toctweak/syntax/sidetoc.php(73): dokuwiki\ErrorHandler::errorHandler()
  #1 /var/www/html/inc/parser/renderer.php(126): syntax_plugin_toctweak_sidetoc->render()
  #2 /var/www/html/inc/parserutils.php(691): Doku_Renderer->plugin()
  #3 /var/www/html/inc/parserutils.php(158): p_render()
  #4 /var/www/html/inc/parserutils.php(97): p_cached_output()
  #5 /var/www/html/inc/template.php(1679): p_wiki_xhtml()
  #6 /var/www/html/lib/tpl/arcadebasic/main.php(147): tpl_include_page()
  #7 /var/www/html/inc/actions.php(30): include('...')
  #8 /var/www/html/doku.php(131): act_dispatch()
  #9 {main}
2026-06-06 20:57:20	/var/www/html/lib/plugins/toctweak/syntax/sidetoc.php(73)	E_WARNING: Undefined variable $section
  #0 /var/www/html/lib/plugins/toctweak/syntax/sidetoc.php(73): dokuwiki\ErrorHandler::errorHandler()
  #1 /var/www/html/inc/parser/renderer.php(126): syntax_plugin_toctweak_sidetoc->render()
  #2 /var/www/html/inc/parserutils.php(691): Doku_Renderer->plugin()
  #3 /var/www/html/inc/parserutils.php(158): p_render()
  #4 /var/www/html/inc/parserutils.php(97): p_cached_output()
  #5 /var/www/html/inc/template.php(1679): p_wiki_xhtml()
  #6 /var/www/html/lib/tpl/arcadebasic/main.php(147): tpl_include_page()
  #7 /var/www/html/inc/actions.php(30): include('...')
  #8 /var/www/html/doku.php(131): act_dispatch()
  #9 {main}
2026-06-06 21:06:52	/var/www/html/lib/plugins/toctweak/syntax/sidetoc.php(73)	E_WARNING: Undefined variable $section
  #0 /var/www/html/lib/plugins/toctweak/syntax/sidetoc.php(73): dokuwiki\ErrorHandler::errorHandler()
  #1 /var/www/html/inc/parser/renderer.php(126): syntax_plugin_toctweak_sidetoc->render()
  #2 /var/www/html/inc/parserutils.php(691): Doku_Renderer->plugin()
  #3 /var/www/html/inc/parserutils.php(158): p_render()
  #4 /var/www/html/inc/parserutils.php(97): p_cached_output()
  #5 /var/www/html/inc/template.php(1679): p_wiki_xhtml()
  #6 /var/www/html/lib/tpl/arcadebasic/main.php(147): tpl_include_page()
  #7 /var/www/html/inc/actions.php(30): include('...')
  #8 /var/www/html/doku.php(131): act_dispatch()
  #9 {main}
2026-06-06 21:22:01	/var/www/html/lib/plugins/toctweak/syntax/sidetoc.php(73)	E_WARNING: Undefined variable $section
  #0 /var/www/html/lib/plugins/toctweak/syntax/sidetoc.php(73): dokuwiki\ErrorHandler::errorHandler()
  #1 /var/www/html/inc/parser/renderer.php(126): syntax_plugin_toctweak_sidetoc->render()
  #2 /var/www/html/inc/parserutils.php(691): Doku_Renderer->plugin()
  #3 /var/www/html/inc/parserutils.php(158): p_render()
  #4 /var/www/html/inc/parserutils.php(97): p_cached_output()
  #5 /var/www/html/inc/template.php(1679): p_wiki_xhtml()
  #6 /var/www/html/lib/tpl/arcadebasic/main.php(147): tpl_include_page()
  #7 /var/www/html/inc/actions.php(30): include('...')
  #8 /var/www/html/doku.php(131): act_dispatch()
  #9 {main}
2026-06-06 21:49:07	/var/www/html/lib/plugins/toctweak/syntax/sidetoc.php(73)	E_WARNING: Undefined variable $section
  #0 /var/www/html/lib/plugins/toctweak/syntax/sidetoc.php(73): dokuwiki\ErrorHandler::errorHandler()
  #1 /var/www/html/inc/parser/renderer.php(126): syntax_plugin_toctweak_sidetoc->render()
  #2 /var/www/html/inc/parserutils.php(691): Doku_Renderer->plugin()
  #3 /var/www/html/inc/parserutils.php(158): p_render()
  #4 /var/www/html/inc/parserutils.php(97): p_cached_output()
  #5 /var/www/html/inc/template.php(1679): p_wiki_xhtml()
  #6 /var/www/html/lib/tpl/arcadebasic/main.php(147): tpl_include_page()
  #7 /var/www/html/inc/actions.php(30): include('...')
  #8 /var/www/html/doku.php(131): act_dispatch()
  #9 {main}
2026-06-06 22:41:13	/var/www/html/lib/plugins/toctweak/syntax/sidetoc.php(73)	E_WARNING: Undefined variable $section
  #0 /var/www/html/lib/plugins/toctweak/syntax/sidetoc.php(73): dokuwiki\ErrorHandler::errorHandler()
  #1 /var/www/html/inc/parser/renderer.php(126): syntax_plugin_toctweak_sidetoc->render()
  #2 /var/www/html/inc/parserutils.php(691): Doku_Renderer->plugin()
  #3 /var/www/html/inc/parserutils.php(158): p_render()
  #4 /var/www/html/inc/parserutils.php(97): p_cached_output()
  #5 /var/www/html/inc/template.php(1679): p_wiki_xhtml()
  #6 /var/www/html/lib/tpl/arcadebasic/main.php(147): tpl_include_page()
  #7 /var/www/html/inc/actions.php(30): include('...')
  #8 /var/www/html/doku.php(131): act_dispatch()
  #9 {main}
2026-06-06 22:44:39	/var/www/html/lib/plugins/toctweak/syntax/sidetoc.php(73)	E_WARNING: Undefined variable $section
  #0 /var/www/html/lib/plugins/toctweak/syntax/sidetoc.php(73): dokuwiki\ErrorHandler::errorHandler()
  #1 /var/www/html/inc/parser/renderer.php(126): syntax_plugin_toctweak_sidetoc->render()
  #2 /var/www/html/inc/parserutils.php(691): Doku_Renderer->plugin()
  #3 /var/www/html/inc/parserutils.php(158): p_render()
  #4 /var/www/html/inc/parserutils.php(97): p_cached_output()
  #5 /var/www/html/inc/template.php(1679): p_wiki_xhtml()
  #6 /var/www/html/lib/tpl/arcadebasic/main.php(147): tpl_include_page()
  #7 /var/www/html/inc/actions.php(30): include('...')
  #8 /var/www/html/doku.php(131): act_dispatch()
  #9 {main}
