2025-03-03 00:03:41		tpl_action() is deprecated. It was called from include() in /var/www/html/lib/tpl/arcadebasic/main.php:155 see devel:menus should be used instead!
2025-03-03 00:03:41		tpl_actionlink() is deprecated. It was called from tpl_action() in /var/www/html/inc/template.php:712 see devel:menus should be used instead!
2025-03-03 00:03:41		tpl_get_action() is deprecated. It was called from tpl_actionlink() in /var/www/html/inc/template.php:592 see devel:menus should be used instead!
2025-03-03 00:03:41		tpl_action() is deprecated. It was called from include() in /var/www/html/lib/tpl/arcadebasic/main.php:157 see devel:menus should be used instead!
2025-03-03 00:03:41		tpl_actionlink() is deprecated. It was called from tpl_action() in /var/www/html/inc/template.php:712 see devel:menus should be used instead!
2025-03-03 00:03:41		tpl_get_action() is deprecated. It was called from tpl_actionlink() in /var/www/html/inc/template.php:592 see devel:menus should be used instead!
2025-03-03 00:03:41		tpl_action() is deprecated. It was called from include() in /var/www/html/lib/tpl/arcadebasic/main.php:158 see devel:menus should be used instead!
2025-03-03 00:03:41		tpl_actionlink() is deprecated. It was called from tpl_action() in /var/www/html/inc/template.php:712 see devel:menus should be used instead!
2025-03-03 00:03:41		tpl_get_action() is deprecated. It was called from tpl_actionlink() in /var/www/html/inc/template.php:592 see devel:menus should be used instead!
2025-03-03 00:03:41		tpl_action() is deprecated. It was called from include() in /var/www/html/lib/tpl/arcadebasic/main.php:159 see devel:menus should be used instead!
2025-03-03 00:03:41		tpl_actionlink() is deprecated. It was called from tpl_action() in /var/www/html/inc/template.php:712 see devel:menus should be used instead!
2025-03-03 00:03:41		tpl_get_action() is deprecated. It was called from tpl_actionlink() in /var/www/html/inc/template.php:592 see devel:menus should be used instead!
2025-03-03 00:03:41		tpl_action() is deprecated. It was called from include() in /var/www/html/lib/tpl/arcadebasic/main.php:160 see devel:menus should be used instead!
2025-03-03 00:03:41		tpl_actionlink() is deprecated. It was called from tpl_action() in /var/www/html/inc/template.php:712 see devel:menus should be used instead!
2025-03-03 00:03:41		tpl_get_action() is deprecated. It was called from tpl_actionlink() in /var/www/html/inc/template.php:592 see devel:menus should be used instead!
2025-03-03 00:03:41		tpl_toolsevent() is deprecated. It was called from include() in /var/www/html/lib/tpl/arcadebasic/main.php:160 see devel:menus should be used instead!
2025-03-03 00:03:41		tpl_action() is deprecated. It was called from include() in /var/www/html/lib/tpl/arcadebasic/main.php:184 see devel:menus should be used instead!
2025-03-03 00:03:41		tpl_actionlink() is deprecated. It was called from tpl_action() in /var/www/html/inc/template.php:712 see devel:menus should be used instead!
2025-03-03 00:03:41		tpl_get_action() is deprecated. It was called from tpl_actionlink() in /var/www/html/inc/template.php:592 see devel:menus should be used instead!
2025-03-03 00:03:41		tpl_action() is deprecated. It was called from include() in /var/www/html/lib/tpl/arcadebasic/main.php:186 see devel:menus should be used instead!
2025-03-03 00:03:41		tpl_actionlink() is deprecated. It was called from tpl_action() in /var/www/html/inc/template.php:712 see devel:menus should be used instead!
2025-03-03 00:03:41		tpl_get_action() is deprecated. It was called from tpl_actionlink() in /var/www/html/inc/template.php:592 see devel:menus should be used instead!
2025-03-03 00:03:41		tpl_action() is deprecated. It was called from include() in /var/www/html/lib/tpl/arcadebasic/main.php:187 see devel:menus should be used instead!
2025-03-03 00:03:41		tpl_actionlink() is deprecated. It was called from tpl_action() in /var/www/html/inc/template.php:712 see devel:menus should be used instead!
2025-03-03 00:03:41		tpl_get_action() is deprecated. It was called from tpl_actionlink() in /var/www/html/inc/template.php:592 see devel:menus should be used instead!
2025-03-03 00:03:41		tpl_action() is deprecated. It was called from include() in /var/www/html/lib/tpl/arcadebasic/main.php:188 see devel:menus should be used instead!
2025-03-03 00:03:41		tpl_actionlink() is deprecated. It was called from tpl_action() in /var/www/html/inc/template.php:712 see devel:menus should be used instead!
2025-03-03 00:03:41		tpl_get_action() is deprecated. It was called from tpl_actionlink() in /var/www/html/inc/template.php:592 see devel:menus should be used instead!
2025-03-03 00:03:41		tpl_toolsevent() is deprecated. It was called from include() in /var/www/html/lib/tpl/arcadebasic/main.php:188 see devel:menus should be used instead!
2025-03-03 00:03:41		tpl_action() is deprecated. It was called from include() in /var/www/html/lib/tpl/arcadebasic/main.php:199 see devel:menus should be used instead!
2025-03-03 00:03:41		tpl_actionlink() is deprecated. It was called from tpl_action() in /var/www/html/inc/template.php:712 see devel:menus should be used instead!
2025-03-03 00:03:41		tpl_get_action() is deprecated. It was called from tpl_actionlink() in /var/www/html/inc/template.php:592 see devel:menus should be used instead!
2025-03-03 00:03:41		tpl_action() is deprecated. It was called from include() in /var/www/html/lib/tpl/arcadebasic/main.php:200 see devel:menus should be used instead!
2025-03-03 00:03:41		tpl_actionlink() is deprecated. It was called from tpl_action() in /var/www/html/inc/template.php:712 see devel:menus should be used instead!
2025-03-03 00:03:41		tpl_get_action() is deprecated. It was called from tpl_actionlink() in /var/www/html/inc/template.php:592 see devel:menus should be used instead!
2025-03-03 00:03:41		tpl_action() is deprecated. It was called from include() in /var/www/html/lib/tpl/arcadebasic/main.php:201 see devel:menus should be used instead!
2025-03-03 00:03:41		tpl_actionlink() is deprecated. It was called from tpl_action() in /var/www/html/inc/template.php:712 see devel:menus should be used instead!
2025-03-03 00:03:41		tpl_get_action() is deprecated. It was called from tpl_actionlink() in /var/www/html/inc/template.php:592 see devel:menus should be used instead!
2025-03-03 00:03:41		tpl_toolsevent() is deprecated. It was called from include() in /var/www/html/lib/tpl/arcadebasic/main.php:201 see devel:menus should be used instead!
2025-03-03 01:07:37		tpl_action() is deprecated. It was called from include() in /var/www/html/lib/tpl/arcadebasic/main.php:155 see devel:menus should be used instead!
2025-03-03 01:07:37		tpl_actionlink() is deprecated. It was called from tpl_action() in /var/www/html/inc/template.php:712 see devel:menus should be used instead!
2025-03-03 01:07:37		tpl_get_action() is deprecated. It was called from tpl_actionlink() in /var/www/html/inc/template.php:592 see devel:menus should be used instead!
2025-03-03 01:07:37		tpl_action() is deprecated. It was called from include() in /var/www/html/lib/tpl/arcadebasic/main.php:157 see devel:menus should be used instead!
2025-03-03 01:07:37		tpl_actionlink() is deprecated. It was called from tpl_action() in /var/www/html/inc/template.php:712 see devel:menus should be used instead!
2025-03-03 01:07:37		tpl_get_action() is deprecated. It was called from tpl_actionlink() in /var/www/html/inc/template.php:592 see devel:menus should be used instead!
2025-03-03 01:07:37		tpl_action() is deprecated. It was called from include() in /var/www/html/lib/tpl/arcadebasic/main.php:158 see devel:menus should be used instead!
2025-03-03 01:07:37		tpl_actionlink() is deprecated. It was called from tpl_action() in /var/www/html/inc/template.php:712 see devel:menus should be used instead!
2025-03-03 01:07:37		tpl_get_action() is deprecated. It was called from tpl_actionlink() in /var/www/html/inc/template.php:592 see devel:menus should be used instead!
2025-03-03 01:07:37		tpl_action() is deprecated. It was called from include() in /var/www/html/lib/tpl/arcadebasic/main.php:159 see devel:menus should be used instead!
2025-03-03 01:07:37		tpl_actionlink() is deprecated. It was called from tpl_action() in /var/www/html/inc/template.php:712 see devel:menus should be used instead!
2025-03-03 01:07:37		tpl_get_action() is deprecated. It was called from tpl_actionlink() in /var/www/html/inc/template.php:592 see devel:menus should be used instead!
2025-03-03 01:07:37		tpl_action() is deprecated. It was called from include() in /var/www/html/lib/tpl/arcadebasic/main.php:160 see devel:menus should be used instead!
2025-03-03 01:07:37		tpl_actionlink() is deprecated. It was called from tpl_action() in /var/www/html/inc/template.php:712 see devel:menus should be used instead!
2025-03-03 01:07:37		tpl_get_action() is deprecated. It was called from tpl_actionlink() in /var/www/html/inc/template.php:592 see devel:menus should be used instead!
2025-03-03 01:07:37		tpl_toolsevent() is deprecated. It was called from include() in /var/www/html/lib/tpl/arcadebasic/main.php:160 see devel:menus should be used instead!
2025-03-03 01:07:37		tpl_action() is deprecated. It was called from include() in /var/www/html/lib/tpl/arcadebasic/main.php:184 see devel:menus should be used instead!
2025-03-03 01:07:37		tpl_actionlink() is deprecated. It was called from tpl_action() in /var/www/html/inc/template.php:712 see devel:menus should be used instead!
2025-03-03 01:07:37		tpl_get_action() is deprecated. It was called from tpl_actionlink() in /var/www/html/inc/template.php:592 see devel:menus should be used instead!
2025-03-03 01:07:37		tpl_action() is deprecated. It was called from include() in /var/www/html/lib/tpl/arcadebasic/main.php:186 see devel:menus should be used instead!
2025-03-03 01:07:37		tpl_actionlink() is deprecated. It was called from tpl_action() in /var/www/html/inc/template.php:712 see devel:menus should be used instead!
2025-03-03 01:07:37		tpl_get_action() is deprecated. It was called from tpl_actionlink() in /var/www/html/inc/template.php:592 see devel:menus should be used instead!
2025-03-03 01:07:37		tpl_action() is deprecated. It was called from include() in /var/www/html/lib/tpl/arcadebasic/main.php:187 see devel:menus should be used instead!
2025-03-03 01:07:37		tpl_actionlink() is deprecated. It was called from tpl_action() in /var/www/html/inc/template.php:712 see devel:menus should be used instead!
2025-03-03 01:07:37		tpl_get_action() is deprecated. It was called from tpl_actionlink() in /var/www/html/inc/template.php:592 see devel:menus should be used instead!
2025-03-03 01:07:37		tpl_action() is deprecated. It was called from include() in /var/www/html/lib/tpl/arcadebasic/main.php:188 see devel:menus should be used instead!
2025-03-03 01:07:37		tpl_actionlink() is deprecated. It was called from tpl_action() in /var/www/html/inc/template.php:712 see devel:menus should be used instead!
2025-03-03 01:07:37		tpl_get_action() is deprecated. It was called from tpl_actionlink() in /var/www/html/inc/template.php:592 see devel:menus should be used instead!
2025-03-03 01:07:37		tpl_toolsevent() is deprecated. It was called from include() in /var/www/html/lib/tpl/arcadebasic/main.php:188 see devel:menus should be used instead!
2025-03-03 01:07:37		tpl_action() is deprecated. It was called from include() in /var/www/html/lib/tpl/arcadebasic/main.php:199 see devel:menus should be used instead!
2025-03-03 01:07:37		tpl_actionlink() is deprecated. It was called from tpl_action() in /var/www/html/inc/template.php:712 see devel:menus should be used instead!
2025-03-03 01:07:37		tpl_get_action() is deprecated. It was called from tpl_actionlink() in /var/www/html/inc/template.php:592 see devel:menus should be used instead!
2025-03-03 01:07:37		tpl_action() is deprecated. It was called from include() in /var/www/html/lib/tpl/arcadebasic/main.php:200 see devel:menus should be used instead!
2025-03-03 01:07:37		tpl_actionlink() is deprecated. It was called from tpl_action() in /var/www/html/inc/template.php:712 see devel:menus should be used instead!
2025-03-03 01:07:37		tpl_get_action() is deprecated. It was called from tpl_actionlink() in /var/www/html/inc/template.php:592 see devel:menus should be used instead!
2025-03-03 01:07:37		tpl_action() is deprecated. It was called from include() in /var/www/html/lib/tpl/arcadebasic/main.php:201 see devel:menus should be used instead!
2025-03-03 01:07:37		tpl_actionlink() is deprecated. It was called from tpl_action() in /var/www/html/inc/template.php:712 see devel:menus should be used instead!
2025-03-03 01:07:37		tpl_get_action() is deprecated. It was called from tpl_actionlink() in /var/www/html/inc/template.php:592 see devel:menus should be used instead!
2025-03-03 01:07:37		tpl_toolsevent() is deprecated. It was called from include() in /var/www/html/lib/tpl/arcadebasic/main.php:201 see devel:menus should be used instead!
2025-03-03 01:53:08		tpl_action() is deprecated. It was called from include() in /var/www/html/lib/tpl/arcadebasic/main.php:155 see devel:menus should be used instead!
2025-03-03 01:53:08		tpl_actionlink() is deprecated. It was called from tpl_action() in /var/www/html/inc/template.php:712 see devel:menus should be used instead!
2025-03-03 01:53:08		tpl_get_action() is deprecated. It was called from tpl_actionlink() in /var/www/html/inc/template.php:592 see devel:menus should be used instead!
2025-03-03 01:53:08		tpl_action() is deprecated. It was called from include() in /var/www/html/lib/tpl/arcadebasic/main.php:157 see devel:menus should be used instead!
2025-03-03 01:53:08		tpl_actionlink() is deprecated. It was called from tpl_action() in /var/www/html/inc/template.php:712 see devel:menus should be used instead!
2025-03-03 01:53:08		tpl_get_action() is deprecated. It was called from tpl_actionlink() in /var/www/html/inc/template.php:592 see devel:menus should be used instead!
2025-03-03 01:53:08		tpl_action() is deprecated. It was called from include() in /var/www/html/lib/tpl/arcadebasic/main.php:158 see devel:menus should be used instead!
2025-03-03 01:53:08		tpl_actionlink() is deprecated. It was called from tpl_action() in /var/www/html/inc/template.php:712 see devel:menus should be used instead!
2025-03-03 01:53:08		tpl_get_action() is deprecated. It was called from tpl_actionlink() in /var/www/html/inc/template.php:592 see devel:menus should be used instead!
2025-03-03 01:53:08		tpl_action() is deprecated. It was called from include() in /var/www/html/lib/tpl/arcadebasic/main.php:159 see devel:menus should be used instead!
2025-03-03 01:53:08		tpl_actionlink() is deprecated. It was called from tpl_action() in /var/www/html/inc/template.php:712 see devel:menus should be used instead!
2025-03-03 01:53:08		tpl_get_action() is deprecated. It was called from tpl_actionlink() in /var/www/html/inc/template.php:592 see devel:menus should be used instead!
2025-03-03 01:53:08		tpl_action() is deprecated. It was called from include() in /var/www/html/lib/tpl/arcadebasic/main.php:160 see devel:menus should be used instead!
2025-03-03 01:53:08		tpl_actionlink() is deprecated. It was called from tpl_action() in /var/www/html/inc/template.php:712 see devel:menus should be used instead!
2025-03-03 01:53:08		tpl_get_action() is deprecated. It was called from tpl_actionlink() in /var/www/html/inc/template.php:592 see devel:menus should be used instead!
2025-03-03 01:53:08		tpl_toolsevent() is deprecated. It was called from include() in /var/www/html/lib/tpl/arcadebasic/main.php:160 see devel:menus should be used instead!
2025-03-03 01:53:08		tpl_action() is deprecated. It was called from include() in /var/www/html/lib/tpl/arcadebasic/main.php:184 see devel:menus should be used instead!
2025-03-03 01:53:08		tpl_actionlink() is deprecated. It was called from tpl_action() in /var/www/html/inc/template.php:712 see devel:menus should be used instead!
2025-03-03 01:53:08		tpl_get_action() is deprecated. It was called from tpl_actionlink() in /var/www/html/inc/template.php:592 see devel:menus should be used instead!
2025-03-03 01:53:08		tpl_action() is deprecated. It was called from include() in /var/www/html/lib/tpl/arcadebasic/main.php:186 see devel:menus should be used instead!
2025-03-03 01:53:08		tpl_actionlink() is deprecated. It was called from tpl_action() in /var/www/html/inc/template.php:712 see devel:menus should be used instead!
2025-03-03 01:53:08		tpl_get_action() is deprecated. It was called from tpl_actionlink() in /var/www/html/inc/template.php:592 see devel:menus should be used instead!
2025-03-03 01:53:08		tpl_action() is deprecated. It was called from include() in /var/www/html/lib/tpl/arcadebasic/main.php:187 see devel:menus should be used instead!
2025-03-03 01:53:08		tpl_actionlink() is deprecated. It was called from tpl_action() in /var/www/html/inc/template.php:712 see devel:menus should be used instead!
2025-03-03 01:53:08		tpl_get_action() is deprecated. It was called from tpl_actionlink() in /var/www/html/inc/template.php:592 see devel:menus should be used instead!
2025-03-03 01:53:08		tpl_action() is deprecated. It was called from include() in /var/www/html/lib/tpl/arcadebasic/main.php:188 see devel:menus should be used instead!
2025-03-03 01:53:08		tpl_actionlink() is deprecated. It was called from tpl_action() in /var/www/html/inc/template.php:712 see devel:menus should be used instead!
2025-03-03 01:53:08		tpl_get_action() is deprecated. It was called from tpl_actionlink() in /var/www/html/inc/template.php:592 see devel:menus should be used instead!
2025-03-03 01:53:08		tpl_toolsevent() is deprecated. It was called from include() in /var/www/html/lib/tpl/arcadebasic/main.php:188 see devel:menus should be used instead!
2025-03-03 01:53:08		tpl_action() is deprecated. It was called from include() in /var/www/html/lib/tpl/arcadebasic/main.php:199 see devel:menus should be used instead!
2025-03-03 01:53:08		tpl_actionlink() is deprecated. It was called from tpl_action() in /var/www/html/inc/template.php:712 see devel:menus should be used instead!
2025-03-03 01:53:08		tpl_get_action() is deprecated. It was called from tpl_actionlink() in /var/www/html/inc/template.php:592 see devel:menus should be used instead!
2025-03-03 01:53:08		tpl_action() is deprecated. It was called from include() in /var/www/html/lib/tpl/arcadebasic/main.php:200 see devel:menus should be used instead!
2025-03-03 01:53:08		tpl_actionlink() is deprecated. It was called from tpl_action() in /var/www/html/inc/template.php:712 see devel:menus should be used instead!
2025-03-03 01:53:08		tpl_get_action() is deprecated. It was called from tpl_actionlink() in /var/www/html/inc/template.php:592 see devel:menus should be used instead!
2025-03-03 01:53:08		tpl_action() is deprecated. It was called from include() in /var/www/html/lib/tpl/arcadebasic/main.php:201 see devel:menus should be used instead!
2025-03-03 01:53:08		tpl_actionlink() is deprecated. It was called from tpl_action() in /var/www/html/inc/template.php:712 see devel:menus should be used instead!
2025-03-03 01:53:08		tpl_get_action() is deprecated. It was called from tpl_actionlink() in /var/www/html/inc/template.php:592 see devel:menus should be used instead!
2025-03-03 01:53:08		tpl_toolsevent() is deprecated. It was called from include() in /var/www/html/lib/tpl/arcadebasic/main.php:201 see devel:menus should be used instead!
2025-03-03 02:32:07		tpl_action() is deprecated. It was called from include() in /var/www/html/lib/tpl/arcadebasic/main.php:155 see devel:menus should be used instead!
2025-03-03 02:32:07		tpl_actionlink() is deprecated. It was called from tpl_action() in /var/www/html/inc/template.php:712 see devel:menus should be used instead!
2025-03-03 02:32:07		tpl_get_action() is deprecated. It was called from tpl_actionlink() in /var/www/html/inc/template.php:592 see devel:menus should be used instead!
2025-03-03 02:32:07		tpl_action() is deprecated. It was called from include() in /var/www/html/lib/tpl/arcadebasic/main.php:157 see devel:menus should be used instead!
2025-03-03 02:32:07		tpl_actionlink() is deprecated. It was called from tpl_action() in /var/www/html/inc/template.php:712 see devel:menus should be used instead!
2025-03-03 02:32:07		tpl_get_action() is deprecated. It was called from tpl_actionlink() in /var/www/html/inc/template.php:592 see devel:menus should be used instead!
2025-03-03 02:32:07		tpl_action() is deprecated. It was called from include() in /var/www/html/lib/tpl/arcadebasic/main.php:158 see devel:menus should be used instead!
2025-03-03 02:32:07		tpl_actionlink() is deprecated. It was called from tpl_action() in /var/www/html/inc/template.php:712 see devel:menus should be used instead!
2025-03-03 02:32:07		tpl_get_action() is deprecated. It was called from tpl_actionlink() in /var/www/html/inc/template.php:592 see devel:menus should be used instead!
2025-03-03 02:32:07		tpl_action() is deprecated. It was called from include() in /var/www/html/lib/tpl/arcadebasic/main.php:159 see devel:menus should be used instead!
2025-03-03 02:32:07		tpl_actionlink() is deprecated. It was called from tpl_action() in /var/www/html/inc/template.php:712 see devel:menus should be used instead!
2025-03-03 02:32:07		tpl_get_action() is deprecated. It was called from tpl_actionlink() in /var/www/html/inc/template.php:592 see devel:menus should be used instead!
2025-03-03 02:32:07		tpl_action() is deprecated. It was called from include() in /var/www/html/lib/tpl/arcadebasic/main.php:160 see devel:menus should be used instead!
2025-03-03 02:32:07		tpl_actionlink() is deprecated. It was called from tpl_action() in /var/www/html/inc/template.php:712 see devel:menus should be used instead!
2025-03-03 02:32:07		tpl_get_action() is deprecated. It was called from tpl_actionlink() in /var/www/html/inc/template.php:592 see devel:menus should be used instead!
2025-03-03 02:32:07		tpl_toolsevent() is deprecated. It was called from include() in /var/www/html/lib/tpl/arcadebasic/main.php:160 see devel:menus should be used instead!
2025-03-03 02:32:07		tpl_action() is deprecated. It was called from include() in /var/www/html/lib/tpl/arcadebasic/main.php:184 see devel:menus should be used instead!
2025-03-03 02:32:07		tpl_actionlink() is deprecated. It was called from tpl_action() in /var/www/html/inc/template.php:712 see devel:menus should be used instead!
2025-03-03 02:32:07		tpl_get_action() is deprecated. It was called from tpl_actionlink() in /var/www/html/inc/template.php:592 see devel:menus should be used instead!
2025-03-03 02:32:07		tpl_action() is deprecated. It was called from include() in /var/www/html/lib/tpl/arcadebasic/main.php:186 see devel:menus should be used instead!
2025-03-03 02:32:07		tpl_actionlink() is deprecated. It was called from tpl_action() in /var/www/html/inc/template.php:712 see devel:menus should be used instead!
2025-03-03 02:32:07		tpl_get_action() is deprecated. It was called from tpl_actionlink() in /var/www/html/inc/template.php:592 see devel:menus should be used instead!
2025-03-03 02:32:07		tpl_action() is deprecated. It was called from include() in /var/www/html/lib/tpl/arcadebasic/main.php:187 see devel:menus should be used instead!
2025-03-03 02:32:07		tpl_actionlink() is deprecated. It was called from tpl_action() in /var/www/html/inc/template.php:712 see devel:menus should be used instead!
2025-03-03 02:32:07		tpl_get_action() is deprecated. It was called from tpl_actionlink() in /var/www/html/inc/template.php:592 see devel:menus should be used instead!
2025-03-03 02:32:07		tpl_action() is deprecated. It was called from include() in /var/www/html/lib/tpl/arcadebasic/main.php:188 see devel:menus should be used instead!
2025-03-03 02:32:07		tpl_actionlink() is deprecated. It was called from tpl_action() in /var/www/html/inc/template.php:712 see devel:menus should be used instead!
2025-03-03 02:32:07		tpl_get_action() is deprecated. It was called from tpl_actionlink() in /var/www/html/inc/template.php:592 see devel:menus should be used instead!
2025-03-03 02:32:07		tpl_toolsevent() is deprecated. It was called from include() in /var/www/html/lib/tpl/arcadebasic/main.php:188 see devel:menus should be used instead!
2025-03-03 02:32:07		tpl_action() is deprecated. It was called from include() in /var/www/html/lib/tpl/arcadebasic/main.php:199 see devel:menus should be used instead!
2025-03-03 02:32:07		tpl_actionlink() is deprecated. It was called from tpl_action() in /var/www/html/inc/template.php:712 see devel:menus should be used instead!
2025-03-03 02:32:07		tpl_get_action() is deprecated. It was called from tpl_actionlink() in /var/www/html/inc/template.php:592 see devel:menus should be used instead!
2025-03-03 02:32:07		tpl_action() is deprecated. It was called from include() in /var/www/html/lib/tpl/arcadebasic/main.php:200 see devel:menus should be used instead!
2025-03-03 02:32:07		tpl_actionlink() is deprecated. It was called from tpl_action() in /var/www/html/inc/template.php:712 see devel:menus should be used instead!
2025-03-03 02:32:07		tpl_get_action() is deprecated. It was called from tpl_actionlink() in /var/www/html/inc/template.php:592 see devel:menus should be used instead!
2025-03-03 02:32:07		tpl_action() is deprecated. It was called from include() in /var/www/html/lib/tpl/arcadebasic/main.php:201 see devel:menus should be used instead!
2025-03-03 02:32:07		tpl_actionlink() is deprecated. It was called from tpl_action() in /var/www/html/inc/template.php:712 see devel:menus should be used instead!
2025-03-03 02:32:07		tpl_get_action() is deprecated. It was called from tpl_actionlink() in /var/www/html/inc/template.php:592 see devel:menus should be used instead!
2025-03-03 02:32:07		tpl_toolsevent() is deprecated. It was called from include() in /var/www/html/lib/tpl/arcadebasic/main.php:201 see devel:menus should be used instead!
2025-03-03 04:55:01		tpl_action() is deprecated. It was called from include() in /var/www/html/lib/tpl/arcadebasic/main.php:155 see devel:menus should be used instead!
2025-03-03 04:55:01		tpl_actionlink() is deprecated. It was called from tpl_action() in /var/www/html/inc/template.php:712 see devel:menus should be used instead!
2025-03-03 04:55:01		tpl_get_action() is deprecated. It was called from tpl_actionlink() in /var/www/html/inc/template.php:592 see devel:menus should be used instead!
2025-03-03 04:55:01		tpl_action() is deprecated. It was called from include() in /var/www/html/lib/tpl/arcadebasic/main.php:157 see devel:menus should be used instead!
2025-03-03 04:55:01		tpl_actionlink() is deprecated. It was called from tpl_action() in /var/www/html/inc/template.php:712 see devel:menus should be used instead!
2025-03-03 04:55:01		tpl_get_action() is deprecated. It was called from tpl_actionlink() in /var/www/html/inc/template.php:592 see devel:menus should be used instead!
2025-03-03 04:55:01		tpl_action() is deprecated. It was called from include() in /var/www/html/lib/tpl/arcadebasic/main.php:158 see devel:menus should be used instead!
2025-03-03 04:55:01		tpl_actionlink() is deprecated. It was called from tpl_action() in /var/www/html/inc/template.php:712 see devel:menus should be used instead!
2025-03-03 04:55:01		tpl_get_action() is deprecated. It was called from tpl_actionlink() in /var/www/html/inc/template.php:592 see devel:menus should be used instead!
2025-03-03 04:55:01		tpl_action() is deprecated. It was called from include() in /var/www/html/lib/tpl/arcadebasic/main.php:159 see devel:menus should be used instead!
2025-03-03 04:55:01		tpl_actionlink() is deprecated. It was called from tpl_action() in /var/www/html/inc/template.php:712 see devel:menus should be used instead!
2025-03-03 04:55:01		tpl_get_action() is deprecated. It was called from tpl_actionlink() in /var/www/html/inc/template.php:592 see devel:menus should be used instead!
2025-03-03 04:55:01		tpl_action() is deprecated. It was called from include() in /var/www/html/lib/tpl/arcadebasic/main.php:160 see devel:menus should be used instead!
2025-03-03 04:55:01		tpl_actionlink() is deprecated. It was called from tpl_action() in /var/www/html/inc/template.php:712 see devel:menus should be used instead!
2025-03-03 04:55:01		tpl_get_action() is deprecated. It was called from tpl_actionlink() in /var/www/html/inc/template.php:592 see devel:menus should be used instead!
2025-03-03 04:55:01		tpl_toolsevent() is deprecated. It was called from include() in /var/www/html/lib/tpl/arcadebasic/main.php:160 see devel:menus should be used instead!
2025-03-03 04:55:01		tpl_action() is deprecated. It was called from include() in /var/www/html/lib/tpl/arcadebasic/main.php:184 see devel:menus should be used instead!
2025-03-03 04:55:01		tpl_actionlink() is deprecated. It was called from tpl_action() in /var/www/html/inc/template.php:712 see devel:menus should be used instead!
2025-03-03 04:55:01		tpl_get_action() is deprecated. It was called from tpl_actionlink() in /var/www/html/inc/template.php:592 see devel:menus should be used instead!
2025-03-03 04:55:01		tpl_action() is deprecated. It was called from include() in /var/www/html/lib/tpl/arcadebasic/main.php:186 see devel:menus should be used instead!
2025-03-03 04:55:01		tpl_actionlink() is deprecated. It was called from tpl_action() in /var/www/html/inc/template.php:712 see devel:menus should be used instead!
2025-03-03 04:55:01		tpl_get_action() is deprecated. It was called from tpl_actionlink() in /var/www/html/inc/template.php:592 see devel:menus should be used instead!
2025-03-03 04:55:01		tpl_action() is deprecated. It was called from include() in /var/www/html/lib/tpl/arcadebasic/main.php:187 see devel:menus should be used instead!
2025-03-03 04:55:01		tpl_actionlink() is deprecated. It was called from tpl_action() in /var/www/html/inc/template.php:712 see devel:menus should be used instead!
2025-03-03 04:55:01		tpl_get_action() is deprecated. It was called from tpl_actionlink() in /var/www/html/inc/template.php:592 see devel:menus should be used instead!
2025-03-03 04:55:01		tpl_action() is deprecated. It was called from include() in /var/www/html/lib/tpl/arcadebasic/main.php:188 see devel:menus should be used instead!
2025-03-03 04:55:01		tpl_actionlink() is deprecated. It was called from tpl_action() in /var/www/html/inc/template.php:712 see devel:menus should be used instead!
2025-03-03 04:55:01		tpl_get_action() is deprecated. It was called from tpl_actionlink() in /var/www/html/inc/template.php:592 see devel:menus should be used instead!
2025-03-03 04:55:01		tpl_toolsevent() is deprecated. It was called from include() in /var/www/html/lib/tpl/arcadebasic/main.php:188 see devel:menus should be used instead!
2025-03-03 04:55:01		tpl_action() is deprecated. It was called from include() in /var/www/html/lib/tpl/arcadebasic/main.php:199 see devel:menus should be used instead!
2025-03-03 04:55:01		tpl_actionlink() is deprecated. It was called from tpl_action() in /var/www/html/inc/template.php:712 see devel:menus should be used instead!
2025-03-03 04:55:01		tpl_get_action() is deprecated. It was called from tpl_actionlink() in /var/www/html/inc/template.php:592 see devel:menus should be used instead!
2025-03-03 04:55:01		tpl_action() is deprecated. It was called from include() in /var/www/html/lib/tpl/arcadebasic/main.php:200 see devel:menus should be used instead!
2025-03-03 04:55:01		tpl_actionlink() is deprecated. It was called from tpl_action() in /var/www/html/inc/template.php:712 see devel:menus should be used instead!
2025-03-03 04:55:01		tpl_get_action() is deprecated. It was called from tpl_actionlink() in /var/www/html/inc/template.php:592 see devel:menus should be used instead!
2025-03-03 04:55:01		tpl_action() is deprecated. It was called from include() in /var/www/html/lib/tpl/arcadebasic/main.php:201 see devel:menus should be used instead!
2025-03-03 04:55:01		tpl_actionlink() is deprecated. It was called from tpl_action() in /var/www/html/inc/template.php:712 see devel:menus should be used instead!
2025-03-03 04:55:01		tpl_get_action() is deprecated. It was called from tpl_actionlink() in /var/www/html/inc/template.php:592 see devel:menus should be used instead!
2025-03-03 04:55:01		tpl_toolsevent() is deprecated. It was called from include() in /var/www/html/lib/tpl/arcadebasic/main.php:201 see devel:menus should be used instead!
2025-03-03 05:44:38		require_once() is deprecated. It was called from require() in /var/www/html/lib/plugins/imagebox/syntax.php:9 Autoloading should be used instead!
2025-03-03 05:44:38		Doku_Handler::_addCall() is deprecated. It was called from syntax_plugin_toctweak_autotoc::handle() in /var/www/html/lib/plugins/toctweak/syntax/autotoc.php:60 addCall should be used instead!
2025-03-03 05:44:38		Doku_Handler::_addCall() is deprecated. It was called from syntax_plugin_toctweak_sidetoc::handle() in /var/www/html/lib/plugins/toctweak/syntax/sidetoc.php:30 addCall should be used instead!
2025-03-03 05:44:38		tpl_action() is deprecated. It was called from include() in /var/www/html/lib/tpl/arcadebasic/main.php:155 see devel:menus should be used instead!
2025-03-03 05:44:38		tpl_actionlink() is deprecated. It was called from tpl_action() in /var/www/html/inc/template.php:712 see devel:menus should be used instead!
2025-03-03 05:44:38		tpl_get_action() is deprecated. It was called from tpl_actionlink() in /var/www/html/inc/template.php:592 see devel:menus should be used instead!
2025-03-03 05:44:38		tpl_action() is deprecated. It was called from include() in /var/www/html/lib/tpl/arcadebasic/main.php:157 see devel:menus should be used instead!
2025-03-03 05:44:38		tpl_actionlink() is deprecated. It was called from tpl_action() in /var/www/html/inc/template.php:712 see devel:menus should be used instead!
2025-03-03 05:44:38		tpl_get_action() is deprecated. It was called from tpl_actionlink() in /var/www/html/inc/template.php:592 see devel:menus should be used instead!
2025-03-03 05:44:38		tpl_action() is deprecated. It was called from include() in /var/www/html/lib/tpl/arcadebasic/main.php:158 see devel:menus should be used instead!
2025-03-03 05:44:38		tpl_actionlink() is deprecated. It was called from tpl_action() in /var/www/html/inc/template.php:712 see devel:menus should be used instead!
2025-03-03 05:44:38		tpl_get_action() is deprecated. It was called from tpl_actionlink() in /var/www/html/inc/template.php:592 see devel:menus should be used instead!
2025-03-03 05:44:38		tpl_action() is deprecated. It was called from include() in /var/www/html/lib/tpl/arcadebasic/main.php:159 see devel:menus should be used instead!
2025-03-03 05:44:38		tpl_actionlink() is deprecated. It was called from tpl_action() in /var/www/html/inc/template.php:712 see devel:menus should be used instead!
2025-03-03 05:44:38		tpl_get_action() is deprecated. It was called from tpl_actionlink() in /var/www/html/inc/template.php:592 see devel:menus should be used instead!
2025-03-03 05:44:38		tpl_action() is deprecated. It was called from include() in /var/www/html/lib/tpl/arcadebasic/main.php:160 see devel:menus should be used instead!
2025-03-03 05:44:38		tpl_actionlink() is deprecated. It was called from tpl_action() in /var/www/html/inc/template.php:712 see devel:menus should be used instead!
2025-03-03 05:44:38		tpl_get_action() is deprecated. It was called from tpl_actionlink() in /var/www/html/inc/template.php:592 see devel:menus should be used instead!
2025-03-03 05:44:38		tpl_toolsevent() is deprecated. It was called from include() in /var/www/html/lib/tpl/arcadebasic/main.php:160 see devel:menus should be used instead!
2025-03-03 05:44:38		tpl_action() is deprecated. It was called from include() in /var/www/html/lib/tpl/arcadebasic/main.php:184 see devel:menus should be used instead!
2025-03-03 05:44:38		tpl_actionlink() is deprecated. It was called from tpl_action() in /var/www/html/inc/template.php:712 see devel:menus should be used instead!
2025-03-03 05:44:38		tpl_get_action() is deprecated. It was called from tpl_actionlink() in /var/www/html/inc/template.php:592 see devel:menus should be used instead!
2025-03-03 05:44:38		tpl_action() is deprecated. It was called from include() in /var/www/html/lib/tpl/arcadebasic/main.php:186 see devel:menus should be used instead!
2025-03-03 05:44:38		tpl_actionlink() is deprecated. It was called from tpl_action() in /var/www/html/inc/template.php:712 see devel:menus should be used instead!
2025-03-03 05:44:38		tpl_get_action() is deprecated. It was called from tpl_actionlink() in /var/www/html/inc/template.php:592 see devel:menus should be used instead!
2025-03-03 05:44:38		tpl_action() is deprecated. It was called from include() in /var/www/html/lib/tpl/arcadebasic/main.php:187 see devel:menus should be used instead!
2025-03-03 05:44:38		tpl_actionlink() is deprecated. It was called from tpl_action() in /var/www/html/inc/template.php:712 see devel:menus should be used instead!
2025-03-03 05:44:38		tpl_get_action() is deprecated. It was called from tpl_actionlink() in /var/www/html/inc/template.php:592 see devel:menus should be used instead!
2025-03-03 05:44:38		tpl_action() is deprecated. It was called from include() in /var/www/html/lib/tpl/arcadebasic/main.php:188 see devel:menus should be used instead!
2025-03-03 05:44:38		tpl_actionlink() is deprecated. It was called from tpl_action() in /var/www/html/inc/template.php:712 see devel:menus should be used instead!
2025-03-03 05:44:38		tpl_get_action() is deprecated. It was called from tpl_actionlink() in /var/www/html/inc/template.php:592 see devel:menus should be used instead!
2025-03-03 05:44:38		tpl_toolsevent() is deprecated. It was called from include() in /var/www/html/lib/tpl/arcadebasic/main.php:188 see devel:menus should be used instead!
2025-03-03 05:44:38		tpl_action() is deprecated. It was called from include() in /var/www/html/lib/tpl/arcadebasic/main.php:199 see devel:menus should be used instead!
2025-03-03 05:44:38		tpl_actionlink() is deprecated. It was called from tpl_action() in /var/www/html/inc/template.php:712 see devel:menus should be used instead!
2025-03-03 05:44:38		tpl_get_action() is deprecated. It was called from tpl_actionlink() in /var/www/html/inc/template.php:592 see devel:menus should be used instead!
2025-03-03 05:44:38		tpl_action() is deprecated. It was called from include() in /var/www/html/lib/tpl/arcadebasic/main.php:200 see devel:menus should be used instead!
2025-03-03 05:44:38		tpl_actionlink() is deprecated. It was called from tpl_action() in /var/www/html/inc/template.php:712 see devel:menus should be used instead!
2025-03-03 05:44:38		tpl_get_action() is deprecated. It was called from tpl_actionlink() in /var/www/html/inc/template.php:592 see devel:menus should be used instead!
2025-03-03 05:44:38		tpl_action() is deprecated. It was called from include() in /var/www/html/lib/tpl/arcadebasic/main.php:201 see devel:menus should be used instead!
2025-03-03 05:44:38		tpl_actionlink() is deprecated. It was called from tpl_action() in /var/www/html/inc/template.php:712 see devel:menus should be used instead!
2025-03-03 05:44:38		tpl_get_action() is deprecated. It was called from tpl_actionlink() in /var/www/html/inc/template.php:592 see devel:menus should be used instead!
2025-03-03 05:44:38		tpl_toolsevent() is deprecated. It was called from include() in /var/www/html/lib/tpl/arcadebasic/main.php:201 see devel:menus should be used instead!
2025-03-03 05:49:14		tpl_action() is deprecated. It was called from include() in /var/www/html/lib/tpl/arcadebasic/main.php:155 see devel:menus should be used instead!
2025-03-03 05:49:14		tpl_actionlink() is deprecated. It was called from tpl_action() in /var/www/html/inc/template.php:712 see devel:menus should be used instead!
2025-03-03 05:49:14		tpl_get_action() is deprecated. It was called from tpl_actionlink() in /var/www/html/inc/template.php:592 see devel:menus should be used instead!
2025-03-03 05:49:14		tpl_action() is deprecated. It was called from include() in /var/www/html/lib/tpl/arcadebasic/main.php:157 see devel:menus should be used instead!
2025-03-03 05:49:14		tpl_actionlink() is deprecated. It was called from tpl_action() in /var/www/html/inc/template.php:712 see devel:menus should be used instead!
2025-03-03 05:49:14		tpl_get_action() is deprecated. It was called from tpl_actionlink() in /var/www/html/inc/template.php:592 see devel:menus should be used instead!
2025-03-03 05:49:14		tpl_action() is deprecated. It was called from include() in /var/www/html/lib/tpl/arcadebasic/main.php:158 see devel:menus should be used instead!
2025-03-03 05:49:14		tpl_actionlink() is deprecated. It was called from tpl_action() in /var/www/html/inc/template.php:712 see devel:menus should be used instead!
2025-03-03 05:49:14		tpl_get_action() is deprecated. It was called from tpl_actionlink() in /var/www/html/inc/template.php:592 see devel:menus should be used instead!
2025-03-03 05:49:14		tpl_action() is deprecated. It was called from include() in /var/www/html/lib/tpl/arcadebasic/main.php:159 see devel:menus should be used instead!
2025-03-03 05:49:14		tpl_actionlink() is deprecated. It was called from tpl_action() in /var/www/html/inc/template.php:712 see devel:menus should be used instead!
2025-03-03 05:49:14		tpl_get_action() is deprecated. It was called from tpl_actionlink() in /var/www/html/inc/template.php:592 see devel:menus should be used instead!
2025-03-03 05:49:14		tpl_action() is deprecated. It was called from include() in /var/www/html/lib/tpl/arcadebasic/main.php:160 see devel:menus should be used instead!
2025-03-03 05:49:14		tpl_actionlink() is deprecated. It was called from tpl_action() in /var/www/html/inc/template.php:712 see devel:menus should be used instead!
2025-03-03 05:49:14		tpl_get_action() is deprecated. It was called from tpl_actionlink() in /var/www/html/inc/template.php:592 see devel:menus should be used instead!
2025-03-03 05:49:14		tpl_toolsevent() is deprecated. It was called from include() in /var/www/html/lib/tpl/arcadebasic/main.php:160 see devel:menus should be used instead!
2025-03-03 05:49:14		tpl_action() is deprecated. It was called from include() in /var/www/html/lib/tpl/arcadebasic/main.php:184 see devel:menus should be used instead!
2025-03-03 05:49:14		tpl_actionlink() is deprecated. It was called from tpl_action() in /var/www/html/inc/template.php:712 see devel:menus should be used instead!
2025-03-03 05:49:14		tpl_get_action() is deprecated. It was called from tpl_actionlink() in /var/www/html/inc/template.php:592 see devel:menus should be used instead!
2025-03-03 05:49:14		tpl_action() is deprecated. It was called from include() in /var/www/html/lib/tpl/arcadebasic/main.php:186 see devel:menus should be used instead!
2025-03-03 05:49:14		tpl_actionlink() is deprecated. It was called from tpl_action() in /var/www/html/inc/template.php:712 see devel:menus should be used instead!
2025-03-03 05:49:14		tpl_get_action() is deprecated. It was called from tpl_actionlink() in /var/www/html/inc/template.php:592 see devel:menus should be used instead!
2025-03-03 05:49:14		tpl_action() is deprecated. It was called from include() in /var/www/html/lib/tpl/arcadebasic/main.php:187 see devel:menus should be used instead!
2025-03-03 05:49:14		tpl_actionlink() is deprecated. It was called from tpl_action() in /var/www/html/inc/template.php:712 see devel:menus should be used instead!
2025-03-03 05:49:14		tpl_get_action() is deprecated. It was called from tpl_actionlink() in /var/www/html/inc/template.php:592 see devel:menus should be used instead!
2025-03-03 05:49:14		tpl_action() is deprecated. It was called from include() in /var/www/html/lib/tpl/arcadebasic/main.php:188 see devel:menus should be used instead!
2025-03-03 05:49:14		tpl_actionlink() is deprecated. It was called from tpl_action() in /var/www/html/inc/template.php:712 see devel:menus should be used instead!
2025-03-03 05:49:14		tpl_get_action() is deprecated. It was called from tpl_actionlink() in /var/www/html/inc/template.php:592 see devel:menus should be used instead!
2025-03-03 05:49:14		tpl_toolsevent() is deprecated. It was called from include() in /var/www/html/lib/tpl/arcadebasic/main.php:188 see devel:menus should be used instead!
2025-03-03 05:49:14		tpl_action() is deprecated. It was called from include() in /var/www/html/lib/tpl/arcadebasic/main.php:199 see devel:menus should be used instead!
2025-03-03 05:49:14		tpl_actionlink() is deprecated. It was called from tpl_action() in /var/www/html/inc/template.php:712 see devel:menus should be used instead!
2025-03-03 05:49:14		tpl_get_action() is deprecated. It was called from tpl_actionlink() in /var/www/html/inc/template.php:592 see devel:menus should be used instead!
2025-03-03 05:49:14		tpl_action() is deprecated. It was called from include() in /var/www/html/lib/tpl/arcadebasic/main.php:200 see devel:menus should be used instead!
2025-03-03 05:49:14		tpl_actionlink() is deprecated. It was called from tpl_action() in /var/www/html/inc/template.php:712 see devel:menus should be used instead!
2025-03-03 05:49:14		tpl_get_action() is deprecated. It was called from tpl_actionlink() in /var/www/html/inc/template.php:592 see devel:menus should be used instead!
2025-03-03 05:49:14		tpl_action() is deprecated. It was called from include() in /var/www/html/lib/tpl/arcadebasic/main.php:201 see devel:menus should be used instead!
2025-03-03 05:49:14		tpl_actionlink() is deprecated. It was called from tpl_action() in /var/www/html/inc/template.php:712 see devel:menus should be used instead!
2025-03-03 05:49:14		tpl_get_action() is deprecated. It was called from tpl_actionlink() in /var/www/html/inc/template.php:592 see devel:menus should be used instead!
2025-03-03 05:49:14		tpl_toolsevent() is deprecated. It was called from include() in /var/www/html/lib/tpl/arcadebasic/main.php:201 see devel:menus should be used instead!
2025-03-03 07:57:47		tpl_action() is deprecated. It was called from include() in /var/www/html/lib/tpl/arcadebasic/main.php:155 see devel:menus should be used instead!
2025-03-03 07:57:47		tpl_actionlink() is deprecated. It was called from tpl_action() in /var/www/html/inc/template.php:712 see devel:menus should be used instead!
2025-03-03 07:57:47		tpl_get_action() is deprecated. It was called from tpl_actionlink() in /var/www/html/inc/template.php:592 see devel:menus should be used instead!
2025-03-03 07:57:47		tpl_action() is deprecated. It was called from include() in /var/www/html/lib/tpl/arcadebasic/main.php:157 see devel:menus should be used instead!
2025-03-03 07:57:47		tpl_actionlink() is deprecated. It was called from tpl_action() in /var/www/html/inc/template.php:712 see devel:menus should be used instead!
2025-03-03 07:57:47		tpl_get_action() is deprecated. It was called from tpl_actionlink() in /var/www/html/inc/template.php:592 see devel:menus should be used instead!
2025-03-03 07:57:47		tpl_action() is deprecated. It was called from include() in /var/www/html/lib/tpl/arcadebasic/main.php:158 see devel:menus should be used instead!
2025-03-03 07:57:47		tpl_actionlink() is deprecated. It was called from tpl_action() in /var/www/html/inc/template.php:712 see devel:menus should be used instead!
2025-03-03 07:57:47		tpl_get_action() is deprecated. It was called from tpl_actionlink() in /var/www/html/inc/template.php:592 see devel:menus should be used instead!
2025-03-03 07:57:47		tpl_action() is deprecated. It was called from include() in /var/www/html/lib/tpl/arcadebasic/main.php:159 see devel:menus should be used instead!
2025-03-03 07:57:47		tpl_actionlink() is deprecated. It was called from tpl_action() in /var/www/html/inc/template.php:712 see devel:menus should be used instead!
2025-03-03 07:57:47		tpl_get_action() is deprecated. It was called from tpl_actionlink() in /var/www/html/inc/template.php:592 see devel:menus should be used instead!
2025-03-03 07:57:47		tpl_action() is deprecated. It was called from include() in /var/www/html/lib/tpl/arcadebasic/main.php:160 see devel:menus should be used instead!
2025-03-03 07:57:47		tpl_actionlink() is deprecated. It was called from tpl_action() in /var/www/html/inc/template.php:712 see devel:menus should be used instead!
2025-03-03 07:57:47		tpl_get_action() is deprecated. It was called from tpl_actionlink() in /var/www/html/inc/template.php:592 see devel:menus should be used instead!
2025-03-03 07:57:47		tpl_toolsevent() is deprecated. It was called from include() in /var/www/html/lib/tpl/arcadebasic/main.php:160 see devel:menus should be used instead!
2025-03-03 07:57:47		tpl_action() is deprecated. It was called from include() in /var/www/html/lib/tpl/arcadebasic/main.php:184 see devel:menus should be used instead!
2025-03-03 07:57:47		tpl_actionlink() is deprecated. It was called from tpl_action() in /var/www/html/inc/template.php:712 see devel:menus should be used instead!
2025-03-03 07:57:47		tpl_get_action() is deprecated. It was called from tpl_actionlink() in /var/www/html/inc/template.php:592 see devel:menus should be used instead!
2025-03-03 07:57:47		tpl_action() is deprecated. It was called from include() in /var/www/html/lib/tpl/arcadebasic/main.php:186 see devel:menus should be used instead!
2025-03-03 07:57:47		tpl_actionlink() is deprecated. It was called from tpl_action() in /var/www/html/inc/template.php:712 see devel:menus should be used instead!
2025-03-03 07:57:47		tpl_get_action() is deprecated. It was called from tpl_actionlink() in /var/www/html/inc/template.php:592 see devel:menus should be used instead!
2025-03-03 07:57:47		tpl_action() is deprecated. It was called from include() in /var/www/html/lib/tpl/arcadebasic/main.php:187 see devel:menus should be used instead!
2025-03-03 07:57:47		tpl_actionlink() is deprecated. It was called from tpl_action() in /var/www/html/inc/template.php:712 see devel:menus should be used instead!
2025-03-03 07:57:47		tpl_get_action() is deprecated. It was called from tpl_actionlink() in /var/www/html/inc/template.php:592 see devel:menus should be used instead!
2025-03-03 07:57:47		tpl_action() is deprecated. It was called from include() in /var/www/html/lib/tpl/arcadebasic/main.php:188 see devel:menus should be used instead!
2025-03-03 07:57:47		tpl_actionlink() is deprecated. It was called from tpl_action() in /var/www/html/inc/template.php:712 see devel:menus should be used instead!
2025-03-03 07:57:47		tpl_get_action() is deprecated. It was called from tpl_actionlink() in /var/www/html/inc/template.php:592 see devel:menus should be used instead!
2025-03-03 07:57:47		tpl_toolsevent() is deprecated. It was called from include() in /var/www/html/lib/tpl/arcadebasic/main.php:188 see devel:menus should be used instead!
2025-03-03 07:57:47		tpl_action() is deprecated. It was called from include() in /var/www/html/lib/tpl/arcadebasic/main.php:199 see devel:menus should be used instead!
2025-03-03 07:57:47		tpl_actionlink() is deprecated. It was called from tpl_action() in /var/www/html/inc/template.php:712 see devel:menus should be used instead!
2025-03-03 07:57:47		tpl_get_action() is deprecated. It was called from tpl_actionlink() in /var/www/html/inc/template.php:592 see devel:menus should be used instead!
2025-03-03 07:57:47		tpl_action() is deprecated. It was called from include() in /var/www/html/lib/tpl/arcadebasic/main.php:200 see devel:menus should be used instead!
2025-03-03 07:57:47		tpl_actionlink() is deprecated. It was called from tpl_action() in /var/www/html/inc/template.php:712 see devel:menus should be used instead!
2025-03-03 07:57:47		tpl_get_action() is deprecated. It was called from tpl_actionlink() in /var/www/html/inc/template.php:592 see devel:menus should be used instead!
2025-03-03 07:57:47		tpl_action() is deprecated. It was called from include() in /var/www/html/lib/tpl/arcadebasic/main.php:201 see devel:menus should be used instead!
2025-03-03 07:57:47		tpl_actionlink() is deprecated. It was called from tpl_action() in /var/www/html/inc/template.php:712 see devel:menus should be used instead!
2025-03-03 07:57:47		tpl_get_action() is deprecated. It was called from tpl_actionlink() in /var/www/html/inc/template.php:592 see devel:menus should be used instead!
2025-03-03 07:57:47		tpl_toolsevent() is deprecated. It was called from include() in /var/www/html/lib/tpl/arcadebasic/main.php:201 see devel:menus should be used instead!
2025-03-03 09:39:33		tpl_action() is deprecated. It was called from include() in /var/www/html/lib/tpl/arcadebasic/main.php:155 see devel:menus should be used instead!
2025-03-03 09:39:33		tpl_actionlink() is deprecated. It was called from tpl_action() in /var/www/html/inc/template.php:712 see devel:menus should be used instead!
2025-03-03 09:39:33		tpl_get_action() is deprecated. It was called from tpl_actionlink() in /var/www/html/inc/template.php:592 see devel:menus should be used instead!
2025-03-03 09:39:33		tpl_action() is deprecated. It was called from include() in /var/www/html/lib/tpl/arcadebasic/main.php:157 see devel:menus should be used instead!
2025-03-03 09:39:33		tpl_actionlink() is deprecated. It was called from tpl_action() in /var/www/html/inc/template.php:712 see devel:menus should be used instead!
2025-03-03 09:39:33		tpl_get_action() is deprecated. It was called from tpl_actionlink() in /var/www/html/inc/template.php:592 see devel:menus should be used instead!
2025-03-03 09:39:33		tpl_action() is deprecated. It was called from include() in /var/www/html/lib/tpl/arcadebasic/main.php:158 see devel:menus should be used instead!
2025-03-03 09:39:33		tpl_actionlink() is deprecated. It was called from tpl_action() in /var/www/html/inc/template.php:712 see devel:menus should be used instead!
2025-03-03 09:39:33		tpl_get_action() is deprecated. It was called from tpl_actionlink() in /var/www/html/inc/template.php:592 see devel:menus should be used instead!
2025-03-03 09:39:33		tpl_action() is deprecated. It was called from include() in /var/www/html/lib/tpl/arcadebasic/main.php:159 see devel:menus should be used instead!
2025-03-03 09:39:33		tpl_actionlink() is deprecated. It was called from tpl_action() in /var/www/html/inc/template.php:712 see devel:menus should be used instead!
2025-03-03 09:39:33		tpl_get_action() is deprecated. It was called from tpl_actionlink() in /var/www/html/inc/template.php:592 see devel:menus should be used instead!
2025-03-03 09:39:33		tpl_action() is deprecated. It was called from include() in /var/www/html/lib/tpl/arcadebasic/main.php:160 see devel:menus should be used instead!
2025-03-03 09:39:33		tpl_actionlink() is deprecated. It was called from tpl_action() in /var/www/html/inc/template.php:712 see devel:menus should be used instead!
2025-03-03 09:39:33		tpl_get_action() is deprecated. It was called from tpl_actionlink() in /var/www/html/inc/template.php:592 see devel:menus should be used instead!
2025-03-03 09:39:33		tpl_toolsevent() is deprecated. It was called from include() in /var/www/html/lib/tpl/arcadebasic/main.php:160 see devel:menus should be used instead!
2025-03-03 09:39:33		tpl_action() is deprecated. It was called from include() in /var/www/html/lib/tpl/arcadebasic/main.php:184 see devel:menus should be used instead!
2025-03-03 09:39:33		tpl_actionlink() is deprecated. It was called from tpl_action() in /var/www/html/inc/template.php:712 see devel:menus should be used instead!
2025-03-03 09:39:33		tpl_get_action() is deprecated. It was called from tpl_actionlink() in /var/www/html/inc/template.php:592 see devel:menus should be used instead!
2025-03-03 09:39:33		tpl_action() is deprecated. It was called from include() in /var/www/html/lib/tpl/arcadebasic/main.php:186 see devel:menus should be used instead!
2025-03-03 09:39:33		tpl_actionlink() is deprecated. It was called from tpl_action() in /var/www/html/inc/template.php:712 see devel:menus should be used instead!
2025-03-03 09:39:33		tpl_get_action() is deprecated. It was called from tpl_actionlink() in /var/www/html/inc/template.php:592 see devel:menus should be used instead!
2025-03-03 09:39:33		tpl_action() is deprecated. It was called from include() in /var/www/html/lib/tpl/arcadebasic/main.php:187 see devel:menus should be used instead!
2025-03-03 09:39:33		tpl_actionlink() is deprecated. It was called from tpl_action() in /var/www/html/inc/template.php:712 see devel:menus should be used instead!
2025-03-03 09:39:33		tpl_get_action() is deprecated. It was called from tpl_actionlink() in /var/www/html/inc/template.php:592 see devel:menus should be used instead!
2025-03-03 09:39:33		tpl_action() is deprecated. It was called from include() in /var/www/html/lib/tpl/arcadebasic/main.php:188 see devel:menus should be used instead!
2025-03-03 09:39:33		tpl_actionlink() is deprecated. It was called from tpl_action() in /var/www/html/inc/template.php:712 see devel:menus should be used instead!
2025-03-03 09:39:33		tpl_get_action() is deprecated. It was called from tpl_actionlink() in /var/www/html/inc/template.php:592 see devel:menus should be used instead!
2025-03-03 09:39:33		tpl_toolsevent() is deprecated. It was called from include() in /var/www/html/lib/tpl/arcadebasic/main.php:188 see devel:menus should be used instead!
2025-03-03 09:39:33		tpl_action() is deprecated. It was called from include() in /var/www/html/lib/tpl/arcadebasic/main.php:199 see devel:menus should be used instead!
2025-03-03 09:39:33		tpl_actionlink() is deprecated. It was called from tpl_action() in /var/www/html/inc/template.php:712 see devel:menus should be used instead!
2025-03-03 09:39:33		tpl_get_action() is deprecated. It was called from tpl_actionlink() in /var/www/html/inc/template.php:592 see devel:menus should be used instead!
2025-03-03 09:39:33		tpl_action() is deprecated. It was called from include() in /var/www/html/lib/tpl/arcadebasic/main.php:200 see devel:menus should be used instead!
2025-03-03 09:39:33		tpl_actionlink() is deprecated. It was called from tpl_action() in /var/www/html/inc/template.php:712 see devel:menus should be used instead!
2025-03-03 09:39:33		tpl_get_action() is deprecated. It was called from tpl_actionlink() in /var/www/html/inc/template.php:592 see devel:menus should be used instead!
2025-03-03 09:39:33		tpl_action() is deprecated. It was called from include() in /var/www/html/lib/tpl/arcadebasic/main.php:201 see devel:menus should be used instead!
2025-03-03 09:39:33		tpl_actionlink() is deprecated. It was called from tpl_action() in /var/www/html/inc/template.php:712 see devel:menus should be used instead!
2025-03-03 09:39:33		tpl_get_action() is deprecated. It was called from tpl_actionlink() in /var/www/html/inc/template.php:592 see devel:menus should be used instead!
2025-03-03 09:39:33		tpl_toolsevent() is deprecated. It was called from include() in /var/www/html/lib/tpl/arcadebasic/main.php:201 see devel:menus should be used instead!
2025-03-03 14:05:43		tpl_action() is deprecated. It was called from include() in /var/www/html/lib/tpl/arcadebasic/main.php:155 see devel:menus should be used instead!
2025-03-03 14:05:43		tpl_actionlink() is deprecated. It was called from tpl_action() in /var/www/html/inc/template.php:712 see devel:menus should be used instead!
2025-03-03 14:05:43		tpl_get_action() is deprecated. It was called from tpl_actionlink() in /var/www/html/inc/template.php:592 see devel:menus should be used instead!
2025-03-03 14:05:43		tpl_action() is deprecated. It was called from include() in /var/www/html/lib/tpl/arcadebasic/main.php:157 see devel:menus should be used instead!
2025-03-03 14:05:43		tpl_actionlink() is deprecated. It was called from tpl_action() in /var/www/html/inc/template.php:712 see devel:menus should be used instead!
2025-03-03 14:05:43		tpl_get_action() is deprecated. It was called from tpl_actionlink() in /var/www/html/inc/template.php:592 see devel:menus should be used instead!
2025-03-03 14:05:43		tpl_action() is deprecated. It was called from include() in /var/www/html/lib/tpl/arcadebasic/main.php:158 see devel:menus should be used instead!
2025-03-03 14:05:43		tpl_actionlink() is deprecated. It was called from tpl_action() in /var/www/html/inc/template.php:712 see devel:menus should be used instead!
2025-03-03 14:05:43		tpl_get_action() is deprecated. It was called from tpl_actionlink() in /var/www/html/inc/template.php:592 see devel:menus should be used instead!
2025-03-03 14:05:43		tpl_action() is deprecated. It was called from include() in /var/www/html/lib/tpl/arcadebasic/main.php:159 see devel:menus should be used instead!
2025-03-03 14:05:43		tpl_actionlink() is deprecated. It was called from tpl_action() in /var/www/html/inc/template.php:712 see devel:menus should be used instead!
2025-03-03 14:05:43		tpl_get_action() is deprecated. It was called from tpl_actionlink() in /var/www/html/inc/template.php:592 see devel:menus should be used instead!
2025-03-03 14:05:43		tpl_action() is deprecated. It was called from include() in /var/www/html/lib/tpl/arcadebasic/main.php:160 see devel:menus should be used instead!
2025-03-03 14:05:43		tpl_actionlink() is deprecated. It was called from tpl_action() in /var/www/html/inc/template.php:712 see devel:menus should be used instead!
2025-03-03 14:05:43		tpl_get_action() is deprecated. It was called from tpl_actionlink() in /var/www/html/inc/template.php:592 see devel:menus should be used instead!
2025-03-03 14:05:43		tpl_toolsevent() is deprecated. It was called from include() in /var/www/html/lib/tpl/arcadebasic/main.php:160 see devel:menus should be used instead!
2025-03-03 14:05:43		tpl_action() is deprecated. It was called from include() in /var/www/html/lib/tpl/arcadebasic/main.php:184 see devel:menus should be used instead!
2025-03-03 14:05:43		tpl_actionlink() is deprecated. It was called from tpl_action() in /var/www/html/inc/template.php:712 see devel:menus should be used instead!
2025-03-03 14:05:43		tpl_get_action() is deprecated. It was called from tpl_actionlink() in /var/www/html/inc/template.php:592 see devel:menus should be used instead!
2025-03-03 14:05:43		tpl_action() is deprecated. It was called from include() in /var/www/html/lib/tpl/arcadebasic/main.php:186 see devel:menus should be used instead!
2025-03-03 14:05:43		tpl_actionlink() is deprecated. It was called from tpl_action() in /var/www/html/inc/template.php:712 see devel:menus should be used instead!
2025-03-03 14:05:43		tpl_get_action() is deprecated. It was called from tpl_actionlink() in /var/www/html/inc/template.php:592 see devel:menus should be used instead!
2025-03-03 14:05:43		tpl_action() is deprecated. It was called from include() in /var/www/html/lib/tpl/arcadebasic/main.php:187 see devel:menus should be used instead!
2025-03-03 14:05:43		tpl_actionlink() is deprecated. It was called from tpl_action() in /var/www/html/inc/template.php:712 see devel:menus should be used instead!
2025-03-03 14:05:43		tpl_get_action() is deprecated. It was called from tpl_actionlink() in /var/www/html/inc/template.php:592 see devel:menus should be used instead!
2025-03-03 14:05:43		tpl_action() is deprecated. It was called from include() in /var/www/html/lib/tpl/arcadebasic/main.php:188 see devel:menus should be used instead!
2025-03-03 14:05:43		tpl_actionlink() is deprecated. It was called from tpl_action() in /var/www/html/inc/template.php:712 see devel:menus should be used instead!
2025-03-03 14:05:43		tpl_get_action() is deprecated. It was called from tpl_actionlink() in /var/www/html/inc/template.php:592 see devel:menus should be used instead!
2025-03-03 14:05:43		tpl_toolsevent() is deprecated. It was called from include() in /var/www/html/lib/tpl/arcadebasic/main.php:188 see devel:menus should be used instead!
2025-03-03 14:05:43		tpl_action() is deprecated. It was called from include() in /var/www/html/lib/tpl/arcadebasic/main.php:199 see devel:menus should be used instead!
2025-03-03 14:05:43		tpl_actionlink() is deprecated. It was called from tpl_action() in /var/www/html/inc/template.php:712 see devel:menus should be used instead!
2025-03-03 14:05:43		tpl_get_action() is deprecated. It was called from tpl_actionlink() in /var/www/html/inc/template.php:592 see devel:menus should be used instead!
2025-03-03 14:05:43		tpl_action() is deprecated. It was called from include() in /var/www/html/lib/tpl/arcadebasic/main.php:200 see devel:menus should be used instead!
2025-03-03 14:05:43		tpl_actionlink() is deprecated. It was called from tpl_action() in /var/www/html/inc/template.php:712 see devel:menus should be used instead!
2025-03-03 14:05:43		tpl_get_action() is deprecated. It was called from tpl_actionlink() in /var/www/html/inc/template.php:592 see devel:menus should be used instead!
2025-03-03 14:05:43		tpl_action() is deprecated. It was called from include() in /var/www/html/lib/tpl/arcadebasic/main.php:201 see devel:menus should be used instead!
2025-03-03 14:05:43		tpl_actionlink() is deprecated. It was called from tpl_action() in /var/www/html/inc/template.php:712 see devel:menus should be used instead!
2025-03-03 14:05:43		tpl_get_action() is deprecated. It was called from tpl_actionlink() in /var/www/html/inc/template.php:592 see devel:menus should be used instead!
2025-03-03 14:05:43		tpl_toolsevent() is deprecated. It was called from include() in /var/www/html/lib/tpl/arcadebasic/main.php:201 see devel:menus should be used instead!
2025-03-03 14:26:09		tpl_action() is deprecated. It was called from include() in /var/www/html/lib/tpl/arcadebasic/main.php:155 see devel:menus should be used instead!
2025-03-03 14:26:09		tpl_actionlink() is deprecated. It was called from tpl_action() in /var/www/html/inc/template.php:712 see devel:menus should be used instead!
2025-03-03 14:26:09		tpl_get_action() is deprecated. It was called from tpl_actionlink() in /var/www/html/inc/template.php:592 see devel:menus should be used instead!
2025-03-03 14:26:09		tpl_action() is deprecated. It was called from include() in /var/www/html/lib/tpl/arcadebasic/main.php:157 see devel:menus should be used instead!
2025-03-03 14:26:09		tpl_actionlink() is deprecated. It was called from tpl_action() in /var/www/html/inc/template.php:712 see devel:menus should be used instead!
2025-03-03 14:26:09		tpl_get_action() is deprecated. It was called from tpl_actionlink() in /var/www/html/inc/template.php:592 see devel:menus should be used instead!
2025-03-03 14:26:09		tpl_action() is deprecated. It was called from include() in /var/www/html/lib/tpl/arcadebasic/main.php:158 see devel:menus should be used instead!
2025-03-03 14:26:09		tpl_actionlink() is deprecated. It was called from tpl_action() in /var/www/html/inc/template.php:712 see devel:menus should be used instead!
2025-03-03 14:26:09		tpl_get_action() is deprecated. It was called from tpl_actionlink() in /var/www/html/inc/template.php:592 see devel:menus should be used instead!
2025-03-03 14:26:09		tpl_action() is deprecated. It was called from include() in /var/www/html/lib/tpl/arcadebasic/main.php:159 see devel:menus should be used instead!
2025-03-03 14:26:09		tpl_actionlink() is deprecated. It was called from tpl_action() in /var/www/html/inc/template.php:712 see devel:menus should be used instead!
2025-03-03 14:26:09		tpl_get_action() is deprecated. It was called from tpl_actionlink() in /var/www/html/inc/template.php:592 see devel:menus should be used instead!
2025-03-03 14:26:09		tpl_action() is deprecated. It was called from include() in /var/www/html/lib/tpl/arcadebasic/main.php:160 see devel:menus should be used instead!
2025-03-03 14:26:09		tpl_actionlink() is deprecated. It was called from tpl_action() in /var/www/html/inc/template.php:712 see devel:menus should be used instead!
2025-03-03 14:26:09		tpl_get_action() is deprecated. It was called from tpl_actionlink() in /var/www/html/inc/template.php:592 see devel:menus should be used instead!
2025-03-03 14:26:09		tpl_toolsevent() is deprecated. It was called from include() in /var/www/html/lib/tpl/arcadebasic/main.php:160 see devel:menus should be used instead!
2025-03-03 14:26:09		tpl_action() is deprecated. It was called from include() in /var/www/html/lib/tpl/arcadebasic/main.php:184 see devel:menus should be used instead!
2025-03-03 14:26:09		tpl_actionlink() is deprecated. It was called from tpl_action() in /var/www/html/inc/template.php:712 see devel:menus should be used instead!
2025-03-03 14:26:09		tpl_get_action() is deprecated. It was called from tpl_actionlink() in /var/www/html/inc/template.php:592 see devel:menus should be used instead!
2025-03-03 14:26:09		tpl_action() is deprecated. It was called from include() in /var/www/html/lib/tpl/arcadebasic/main.php:186 see devel:menus should be used instead!
2025-03-03 14:26:09		tpl_actionlink() is deprecated. It was called from tpl_action() in /var/www/html/inc/template.php:712 see devel:menus should be used instead!
2025-03-03 14:26:09		tpl_get_action() is deprecated. It was called from tpl_actionlink() in /var/www/html/inc/template.php:592 see devel:menus should be used instead!
2025-03-03 14:26:09		tpl_action() is deprecated. It was called from include() in /var/www/html/lib/tpl/arcadebasic/main.php:187 see devel:menus should be used instead!
2025-03-03 14:26:09		tpl_actionlink() is deprecated. It was called from tpl_action() in /var/www/html/inc/template.php:712 see devel:menus should be used instead!
2025-03-03 14:26:09		tpl_get_action() is deprecated. It was called from tpl_actionlink() in /var/www/html/inc/template.php:592 see devel:menus should be used instead!
2025-03-03 14:26:09		tpl_action() is deprecated. It was called from include() in /var/www/html/lib/tpl/arcadebasic/main.php:188 see devel:menus should be used instead!
2025-03-03 14:26:09		tpl_actionlink() is deprecated. It was called from tpl_action() in /var/www/html/inc/template.php:712 see devel:menus should be used instead!
2025-03-03 14:26:09		tpl_get_action() is deprecated. It was called from tpl_actionlink() in /var/www/html/inc/template.php:592 see devel:menus should be used instead!
2025-03-03 14:26:09		tpl_toolsevent() is deprecated. It was called from include() in /var/www/html/lib/tpl/arcadebasic/main.php:188 see devel:menus should be used instead!
2025-03-03 14:26:09		tpl_action() is deprecated. It was called from include() in /var/www/html/lib/tpl/arcadebasic/main.php:199 see devel:menus should be used instead!
2025-03-03 14:26:09		tpl_actionlink() is deprecated. It was called from tpl_action() in /var/www/html/inc/template.php:712 see devel:menus should be used instead!
2025-03-03 14:26:09		tpl_get_action() is deprecated. It was called from tpl_actionlink() in /var/www/html/inc/template.php:592 see devel:menus should be used instead!
2025-03-03 14:26:09		tpl_action() is deprecated. It was called from include() in /var/www/html/lib/tpl/arcadebasic/main.php:200 see devel:menus should be used instead!
2025-03-03 14:26:09		tpl_actionlink() is deprecated. It was called from tpl_action() in /var/www/html/inc/template.php:712 see devel:menus should be used instead!
2025-03-03 14:26:09		tpl_get_action() is deprecated. It was called from tpl_actionlink() in /var/www/html/inc/template.php:592 see devel:menus should be used instead!
2025-03-03 14:26:09		tpl_action() is deprecated. It was called from include() in /var/www/html/lib/tpl/arcadebasic/main.php:201 see devel:menus should be used instead!
2025-03-03 14:26:09		tpl_actionlink() is deprecated. It was called from tpl_action() in /var/www/html/inc/template.php:712 see devel:menus should be used instead!
2025-03-03 14:26:09		tpl_get_action() is deprecated. It was called from tpl_actionlink() in /var/www/html/inc/template.php:592 see devel:menus should be used instead!
2025-03-03 14:26:09		tpl_toolsevent() is deprecated. It was called from include() in /var/www/html/lib/tpl/arcadebasic/main.php:201 see devel:menus should be used instead!
2025-03-03 15:51:05		tpl_action() is deprecated. It was called from include() in /var/www/html/lib/tpl/arcadebasic/main.php:155 see devel:menus should be used instead!
2025-03-03 15:51:05		tpl_actionlink() is deprecated. It was called from tpl_action() in /var/www/html/inc/template.php:712 see devel:menus should be used instead!
2025-03-03 15:51:05		tpl_get_action() is deprecated. It was called from tpl_actionlink() in /var/www/html/inc/template.php:592 see devel:menus should be used instead!
2025-03-03 15:51:05		tpl_action() is deprecated. It was called from include() in /var/www/html/lib/tpl/arcadebasic/main.php:157 see devel:menus should be used instead!
2025-03-03 15:51:05		tpl_actionlink() is deprecated. It was called from tpl_action() in /var/www/html/inc/template.php:712 see devel:menus should be used instead!
2025-03-03 15:51:05		tpl_get_action() is deprecated. It was called from tpl_actionlink() in /var/www/html/inc/template.php:592 see devel:menus should be used instead!
2025-03-03 15:51:05		tpl_action() is deprecated. It was called from include() in /var/www/html/lib/tpl/arcadebasic/main.php:158 see devel:menus should be used instead!
2025-03-03 15:51:05		tpl_actionlink() is deprecated. It was called from tpl_action() in /var/www/html/inc/template.php:712 see devel:menus should be used instead!
2025-03-03 15:51:05		tpl_get_action() is deprecated. It was called from tpl_actionlink() in /var/www/html/inc/template.php:592 see devel:menus should be used instead!
2025-03-03 15:51:05		tpl_action() is deprecated. It was called from include() in /var/www/html/lib/tpl/arcadebasic/main.php:159 see devel:menus should be used instead!
2025-03-03 15:51:05		tpl_actionlink() is deprecated. It was called from tpl_action() in /var/www/html/inc/template.php:712 see devel:menus should be used instead!
2025-03-03 15:51:05		tpl_get_action() is deprecated. It was called from tpl_actionlink() in /var/www/html/inc/template.php:592 see devel:menus should be used instead!
2025-03-03 15:51:05		tpl_action() is deprecated. It was called from include() in /var/www/html/lib/tpl/arcadebasic/main.php:160 see devel:menus should be used instead!
2025-03-03 15:51:05		tpl_actionlink() is deprecated. It was called from tpl_action() in /var/www/html/inc/template.php:712 see devel:menus should be used instead!
2025-03-03 15:51:05		tpl_get_action() is deprecated. It was called from tpl_actionlink() in /var/www/html/inc/template.php:592 see devel:menus should be used instead!
2025-03-03 15:51:05		tpl_toolsevent() is deprecated. It was called from include() in /var/www/html/lib/tpl/arcadebasic/main.php:160 see devel:menus should be used instead!
2025-03-03 15:51:05		tpl_action() is deprecated. It was called from include() in /var/www/html/lib/tpl/arcadebasic/main.php:184 see devel:menus should be used instead!
2025-03-03 15:51:05		tpl_actionlink() is deprecated. It was called from tpl_action() in /var/www/html/inc/template.php:712 see devel:menus should be used instead!
2025-03-03 15:51:05		tpl_get_action() is deprecated. It was called from tpl_actionlink() in /var/www/html/inc/template.php:592 see devel:menus should be used instead!
2025-03-03 15:51:05		tpl_action() is deprecated. It was called from include() in /var/www/html/lib/tpl/arcadebasic/main.php:186 see devel:menus should be used instead!
2025-03-03 15:51:05		tpl_actionlink() is deprecated. It was called from tpl_action() in /var/www/html/inc/template.php:712 see devel:menus should be used instead!
2025-03-03 15:51:05		tpl_get_action() is deprecated. It was called from tpl_actionlink() in /var/www/html/inc/template.php:592 see devel:menus should be used instead!
2025-03-03 15:51:05		tpl_action() is deprecated. It was called from include() in /var/www/html/lib/tpl/arcadebasic/main.php:187 see devel:menus should be used instead!
2025-03-03 15:51:05		tpl_actionlink() is deprecated. It was called from tpl_action() in /var/www/html/inc/template.php:712 see devel:menus should be used instead!
2025-03-03 15:51:05		tpl_get_action() is deprecated. It was called from tpl_actionlink() in /var/www/html/inc/template.php:592 see devel:menus should be used instead!
2025-03-03 15:51:05		tpl_action() is deprecated. It was called from include() in /var/www/html/lib/tpl/arcadebasic/main.php:188 see devel:menus should be used instead!
2025-03-03 15:51:05		tpl_actionlink() is deprecated. It was called from tpl_action() in /var/www/html/inc/template.php:712 see devel:menus should be used instead!
2025-03-03 15:51:05		tpl_get_action() is deprecated. It was called from tpl_actionlink() in /var/www/html/inc/template.php:592 see devel:menus should be used instead!
2025-03-03 15:51:05		tpl_toolsevent() is deprecated. It was called from include() in /var/www/html/lib/tpl/arcadebasic/main.php:188 see devel:menus should be used instead!
2025-03-03 15:51:05		tpl_action() is deprecated. It was called from include() in /var/www/html/lib/tpl/arcadebasic/main.php:199 see devel:menus should be used instead!
2025-03-03 15:51:05		tpl_actionlink() is deprecated. It was called from tpl_action() in /var/www/html/inc/template.php:712 see devel:menus should be used instead!
2025-03-03 15:51:05		tpl_get_action() is deprecated. It was called from tpl_actionlink() in /var/www/html/inc/template.php:592 see devel:menus should be used instead!
2025-03-03 15:51:05		tpl_action() is deprecated. It was called from include() in /var/www/html/lib/tpl/arcadebasic/main.php:200 see devel:menus should be used instead!
2025-03-03 15:51:05		tpl_actionlink() is deprecated. It was called from tpl_action() in /var/www/html/inc/template.php:712 see devel:menus should be used instead!
2025-03-03 15:51:05		tpl_get_action() is deprecated. It was called from tpl_actionlink() in /var/www/html/inc/template.php:592 see devel:menus should be used instead!
2025-03-03 15:51:05		tpl_action() is deprecated. It was called from include() in /var/www/html/lib/tpl/arcadebasic/main.php:201 see devel:menus should be used instead!
2025-03-03 15:51:05		tpl_actionlink() is deprecated. It was called from tpl_action() in /var/www/html/inc/template.php:712 see devel:menus should be used instead!
2025-03-03 15:51:05		tpl_get_action() is deprecated. It was called from tpl_actionlink() in /var/www/html/inc/template.php:592 see devel:menus should be used instead!
2025-03-03 15:51:05		tpl_toolsevent() is deprecated. It was called from include() in /var/www/html/lib/tpl/arcadebasic/main.php:201 see devel:menus should be used instead!
2025-03-03 17:49:05		tpl_action() is deprecated. It was called from include() in /var/www/html/lib/tpl/arcadebasic/main.php:155 see devel:menus should be used instead!
2025-03-03 17:49:05		tpl_actionlink() is deprecated. It was called from tpl_action() in /var/www/html/inc/template.php:712 see devel:menus should be used instead!
2025-03-03 17:49:05		tpl_get_action() is deprecated. It was called from tpl_actionlink() in /var/www/html/inc/template.php:592 see devel:menus should be used instead!
2025-03-03 17:49:05		tpl_action() is deprecated. It was called from include() in /var/www/html/lib/tpl/arcadebasic/main.php:157 see devel:menus should be used instead!
2025-03-03 17:49:05		tpl_actionlink() is deprecated. It was called from tpl_action() in /var/www/html/inc/template.php:712 see devel:menus should be used instead!
2025-03-03 17:49:05		tpl_get_action() is deprecated. It was called from tpl_actionlink() in /var/www/html/inc/template.php:592 see devel:menus should be used instead!
2025-03-03 17:49:05		tpl_action() is deprecated. It was called from include() in /var/www/html/lib/tpl/arcadebasic/main.php:158 see devel:menus should be used instead!
2025-03-03 17:49:05		tpl_actionlink() is deprecated. It was called from tpl_action() in /var/www/html/inc/template.php:712 see devel:menus should be used instead!
2025-03-03 17:49:05		tpl_get_action() is deprecated. It was called from tpl_actionlink() in /var/www/html/inc/template.php:592 see devel:menus should be used instead!
2025-03-03 17:49:05		tpl_action() is deprecated. It was called from include() in /var/www/html/lib/tpl/arcadebasic/main.php:159 see devel:menus should be used instead!
2025-03-03 17:49:05		tpl_actionlink() is deprecated. It was called from tpl_action() in /var/www/html/inc/template.php:712 see devel:menus should be used instead!
2025-03-03 17:49:05		tpl_get_action() is deprecated. It was called from tpl_actionlink() in /var/www/html/inc/template.php:592 see devel:menus should be used instead!
2025-03-03 17:49:05		tpl_action() is deprecated. It was called from include() in /var/www/html/lib/tpl/arcadebasic/main.php:160 see devel:menus should be used instead!
2025-03-03 17:49:05		tpl_actionlink() is deprecated. It was called from tpl_action() in /var/www/html/inc/template.php:712 see devel:menus should be used instead!
2025-03-03 17:49:05		tpl_get_action() is deprecated. It was called from tpl_actionlink() in /var/www/html/inc/template.php:592 see devel:menus should be used instead!
2025-03-03 17:49:05		tpl_toolsevent() is deprecated. It was called from include() in /var/www/html/lib/tpl/arcadebasic/main.php:160 see devel:menus should be used instead!
2025-03-03 17:49:05		tpl_action() is deprecated. It was called from include() in /var/www/html/lib/tpl/arcadebasic/main.php:184 see devel:menus should be used instead!
2025-03-03 17:49:05		tpl_actionlink() is deprecated. It was called from tpl_action() in /var/www/html/inc/template.php:712 see devel:menus should be used instead!
2025-03-03 17:49:05		tpl_get_action() is deprecated. It was called from tpl_actionlink() in /var/www/html/inc/template.php:592 see devel:menus should be used instead!
2025-03-03 17:49:05		tpl_action() is deprecated. It was called from include() in /var/www/html/lib/tpl/arcadebasic/main.php:186 see devel:menus should be used instead!
2025-03-03 17:49:05		tpl_actionlink() is deprecated. It was called from tpl_action() in /var/www/html/inc/template.php:712 see devel:menus should be used instead!
2025-03-03 17:49:05		tpl_get_action() is deprecated. It was called from tpl_actionlink() in /var/www/html/inc/template.php:592 see devel:menus should be used instead!
2025-03-03 17:49:05		tpl_action() is deprecated. It was called from include() in /var/www/html/lib/tpl/arcadebasic/main.php:187 see devel:menus should be used instead!
2025-03-03 17:49:05		tpl_actionlink() is deprecated. It was called from tpl_action() in /var/www/html/inc/template.php:712 see devel:menus should be used instead!
2025-03-03 17:49:05		tpl_get_action() is deprecated. It was called from tpl_actionlink() in /var/www/html/inc/template.php:592 see devel:menus should be used instead!
2025-03-03 17:49:05		tpl_action() is deprecated. It was called from include() in /var/www/html/lib/tpl/arcadebasic/main.php:188 see devel:menus should be used instead!
2025-03-03 17:49:05		tpl_actionlink() is deprecated. It was called from tpl_action() in /var/www/html/inc/template.php:712 see devel:menus should be used instead!
2025-03-03 17:49:05		tpl_get_action() is deprecated. It was called from tpl_actionlink() in /var/www/html/inc/template.php:592 see devel:menus should be used instead!
2025-03-03 17:49:05		tpl_toolsevent() is deprecated. It was called from include() in /var/www/html/lib/tpl/arcadebasic/main.php:188 see devel:menus should be used instead!
2025-03-03 17:49:05		tpl_action() is deprecated. It was called from include() in /var/www/html/lib/tpl/arcadebasic/main.php:199 see devel:menus should be used instead!
2025-03-03 17:49:05		tpl_actionlink() is deprecated. It was called from tpl_action() in /var/www/html/inc/template.php:712 see devel:menus should be used instead!
2025-03-03 17:49:05		tpl_get_action() is deprecated. It was called from tpl_actionlink() in /var/www/html/inc/template.php:592 see devel:menus should be used instead!
2025-03-03 17:49:05		tpl_action() is deprecated. It was called from include() in /var/www/html/lib/tpl/arcadebasic/main.php:200 see devel:menus should be used instead!
2025-03-03 17:49:05		tpl_actionlink() is deprecated. It was called from tpl_action() in /var/www/html/inc/template.php:712 see devel:menus should be used instead!
2025-03-03 17:49:05		tpl_get_action() is deprecated. It was called from tpl_actionlink() in /var/www/html/inc/template.php:592 see devel:menus should be used instead!
2025-03-03 17:49:05		tpl_action() is deprecated. It was called from include() in /var/www/html/lib/tpl/arcadebasic/main.php:201 see devel:menus should be used instead!
2025-03-03 17:49:05		tpl_actionlink() is deprecated. It was called from tpl_action() in /var/www/html/inc/template.php:712 see devel:menus should be used instead!
2025-03-03 17:49:05		tpl_get_action() is deprecated. It was called from tpl_actionlink() in /var/www/html/inc/template.php:592 see devel:menus should be used instead!
2025-03-03 17:49:05		tpl_toolsevent() is deprecated. It was called from include() in /var/www/html/lib/tpl/arcadebasic/main.php:201 see devel:menus should be used instead!
2025-03-03 19:23:31		tpl_action() is deprecated. It was called from include() in /var/www/html/lib/tpl/arcadebasic/main.php:155 see devel:menus should be used instead!
2025-03-03 19:23:31		tpl_actionlink() is deprecated. It was called from tpl_action() in /var/www/html/inc/template.php:712 see devel:menus should be used instead!
2025-03-03 19:23:31		tpl_get_action() is deprecated. It was called from tpl_actionlink() in /var/www/html/inc/template.php:592 see devel:menus should be used instead!
2025-03-03 19:23:31		tpl_action() is deprecated. It was called from include() in /var/www/html/lib/tpl/arcadebasic/main.php:157 see devel:menus should be used instead!
2025-03-03 19:23:31		tpl_actionlink() is deprecated. It was called from tpl_action() in /var/www/html/inc/template.php:712 see devel:menus should be used instead!
2025-03-03 19:23:31		tpl_get_action() is deprecated. It was called from tpl_actionlink() in /var/www/html/inc/template.php:592 see devel:menus should be used instead!
2025-03-03 19:23:31		tpl_action() is deprecated. It was called from include() in /var/www/html/lib/tpl/arcadebasic/main.php:158 see devel:menus should be used instead!
2025-03-03 19:23:31		tpl_actionlink() is deprecated. It was called from tpl_action() in /var/www/html/inc/template.php:712 see devel:menus should be used instead!
2025-03-03 19:23:31		tpl_get_action() is deprecated. It was called from tpl_actionlink() in /var/www/html/inc/template.php:592 see devel:menus should be used instead!
2025-03-03 19:23:31		tpl_action() is deprecated. It was called from include() in /var/www/html/lib/tpl/arcadebasic/main.php:159 see devel:menus should be used instead!
2025-03-03 19:23:31		tpl_actionlink() is deprecated. It was called from tpl_action() in /var/www/html/inc/template.php:712 see devel:menus should be used instead!
2025-03-03 19:23:31		tpl_get_action() is deprecated. It was called from tpl_actionlink() in /var/www/html/inc/template.php:592 see devel:menus should be used instead!
2025-03-03 19:23:31		tpl_action() is deprecated. It was called from include() in /var/www/html/lib/tpl/arcadebasic/main.php:160 see devel:menus should be used instead!
2025-03-03 19:23:31		tpl_actionlink() is deprecated. It was called from tpl_action() in /var/www/html/inc/template.php:712 see devel:menus should be used instead!
2025-03-03 19:23:31		tpl_get_action() is deprecated. It was called from tpl_actionlink() in /var/www/html/inc/template.php:592 see devel:menus should be used instead!
2025-03-03 19:23:31		tpl_toolsevent() is deprecated. It was called from include() in /var/www/html/lib/tpl/arcadebasic/main.php:160 see devel:menus should be used instead!
2025-03-03 19:23:31		tpl_action() is deprecated. It was called from include() in /var/www/html/lib/tpl/arcadebasic/main.php:184 see devel:menus should be used instead!
2025-03-03 19:23:31		tpl_actionlink() is deprecated. It was called from tpl_action() in /var/www/html/inc/template.php:712 see devel:menus should be used instead!
2025-03-03 19:23:31		tpl_get_action() is deprecated. It was called from tpl_actionlink() in /var/www/html/inc/template.php:592 see devel:menus should be used instead!
2025-03-03 19:23:31		tpl_action() is deprecated. It was called from include() in /var/www/html/lib/tpl/arcadebasic/main.php:186 see devel:menus should be used instead!
2025-03-03 19:23:31		tpl_actionlink() is deprecated. It was called from tpl_action() in /var/www/html/inc/template.php:712 see devel:menus should be used instead!
2025-03-03 19:23:31		tpl_get_action() is deprecated. It was called from tpl_actionlink() in /var/www/html/inc/template.php:592 see devel:menus should be used instead!
2025-03-03 19:23:31		tpl_action() is deprecated. It was called from include() in /var/www/html/lib/tpl/arcadebasic/main.php:187 see devel:menus should be used instead!
2025-03-03 19:23:31		tpl_actionlink() is deprecated. It was called from tpl_action() in /var/www/html/inc/template.php:712 see devel:menus should be used instead!
2025-03-03 19:23:31		tpl_get_action() is deprecated. It was called from tpl_actionlink() in /var/www/html/inc/template.php:592 see devel:menus should be used instead!
2025-03-03 19:23:31		tpl_action() is deprecated. It was called from include() in /var/www/html/lib/tpl/arcadebasic/main.php:188 see devel:menus should be used instead!
2025-03-03 19:23:31		tpl_actionlink() is deprecated. It was called from tpl_action() in /var/www/html/inc/template.php:712 see devel:menus should be used instead!
2025-03-03 19:23:31		tpl_get_action() is deprecated. It was called from tpl_actionlink() in /var/www/html/inc/template.php:592 see devel:menus should be used instead!
2025-03-03 19:23:31		tpl_toolsevent() is deprecated. It was called from include() in /var/www/html/lib/tpl/arcadebasic/main.php:188 see devel:menus should be used instead!
2025-03-03 19:23:31		tpl_action() is deprecated. It was called from include() in /var/www/html/lib/tpl/arcadebasic/main.php:199 see devel:menus should be used instead!
2025-03-03 19:23:31		tpl_actionlink() is deprecated. It was called from tpl_action() in /var/www/html/inc/template.php:712 see devel:menus should be used instead!
2025-03-03 19:23:31		tpl_get_action() is deprecated. It was called from tpl_actionlink() in /var/www/html/inc/template.php:592 see devel:menus should be used instead!
2025-03-03 19:23:31		tpl_action() is deprecated. It was called from include() in /var/www/html/lib/tpl/arcadebasic/main.php:200 see devel:menus should be used instead!
2025-03-03 19:23:31		tpl_actionlink() is deprecated. It was called from tpl_action() in /var/www/html/inc/template.php:712 see devel:menus should be used instead!
2025-03-03 19:23:31		tpl_get_action() is deprecated. It was called from tpl_actionlink() in /var/www/html/inc/template.php:592 see devel:menus should be used instead!
2025-03-03 19:23:31		tpl_action() is deprecated. It was called from include() in /var/www/html/lib/tpl/arcadebasic/main.php:201 see devel:menus should be used instead!
2025-03-03 19:23:31		tpl_actionlink() is deprecated. It was called from tpl_action() in /var/www/html/inc/template.php:712 see devel:menus should be used instead!
2025-03-03 19:23:31		tpl_get_action() is deprecated. It was called from tpl_actionlink() in /var/www/html/inc/template.php:592 see devel:menus should be used instead!
2025-03-03 19:23:31		tpl_toolsevent() is deprecated. It was called from include() in /var/www/html/lib/tpl/arcadebasic/main.php:201 see devel:menus should be used instead!
2025-03-03 20:00:17		tpl_action() is deprecated. It was called from include() in /var/www/html/lib/tpl/arcadebasic/main.php:155 see devel:menus should be used instead!
2025-03-03 20:00:17		tpl_actionlink() is deprecated. It was called from tpl_action() in /var/www/html/inc/template.php:712 see devel:menus should be used instead!
2025-03-03 20:00:17		tpl_get_action() is deprecated. It was called from tpl_actionlink() in /var/www/html/inc/template.php:592 see devel:menus should be used instead!
2025-03-03 20:00:17		tpl_action() is deprecated. It was called from include() in /var/www/html/lib/tpl/arcadebasic/main.php:157 see devel:menus should be used instead!
2025-03-03 20:00:17		tpl_actionlink() is deprecated. It was called from tpl_action() in /var/www/html/inc/template.php:712 see devel:menus should be used instead!
2025-03-03 20:00:17		tpl_get_action() is deprecated. It was called from tpl_actionlink() in /var/www/html/inc/template.php:592 see devel:menus should be used instead!
2025-03-03 20:00:17		tpl_action() is deprecated. It was called from include() in /var/www/html/lib/tpl/arcadebasic/main.php:158 see devel:menus should be used instead!
2025-03-03 20:00:17		tpl_actionlink() is deprecated. It was called from tpl_action() in /var/www/html/inc/template.php:712 see devel:menus should be used instead!
2025-03-03 20:00:17		tpl_get_action() is deprecated. It was called from tpl_actionlink() in /var/www/html/inc/template.php:592 see devel:menus should be used instead!
2025-03-03 20:00:17		tpl_action() is deprecated. It was called from include() in /var/www/html/lib/tpl/arcadebasic/main.php:159 see devel:menus should be used instead!
2025-03-03 20:00:17		tpl_actionlink() is deprecated. It was called from tpl_action() in /var/www/html/inc/template.php:712 see devel:menus should be used instead!
2025-03-03 20:00:17		tpl_get_action() is deprecated. It was called from tpl_actionlink() in /var/www/html/inc/template.php:592 see devel:menus should be used instead!
2025-03-03 20:00:17		tpl_action() is deprecated. It was called from include() in /var/www/html/lib/tpl/arcadebasic/main.php:160 see devel:menus should be used instead!
2025-03-03 20:00:17		tpl_actionlink() is deprecated. It was called from tpl_action() in /var/www/html/inc/template.php:712 see devel:menus should be used instead!
2025-03-03 20:00:17		tpl_get_action() is deprecated. It was called from tpl_actionlink() in /var/www/html/inc/template.php:592 see devel:menus should be used instead!
2025-03-03 20:00:17		tpl_toolsevent() is deprecated. It was called from include() in /var/www/html/lib/tpl/arcadebasic/main.php:160 see devel:menus should be used instead!
2025-03-03 20:00:17		tpl_action() is deprecated. It was called from include() in /var/www/html/lib/tpl/arcadebasic/main.php:184 see devel:menus should be used instead!
2025-03-03 20:00:17		tpl_actionlink() is deprecated. It was called from tpl_action() in /var/www/html/inc/template.php:712 see devel:menus should be used instead!
2025-03-03 20:00:17		tpl_get_action() is deprecated. It was called from tpl_actionlink() in /var/www/html/inc/template.php:592 see devel:menus should be used instead!
2025-03-03 20:00:17		tpl_action() is deprecated. It was called from include() in /var/www/html/lib/tpl/arcadebasic/main.php:186 see devel:menus should be used instead!
2025-03-03 20:00:17		tpl_actionlink() is deprecated. It was called from tpl_action() in /var/www/html/inc/template.php:712 see devel:menus should be used instead!
2025-03-03 20:00:17		tpl_get_action() is deprecated. It was called from tpl_actionlink() in /var/www/html/inc/template.php:592 see devel:menus should be used instead!
2025-03-03 20:00:17		tpl_action() is deprecated. It was called from include() in /var/www/html/lib/tpl/arcadebasic/main.php:187 see devel:menus should be used instead!
2025-03-03 20:00:17		tpl_actionlink() is deprecated. It was called from tpl_action() in /var/www/html/inc/template.php:712 see devel:menus should be used instead!
2025-03-03 20:00:17		tpl_get_action() is deprecated. It was called from tpl_actionlink() in /var/www/html/inc/template.php:592 see devel:menus should be used instead!
2025-03-03 20:00:17		tpl_action() is deprecated. It was called from include() in /var/www/html/lib/tpl/arcadebasic/main.php:188 see devel:menus should be used instead!
2025-03-03 20:00:17		tpl_actionlink() is deprecated. It was called from tpl_action() in /var/www/html/inc/template.php:712 see devel:menus should be used instead!
2025-03-03 20:00:17		tpl_get_action() is deprecated. It was called from tpl_actionlink() in /var/www/html/inc/template.php:592 see devel:menus should be used instead!
2025-03-03 20:00:17		tpl_toolsevent() is deprecated. It was called from include() in /var/www/html/lib/tpl/arcadebasic/main.php:188 see devel:menus should be used instead!
2025-03-03 20:00:17		tpl_action() is deprecated. It was called from include() in /var/www/html/lib/tpl/arcadebasic/main.php:199 see devel:menus should be used instead!
2025-03-03 20:00:17		tpl_actionlink() is deprecated. It was called from tpl_action() in /var/www/html/inc/template.php:712 see devel:menus should be used instead!
2025-03-03 20:00:17		tpl_get_action() is deprecated. It was called from tpl_actionlink() in /var/www/html/inc/template.php:592 see devel:menus should be used instead!
2025-03-03 20:00:17		tpl_action() is deprecated. It was called from include() in /var/www/html/lib/tpl/arcadebasic/main.php:200 see devel:menus should be used instead!
2025-03-03 20:00:17		tpl_actionlink() is deprecated. It was called from tpl_action() in /var/www/html/inc/template.php:712 see devel:menus should be used instead!
2025-03-03 20:00:17		tpl_get_action() is deprecated. It was called from tpl_actionlink() in /var/www/html/inc/template.php:592 see devel:menus should be used instead!
2025-03-03 20:00:17		tpl_action() is deprecated. It was called from include() in /var/www/html/lib/tpl/arcadebasic/main.php:201 see devel:menus should be used instead!
2025-03-03 20:00:17		tpl_actionlink() is deprecated. It was called from tpl_action() in /var/www/html/inc/template.php:712 see devel:menus should be used instead!
2025-03-03 20:00:17		tpl_get_action() is deprecated. It was called from tpl_actionlink() in /var/www/html/inc/template.php:592 see devel:menus should be used instead!
2025-03-03 20:00:17		tpl_toolsevent() is deprecated. It was called from include() in /var/www/html/lib/tpl/arcadebasic/main.php:201 see devel:menus should be used instead!
2025-03-03 20:19:12		tpl_action() is deprecated. It was called from include() in /var/www/html/lib/tpl/arcadebasic/main.php:155 see devel:menus should be used instead!
2025-03-03 20:19:12		tpl_actionlink() is deprecated. It was called from tpl_action() in /var/www/html/inc/template.php:712 see devel:menus should be used instead!
2025-03-03 20:19:12		tpl_get_action() is deprecated. It was called from tpl_actionlink() in /var/www/html/inc/template.php:592 see devel:menus should be used instead!
2025-03-03 20:19:12		tpl_action() is deprecated. It was called from include() in /var/www/html/lib/tpl/arcadebasic/main.php:157 see devel:menus should be used instead!
2025-03-03 20:19:12		tpl_actionlink() is deprecated. It was called from tpl_action() in /var/www/html/inc/template.php:712 see devel:menus should be used instead!
2025-03-03 20:19:12		tpl_get_action() is deprecated. It was called from tpl_actionlink() in /var/www/html/inc/template.php:592 see devel:menus should be used instead!
2025-03-03 20:19:12		tpl_action() is deprecated. It was called from include() in /var/www/html/lib/tpl/arcadebasic/main.php:158 see devel:menus should be used instead!
2025-03-03 20:19:12		tpl_actionlink() is deprecated. It was called from tpl_action() in /var/www/html/inc/template.php:712 see devel:menus should be used instead!
2025-03-03 20:19:12		tpl_get_action() is deprecated. It was called from tpl_actionlink() in /var/www/html/inc/template.php:592 see devel:menus should be used instead!
2025-03-03 20:19:12		tpl_action() is deprecated. It was called from include() in /var/www/html/lib/tpl/arcadebasic/main.php:159 see devel:menus should be used instead!
2025-03-03 20:19:12		tpl_actionlink() is deprecated. It was called from tpl_action() in /var/www/html/inc/template.php:712 see devel:menus should be used instead!
2025-03-03 20:19:12		tpl_get_action() is deprecated. It was called from tpl_actionlink() in /var/www/html/inc/template.php:592 see devel:menus should be used instead!
2025-03-03 20:19:12		tpl_action() is deprecated. It was called from include() in /var/www/html/lib/tpl/arcadebasic/main.php:160 see devel:menus should be used instead!
2025-03-03 20:19:12		tpl_actionlink() is deprecated. It was called from tpl_action() in /var/www/html/inc/template.php:712 see devel:menus should be used instead!
2025-03-03 20:19:12		tpl_get_action() is deprecated. It was called from tpl_actionlink() in /var/www/html/inc/template.php:592 see devel:menus should be used instead!
2025-03-03 20:19:12		tpl_toolsevent() is deprecated. It was called from include() in /var/www/html/lib/tpl/arcadebasic/main.php:160 see devel:menus should be used instead!
2025-03-03 20:19:12		tpl_action() is deprecated. It was called from include() in /var/www/html/lib/tpl/arcadebasic/main.php:184 see devel:menus should be used instead!
2025-03-03 20:19:12		tpl_actionlink() is deprecated. It was called from tpl_action() in /var/www/html/inc/template.php:712 see devel:menus should be used instead!
2025-03-03 20:19:12		tpl_get_action() is deprecated. It was called from tpl_actionlink() in /var/www/html/inc/template.php:592 see devel:menus should be used instead!
2025-03-03 20:19:12		tpl_action() is deprecated. It was called from include() in /var/www/html/lib/tpl/arcadebasic/main.php:186 see devel:menus should be used instead!
2025-03-03 20:19:12		tpl_actionlink() is deprecated. It was called from tpl_action() in /var/www/html/inc/template.php:712 see devel:menus should be used instead!
2025-03-03 20:19:12		tpl_get_action() is deprecated. It was called from tpl_actionlink() in /var/www/html/inc/template.php:592 see devel:menus should be used instead!
2025-03-03 20:19:12		tpl_action() is deprecated. It was called from include() in /var/www/html/lib/tpl/arcadebasic/main.php:187 see devel:menus should be used instead!
2025-03-03 20:19:12		tpl_actionlink() is deprecated. It was called from tpl_action() in /var/www/html/inc/template.php:712 see devel:menus should be used instead!
2025-03-03 20:19:12		tpl_get_action() is deprecated. It was called from tpl_actionlink() in /var/www/html/inc/template.php:592 see devel:menus should be used instead!
2025-03-03 20:19:12		tpl_action() is deprecated. It was called from include() in /var/www/html/lib/tpl/arcadebasic/main.php:188 see devel:menus should be used instead!
2025-03-03 20:19:12		tpl_actionlink() is deprecated. It was called from tpl_action() in /var/www/html/inc/template.php:712 see devel:menus should be used instead!
2025-03-03 20:19:12		tpl_get_action() is deprecated. It was called from tpl_actionlink() in /var/www/html/inc/template.php:592 see devel:menus should be used instead!
2025-03-03 20:19:12		tpl_toolsevent() is deprecated. It was called from include() in /var/www/html/lib/tpl/arcadebasic/main.php:188 see devel:menus should be used instead!
2025-03-03 20:19:12		tpl_action() is deprecated. It was called from include() in /var/www/html/lib/tpl/arcadebasic/main.php:199 see devel:menus should be used instead!
2025-03-03 20:19:12		tpl_actionlink() is deprecated. It was called from tpl_action() in /var/www/html/inc/template.php:712 see devel:menus should be used instead!
2025-03-03 20:19:12		tpl_get_action() is deprecated. It was called from tpl_actionlink() in /var/www/html/inc/template.php:592 see devel:menus should be used instead!
2025-03-03 20:19:12		tpl_action() is deprecated. It was called from include() in /var/www/html/lib/tpl/arcadebasic/main.php:200 see devel:menus should be used instead!
2025-03-03 20:19:12		tpl_actionlink() is deprecated. It was called from tpl_action() in /var/www/html/inc/template.php:712 see devel:menus should be used instead!
2025-03-03 20:19:12		tpl_get_action() is deprecated. It was called from tpl_actionlink() in /var/www/html/inc/template.php:592 see devel:menus should be used instead!
2025-03-03 20:19:12		tpl_action() is deprecated. It was called from include() in /var/www/html/lib/tpl/arcadebasic/main.php:201 see devel:menus should be used instead!
2025-03-03 20:19:12		tpl_actionlink() is deprecated. It was called from tpl_action() in /var/www/html/inc/template.php:712 see devel:menus should be used instead!
2025-03-03 20:19:12		tpl_get_action() is deprecated. It was called from tpl_actionlink() in /var/www/html/inc/template.php:592 see devel:menus should be used instead!
2025-03-03 20:19:12		tpl_toolsevent() is deprecated. It was called from include() in /var/www/html/lib/tpl/arcadebasic/main.php:201 see devel:menus should be used instead!
2025-03-03 20:21:08		tpl_action() is deprecated. It was called from include() in /var/www/html/lib/tpl/arcadebasic/main.php:155 see devel:menus should be used instead!
2025-03-03 20:21:08		tpl_actionlink() is deprecated. It was called from tpl_action() in /var/www/html/inc/template.php:712 see devel:menus should be used instead!
2025-03-03 20:21:08		tpl_get_action() is deprecated. It was called from tpl_actionlink() in /var/www/html/inc/template.php:592 see devel:menus should be used instead!
2025-03-03 20:21:08		tpl_action() is deprecated. It was called from include() in /var/www/html/lib/tpl/arcadebasic/main.php:157 see devel:menus should be used instead!
2025-03-03 20:21:08		tpl_actionlink() is deprecated. It was called from tpl_action() in /var/www/html/inc/template.php:712 see devel:menus should be used instead!
2025-03-03 20:21:08		tpl_get_action() is deprecated. It was called from tpl_actionlink() in /var/www/html/inc/template.php:592 see devel:menus should be used instead!
2025-03-03 20:21:08		tpl_action() is deprecated. It was called from include() in /var/www/html/lib/tpl/arcadebasic/main.php:158 see devel:menus should be used instead!
2025-03-03 20:21:08		tpl_actionlink() is deprecated. It was called from tpl_action() in /var/www/html/inc/template.php:712 see devel:menus should be used instead!
2025-03-03 20:21:08		tpl_get_action() is deprecated. It was called from tpl_actionlink() in /var/www/html/inc/template.php:592 see devel:menus should be used instead!
2025-03-03 20:21:08		tpl_action() is deprecated. It was called from include() in /var/www/html/lib/tpl/arcadebasic/main.php:159 see devel:menus should be used instead!
2025-03-03 20:21:08		tpl_actionlink() is deprecated. It was called from tpl_action() in /var/www/html/inc/template.php:712 see devel:menus should be used instead!
2025-03-03 20:21:08		tpl_get_action() is deprecated. It was called from tpl_actionlink() in /var/www/html/inc/template.php:592 see devel:menus should be used instead!
2025-03-03 20:21:08		tpl_action() is deprecated. It was called from include() in /var/www/html/lib/tpl/arcadebasic/main.php:160 see devel:menus should be used instead!
2025-03-03 20:21:08		tpl_actionlink() is deprecated. It was called from tpl_action() in /var/www/html/inc/template.php:712 see devel:menus should be used instead!
2025-03-03 20:21:08		tpl_get_action() is deprecated. It was called from tpl_actionlink() in /var/www/html/inc/template.php:592 see devel:menus should be used instead!
2025-03-03 20:21:08		tpl_toolsevent() is deprecated. It was called from include() in /var/www/html/lib/tpl/arcadebasic/main.php:160 see devel:menus should be used instead!
2025-03-03 20:21:08		tpl_action() is deprecated. It was called from include() in /var/www/html/lib/tpl/arcadebasic/main.php:184 see devel:menus should be used instead!
2025-03-03 20:21:08		tpl_actionlink() is deprecated. It was called from tpl_action() in /var/www/html/inc/template.php:712 see devel:menus should be used instead!
2025-03-03 20:21:08		tpl_get_action() is deprecated. It was called from tpl_actionlink() in /var/www/html/inc/template.php:592 see devel:menus should be used instead!
2025-03-03 20:21:08		tpl_action() is deprecated. It was called from include() in /var/www/html/lib/tpl/arcadebasic/main.php:186 see devel:menus should be used instead!
2025-03-03 20:21:08		tpl_actionlink() is deprecated. It was called from tpl_action() in /var/www/html/inc/template.php:712 see devel:menus should be used instead!
2025-03-03 20:21:08		tpl_get_action() is deprecated. It was called from tpl_actionlink() in /var/www/html/inc/template.php:592 see devel:menus should be used instead!
2025-03-03 20:21:08		tpl_action() is deprecated. It was called from include() in /var/www/html/lib/tpl/arcadebasic/main.php:187 see devel:menus should be used instead!
2025-03-03 20:21:08		tpl_actionlink() is deprecated. It was called from tpl_action() in /var/www/html/inc/template.php:712 see devel:menus should be used instead!
2025-03-03 20:21:08		tpl_get_action() is deprecated. It was called from tpl_actionlink() in /var/www/html/inc/template.php:592 see devel:menus should be used instead!
2025-03-03 20:21:08		tpl_action() is deprecated. It was called from include() in /var/www/html/lib/tpl/arcadebasic/main.php:188 see devel:menus should be used instead!
2025-03-03 20:21:08		tpl_actionlink() is deprecated. It was called from tpl_action() in /var/www/html/inc/template.php:712 see devel:menus should be used instead!
2025-03-03 20:21:08		tpl_get_action() is deprecated. It was called from tpl_actionlink() in /var/www/html/inc/template.php:592 see devel:menus should be used instead!
2025-03-03 20:21:08		tpl_toolsevent() is deprecated. It was called from include() in /var/www/html/lib/tpl/arcadebasic/main.php:188 see devel:menus should be used instead!
2025-03-03 20:21:08		tpl_action() is deprecated. It was called from include() in /var/www/html/lib/tpl/arcadebasic/main.php:199 see devel:menus should be used instead!
2025-03-03 20:21:08		tpl_actionlink() is deprecated. It was called from tpl_action() in /var/www/html/inc/template.php:712 see devel:menus should be used instead!
2025-03-03 20:21:08		tpl_get_action() is deprecated. It was called from tpl_actionlink() in /var/www/html/inc/template.php:592 see devel:menus should be used instead!
2025-03-03 20:21:08		tpl_action() is deprecated. It was called from include() in /var/www/html/lib/tpl/arcadebasic/main.php:200 see devel:menus should be used instead!
2025-03-03 20:21:08		tpl_actionlink() is deprecated. It was called from tpl_action() in /var/www/html/inc/template.php:712 see devel:menus should be used instead!
2025-03-03 20:21:08		tpl_get_action() is deprecated. It was called from tpl_actionlink() in /var/www/html/inc/template.php:592 see devel:menus should be used instead!
2025-03-03 20:21:08		tpl_action() is deprecated. It was called from include() in /var/www/html/lib/tpl/arcadebasic/main.php:201 see devel:menus should be used instead!
2025-03-03 20:21:08		tpl_actionlink() is deprecated. It was called from tpl_action() in /var/www/html/inc/template.php:712 see devel:menus should be used instead!
2025-03-03 20:21:08		tpl_get_action() is deprecated. It was called from tpl_actionlink() in /var/www/html/inc/template.php:592 see devel:menus should be used instead!
2025-03-03 20:21:08		tpl_toolsevent() is deprecated. It was called from include() in /var/www/html/lib/tpl/arcadebasic/main.php:201 see devel:menus should be used instead!
2025-03-03 20:26:16		tpl_action() is deprecated. It was called from include() in /var/www/html/lib/tpl/arcadebasic/main.php:155 see devel:menus should be used instead!
2025-03-03 20:26:16		tpl_actionlink() is deprecated. It was called from tpl_action() in /var/www/html/inc/template.php:712 see devel:menus should be used instead!
2025-03-03 20:26:16		tpl_get_action() is deprecated. It was called from tpl_actionlink() in /var/www/html/inc/template.php:592 see devel:menus should be used instead!
2025-03-03 20:26:16		tpl_action() is deprecated. It was called from include() in /var/www/html/lib/tpl/arcadebasic/main.php:157 see devel:menus should be used instead!
2025-03-03 20:26:16		tpl_actionlink() is deprecated. It was called from tpl_action() in /var/www/html/inc/template.php:712 see devel:menus should be used instead!
2025-03-03 20:26:16		tpl_get_action() is deprecated. It was called from tpl_actionlink() in /var/www/html/inc/template.php:592 see devel:menus should be used instead!
2025-03-03 20:26:16		tpl_action() is deprecated. It was called from include() in /var/www/html/lib/tpl/arcadebasic/main.php:158 see devel:menus should be used instead!
2025-03-03 20:26:16		tpl_actionlink() is deprecated. It was called from tpl_action() in /var/www/html/inc/template.php:712 see devel:menus should be used instead!
2025-03-03 20:26:16		tpl_get_action() is deprecated. It was called from tpl_actionlink() in /var/www/html/inc/template.php:592 see devel:menus should be used instead!
2025-03-03 20:26:16		tpl_action() is deprecated. It was called from include() in /var/www/html/lib/tpl/arcadebasic/main.php:159 see devel:menus should be used instead!
2025-03-03 20:26:16		tpl_actionlink() is deprecated. It was called from tpl_action() in /var/www/html/inc/template.php:712 see devel:menus should be used instead!
2025-03-03 20:26:16		tpl_get_action() is deprecated. It was called from tpl_actionlink() in /var/www/html/inc/template.php:592 see devel:menus should be used instead!
2025-03-03 20:26:16		tpl_action() is deprecated. It was called from include() in /var/www/html/lib/tpl/arcadebasic/main.php:160 see devel:menus should be used instead!
2025-03-03 20:26:16		tpl_actionlink() is deprecated. It was called from tpl_action() in /var/www/html/inc/template.php:712 see devel:menus should be used instead!
2025-03-03 20:26:16		tpl_get_action() is deprecated. It was called from tpl_actionlink() in /var/www/html/inc/template.php:592 see devel:menus should be used instead!
2025-03-03 20:26:16		tpl_toolsevent() is deprecated. It was called from include() in /var/www/html/lib/tpl/arcadebasic/main.php:160 see devel:menus should be used instead!
2025-03-03 20:26:16		tpl_action() is deprecated. It was called from include() in /var/www/html/lib/tpl/arcadebasic/main.php:184 see devel:menus should be used instead!
2025-03-03 20:26:16		tpl_actionlink() is deprecated. It was called from tpl_action() in /var/www/html/inc/template.php:712 see devel:menus should be used instead!
2025-03-03 20:26:16		tpl_get_action() is deprecated. It was called from tpl_actionlink() in /var/www/html/inc/template.php:592 see devel:menus should be used instead!
2025-03-03 20:26:16		tpl_action() is deprecated. It was called from include() in /var/www/html/lib/tpl/arcadebasic/main.php:186 see devel:menus should be used instead!
2025-03-03 20:26:16		tpl_actionlink() is deprecated. It was called from tpl_action() in /var/www/html/inc/template.php:712 see devel:menus should be used instead!
2025-03-03 20:26:16		tpl_get_action() is deprecated. It was called from tpl_actionlink() in /var/www/html/inc/template.php:592 see devel:menus should be used instead!
2025-03-03 20:26:16		tpl_action() is deprecated. It was called from include() in /var/www/html/lib/tpl/arcadebasic/main.php:187 see devel:menus should be used instead!
2025-03-03 20:26:16		tpl_actionlink() is deprecated. It was called from tpl_action() in /var/www/html/inc/template.php:712 see devel:menus should be used instead!
2025-03-03 20:26:16		tpl_get_action() is deprecated. It was called from tpl_actionlink() in /var/www/html/inc/template.php:592 see devel:menus should be used instead!
2025-03-03 20:26:16		tpl_action() is deprecated. It was called from include() in /var/www/html/lib/tpl/arcadebasic/main.php:188 see devel:menus should be used instead!
2025-03-03 20:26:16		tpl_actionlink() is deprecated. It was called from tpl_action() in /var/www/html/inc/template.php:712 see devel:menus should be used instead!
2025-03-03 20:26:16		tpl_get_action() is deprecated. It was called from tpl_actionlink() in /var/www/html/inc/template.php:592 see devel:menus should be used instead!
2025-03-03 20:26:16		tpl_toolsevent() is deprecated. It was called from include() in /var/www/html/lib/tpl/arcadebasic/main.php:188 see devel:menus should be used instead!
2025-03-03 20:26:16		tpl_action() is deprecated. It was called from include() in /var/www/html/lib/tpl/arcadebasic/main.php:199 see devel:menus should be used instead!
2025-03-03 20:26:16		tpl_actionlink() is deprecated. It was called from tpl_action() in /var/www/html/inc/template.php:712 see devel:menus should be used instead!
2025-03-03 20:26:16		tpl_get_action() is deprecated. It was called from tpl_actionlink() in /var/www/html/inc/template.php:592 see devel:menus should be used instead!
2025-03-03 20:26:16		tpl_action() is deprecated. It was called from include() in /var/www/html/lib/tpl/arcadebasic/main.php:200 see devel:menus should be used instead!
2025-03-03 20:26:16		tpl_actionlink() is deprecated. It was called from tpl_action() in /var/www/html/inc/template.php:712 see devel:menus should be used instead!
2025-03-03 20:26:16		tpl_get_action() is deprecated. It was called from tpl_actionlink() in /var/www/html/inc/template.php:592 see devel:menus should be used instead!
2025-03-03 20:26:16		tpl_action() is deprecated. It was called from include() in /var/www/html/lib/tpl/arcadebasic/main.php:201 see devel:menus should be used instead!
2025-03-03 20:26:16		tpl_actionlink() is deprecated. It was called from tpl_action() in /var/www/html/inc/template.php:712 see devel:menus should be used instead!
2025-03-03 20:26:16		tpl_get_action() is deprecated. It was called from tpl_actionlink() in /var/www/html/inc/template.php:592 see devel:menus should be used instead!
2025-03-03 20:26:16		tpl_toolsevent() is deprecated. It was called from include() in /var/www/html/lib/tpl/arcadebasic/main.php:201 see devel:menus should be used instead!
2025-03-03 20:48:12		tpl_action() is deprecated. It was called from include() in /var/www/html/lib/tpl/arcadebasic/main.php:155 see devel:menus should be used instead!
2025-03-03 20:48:12		tpl_actionlink() is deprecated. It was called from tpl_action() in /var/www/html/inc/template.php:712 see devel:menus should be used instead!
2025-03-03 20:48:12		tpl_get_action() is deprecated. It was called from tpl_actionlink() in /var/www/html/inc/template.php:592 see devel:menus should be used instead!
2025-03-03 20:48:12		tpl_action() is deprecated. It was called from include() in /var/www/html/lib/tpl/arcadebasic/main.php:157 see devel:menus should be used instead!
2025-03-03 20:48:12		tpl_actionlink() is deprecated. It was called from tpl_action() in /var/www/html/inc/template.php:712 see devel:menus should be used instead!
2025-03-03 20:48:12		tpl_get_action() is deprecated. It was called from tpl_actionlink() in /var/www/html/inc/template.php:592 see devel:menus should be used instead!
2025-03-03 20:48:12		tpl_action() is deprecated. It was called from include() in /var/www/html/lib/tpl/arcadebasic/main.php:158 see devel:menus should be used instead!
2025-03-03 20:48:12		tpl_actionlink() is deprecated. It was called from tpl_action() in /var/www/html/inc/template.php:712 see devel:menus should be used instead!
2025-03-03 20:48:12		tpl_get_action() is deprecated. It was called from tpl_actionlink() in /var/www/html/inc/template.php:592 see devel:menus should be used instead!
2025-03-03 20:48:12		tpl_action() is deprecated. It was called from include() in /var/www/html/lib/tpl/arcadebasic/main.php:159 see devel:menus should be used instead!
2025-03-03 20:48:12		tpl_actionlink() is deprecated. It was called from tpl_action() in /var/www/html/inc/template.php:712 see devel:menus should be used instead!
2025-03-03 20:48:12		tpl_get_action() is deprecated. It was called from tpl_actionlink() in /var/www/html/inc/template.php:592 see devel:menus should be used instead!
2025-03-03 20:48:12		tpl_action() is deprecated. It was called from include() in /var/www/html/lib/tpl/arcadebasic/main.php:160 see devel:menus should be used instead!
2025-03-03 20:48:12		tpl_actionlink() is deprecated. It was called from tpl_action() in /var/www/html/inc/template.php:712 see devel:menus should be used instead!
2025-03-03 20:48:12		tpl_get_action() is deprecated. It was called from tpl_actionlink() in /var/www/html/inc/template.php:592 see devel:menus should be used instead!
2025-03-03 20:48:12		tpl_toolsevent() is deprecated. It was called from include() in /var/www/html/lib/tpl/arcadebasic/main.php:160 see devel:menus should be used instead!
2025-03-03 20:48:12		tpl_action() is deprecated. It was called from include() in /var/www/html/lib/tpl/arcadebasic/main.php:184 see devel:menus should be used instead!
2025-03-03 20:48:12		tpl_actionlink() is deprecated. It was called from tpl_action() in /var/www/html/inc/template.php:712 see devel:menus should be used instead!
2025-03-03 20:48:12		tpl_get_action() is deprecated. It was called from tpl_actionlink() in /var/www/html/inc/template.php:592 see devel:menus should be used instead!
2025-03-03 20:48:12		tpl_action() is deprecated. It was called from include() in /var/www/html/lib/tpl/arcadebasic/main.php:186 see devel:menus should be used instead!
2025-03-03 20:48:12		tpl_actionlink() is deprecated. It was called from tpl_action() in /var/www/html/inc/template.php:712 see devel:menus should be used instead!
2025-03-03 20:48:12		tpl_get_action() is deprecated. It was called from tpl_actionlink() in /var/www/html/inc/template.php:592 see devel:menus should be used instead!
2025-03-03 20:48:12		tpl_action() is deprecated. It was called from include() in /var/www/html/lib/tpl/arcadebasic/main.php:187 see devel:menus should be used instead!
2025-03-03 20:48:12		tpl_actionlink() is deprecated. It was called from tpl_action() in /var/www/html/inc/template.php:712 see devel:menus should be used instead!
2025-03-03 20:48:12		tpl_get_action() is deprecated. It was called from tpl_actionlink() in /var/www/html/inc/template.php:592 see devel:menus should be used instead!
2025-03-03 20:48:12		tpl_action() is deprecated. It was called from include() in /var/www/html/lib/tpl/arcadebasic/main.php:188 see devel:menus should be used instead!
2025-03-03 20:48:12		tpl_actionlink() is deprecated. It was called from tpl_action() in /var/www/html/inc/template.php:712 see devel:menus should be used instead!
2025-03-03 20:48:12		tpl_get_action() is deprecated. It was called from tpl_actionlink() in /var/www/html/inc/template.php:592 see devel:menus should be used instead!
2025-03-03 20:48:12		tpl_toolsevent() is deprecated. It was called from include() in /var/www/html/lib/tpl/arcadebasic/main.php:188 see devel:menus should be used instead!
2025-03-03 20:48:12		tpl_action() is deprecated. It was called from include() in /var/www/html/lib/tpl/arcadebasic/main.php:199 see devel:menus should be used instead!
2025-03-03 20:48:12		tpl_actionlink() is deprecated. It was called from tpl_action() in /var/www/html/inc/template.php:712 see devel:menus should be used instead!
2025-03-03 20:48:12		tpl_get_action() is deprecated. It was called from tpl_actionlink() in /var/www/html/inc/template.php:592 see devel:menus should be used instead!
2025-03-03 20:48:12		tpl_action() is deprecated. It was called from include() in /var/www/html/lib/tpl/arcadebasic/main.php:200 see devel:menus should be used instead!
2025-03-03 20:48:12		tpl_actionlink() is deprecated. It was called from tpl_action() in /var/www/html/inc/template.php:712 see devel:menus should be used instead!
2025-03-03 20:48:12		tpl_get_action() is deprecated. It was called from tpl_actionlink() in /var/www/html/inc/template.php:592 see devel:menus should be used instead!
2025-03-03 20:48:12		tpl_action() is deprecated. It was called from include() in /var/www/html/lib/tpl/arcadebasic/main.php:201 see devel:menus should be used instead!
2025-03-03 20:48:12		tpl_actionlink() is deprecated. It was called from tpl_action() in /var/www/html/inc/template.php:712 see devel:menus should be used instead!
2025-03-03 20:48:12		tpl_get_action() is deprecated. It was called from tpl_actionlink() in /var/www/html/inc/template.php:592 see devel:menus should be used instead!
2025-03-03 20:48:12		tpl_toolsevent() is deprecated. It was called from include() in /var/www/html/lib/tpl/arcadebasic/main.php:201 see devel:menus should be used instead!
