2025-03-04 01:42:28		tpl_action() is deprecated. It was called from include() in /var/www/html/lib/tpl/arcadebasic/main.php:155 see devel:menus should be used instead!
2025-03-04 01:42:28		tpl_actionlink() is deprecated. It was called from tpl_action() in /var/www/html/inc/template.php:712 see devel:menus should be used instead!
2025-03-04 01:42:28		tpl_get_action() is deprecated. It was called from tpl_actionlink() in /var/www/html/inc/template.php:592 see devel:menus should be used instead!
2025-03-04 01:42:28		tpl_action() is deprecated. It was called from include() in /var/www/html/lib/tpl/arcadebasic/main.php:157 see devel:menus should be used instead!
2025-03-04 01:42:28		tpl_actionlink() is deprecated. It was called from tpl_action() in /var/www/html/inc/template.php:712 see devel:menus should be used instead!
2025-03-04 01:42:28		tpl_get_action() is deprecated. It was called from tpl_actionlink() in /var/www/html/inc/template.php:592 see devel:menus should be used instead!
2025-03-04 01:42:28		tpl_action() is deprecated. It was called from include() in /var/www/html/lib/tpl/arcadebasic/main.php:158 see devel:menus should be used instead!
2025-03-04 01:42:28		tpl_actionlink() is deprecated. It was called from tpl_action() in /var/www/html/inc/template.php:712 see devel:menus should be used instead!
2025-03-04 01:42:28		tpl_get_action() is deprecated. It was called from tpl_actionlink() in /var/www/html/inc/template.php:592 see devel:menus should be used instead!
2025-03-04 01:42:28		tpl_action() is deprecated. It was called from include() in /var/www/html/lib/tpl/arcadebasic/main.php:159 see devel:menus should be used instead!
2025-03-04 01:42:28		tpl_actionlink() is deprecated. It was called from tpl_action() in /var/www/html/inc/template.php:712 see devel:menus should be used instead!
2025-03-04 01:42:28		tpl_get_action() is deprecated. It was called from tpl_actionlink() in /var/www/html/inc/template.php:592 see devel:menus should be used instead!
2025-03-04 01:42:28		tpl_action() is deprecated. It was called from include() in /var/www/html/lib/tpl/arcadebasic/main.php:160 see devel:menus should be used instead!
2025-03-04 01:42:28		tpl_actionlink() is deprecated. It was called from tpl_action() in /var/www/html/inc/template.php:712 see devel:menus should be used instead!
2025-03-04 01:42:28		tpl_get_action() is deprecated. It was called from tpl_actionlink() in /var/www/html/inc/template.php:592 see devel:menus should be used instead!
2025-03-04 01:42:28		tpl_toolsevent() is deprecated. It was called from include() in /var/www/html/lib/tpl/arcadebasic/main.php:160 see devel:menus should be used instead!
2025-03-04 01:42:28		tpl_action() is deprecated. It was called from include() in /var/www/html/lib/tpl/arcadebasic/main.php:184 see devel:menus should be used instead!
2025-03-04 01:42:28		tpl_actionlink() is deprecated. It was called from tpl_action() in /var/www/html/inc/template.php:712 see devel:menus should be used instead!
2025-03-04 01:42:28		tpl_get_action() is deprecated. It was called from tpl_actionlink() in /var/www/html/inc/template.php:592 see devel:menus should be used instead!
2025-03-04 01:42:28		tpl_action() is deprecated. It was called from include() in /var/www/html/lib/tpl/arcadebasic/main.php:186 see devel:menus should be used instead!
2025-03-04 01:42:28		tpl_actionlink() is deprecated. It was called from tpl_action() in /var/www/html/inc/template.php:712 see devel:menus should be used instead!
2025-03-04 01:42:28		tpl_get_action() is deprecated. It was called from tpl_actionlink() in /var/www/html/inc/template.php:592 see devel:menus should be used instead!
2025-03-04 01:42:28		tpl_action() is deprecated. It was called from include() in /var/www/html/lib/tpl/arcadebasic/main.php:187 see devel:menus should be used instead!
2025-03-04 01:42:28		tpl_actionlink() is deprecated. It was called from tpl_action() in /var/www/html/inc/template.php:712 see devel:menus should be used instead!
2025-03-04 01:42:28		tpl_get_action() is deprecated. It was called from tpl_actionlink() in /var/www/html/inc/template.php:592 see devel:menus should be used instead!
2025-03-04 01:42:28		tpl_action() is deprecated. It was called from include() in /var/www/html/lib/tpl/arcadebasic/main.php:188 see devel:menus should be used instead!
2025-03-04 01:42:28		tpl_actionlink() is deprecated. It was called from tpl_action() in /var/www/html/inc/template.php:712 see devel:menus should be used instead!
2025-03-04 01:42:28		tpl_get_action() is deprecated. It was called from tpl_actionlink() in /var/www/html/inc/template.php:592 see devel:menus should be used instead!
2025-03-04 01:42:28		tpl_toolsevent() is deprecated. It was called from include() in /var/www/html/lib/tpl/arcadebasic/main.php:188 see devel:menus should be used instead!
2025-03-04 01:42:28		tpl_action() is deprecated. It was called from include() in /var/www/html/lib/tpl/arcadebasic/main.php:199 see devel:menus should be used instead!
2025-03-04 01:42:28		tpl_actionlink() is deprecated. It was called from tpl_action() in /var/www/html/inc/template.php:712 see devel:menus should be used instead!
2025-03-04 01:42:28		tpl_get_action() is deprecated. It was called from tpl_actionlink() in /var/www/html/inc/template.php:592 see devel:menus should be used instead!
2025-03-04 01:42:28		tpl_action() is deprecated. It was called from include() in /var/www/html/lib/tpl/arcadebasic/main.php:200 see devel:menus should be used instead!
2025-03-04 01:42:28		tpl_actionlink() is deprecated. It was called from tpl_action() in /var/www/html/inc/template.php:712 see devel:menus should be used instead!
2025-03-04 01:42:28		tpl_get_action() is deprecated. It was called from tpl_actionlink() in /var/www/html/inc/template.php:592 see devel:menus should be used instead!
2025-03-04 01:42:28		tpl_action() is deprecated. It was called from include() in /var/www/html/lib/tpl/arcadebasic/main.php:201 see devel:menus should be used instead!
2025-03-04 01:42:28		tpl_actionlink() is deprecated. It was called from tpl_action() in /var/www/html/inc/template.php:712 see devel:menus should be used instead!
2025-03-04 01:42:28		tpl_get_action() is deprecated. It was called from tpl_actionlink() in /var/www/html/inc/template.php:592 see devel:menus should be used instead!
2025-03-04 01:42:28		tpl_toolsevent() is deprecated. It was called from include() in /var/www/html/lib/tpl/arcadebasic/main.php:201 see devel:menus should be used instead!
2025-03-04 03:12:40		tpl_action() is deprecated. It was called from include() in /var/www/html/lib/tpl/arcadebasic/main.php:155 see devel:menus should be used instead!
2025-03-04 03:12:40		tpl_actionlink() is deprecated. It was called from tpl_action() in /var/www/html/inc/template.php:712 see devel:menus should be used instead!
2025-03-04 03:12:40		tpl_get_action() is deprecated. It was called from tpl_actionlink() in /var/www/html/inc/template.php:592 see devel:menus should be used instead!
2025-03-04 03:12:40		tpl_action() is deprecated. It was called from include() in /var/www/html/lib/tpl/arcadebasic/main.php:157 see devel:menus should be used instead!
2025-03-04 03:12:40		tpl_actionlink() is deprecated. It was called from tpl_action() in /var/www/html/inc/template.php:712 see devel:menus should be used instead!
2025-03-04 03:12:40		tpl_get_action() is deprecated. It was called from tpl_actionlink() in /var/www/html/inc/template.php:592 see devel:menus should be used instead!
2025-03-04 03:12:40		tpl_action() is deprecated. It was called from include() in /var/www/html/lib/tpl/arcadebasic/main.php:158 see devel:menus should be used instead!
2025-03-04 03:12:40		tpl_actionlink() is deprecated. It was called from tpl_action() in /var/www/html/inc/template.php:712 see devel:menus should be used instead!
2025-03-04 03:12:40		tpl_get_action() is deprecated. It was called from tpl_actionlink() in /var/www/html/inc/template.php:592 see devel:menus should be used instead!
2025-03-04 03:12:40		tpl_action() is deprecated. It was called from include() in /var/www/html/lib/tpl/arcadebasic/main.php:159 see devel:menus should be used instead!
2025-03-04 03:12:40		tpl_actionlink() is deprecated. It was called from tpl_action() in /var/www/html/inc/template.php:712 see devel:menus should be used instead!
2025-03-04 03:12:40		tpl_get_action() is deprecated. It was called from tpl_actionlink() in /var/www/html/inc/template.php:592 see devel:menus should be used instead!
2025-03-04 03:12:40		tpl_action() is deprecated. It was called from include() in /var/www/html/lib/tpl/arcadebasic/main.php:160 see devel:menus should be used instead!
2025-03-04 03:12:40		tpl_actionlink() is deprecated. It was called from tpl_action() in /var/www/html/inc/template.php:712 see devel:menus should be used instead!
2025-03-04 03:12:40		tpl_get_action() is deprecated. It was called from tpl_actionlink() in /var/www/html/inc/template.php:592 see devel:menus should be used instead!
2025-03-04 03:12:40		tpl_toolsevent() is deprecated. It was called from include() in /var/www/html/lib/tpl/arcadebasic/main.php:160 see devel:menus should be used instead!
2025-03-04 03:12:40		tpl_action() is deprecated. It was called from include() in /var/www/html/lib/tpl/arcadebasic/main.php:184 see devel:menus should be used instead!
2025-03-04 03:12:40		tpl_actionlink() is deprecated. It was called from tpl_action() in /var/www/html/inc/template.php:712 see devel:menus should be used instead!
2025-03-04 03:12:40		tpl_get_action() is deprecated. It was called from tpl_actionlink() in /var/www/html/inc/template.php:592 see devel:menus should be used instead!
2025-03-04 03:12:40		tpl_action() is deprecated. It was called from include() in /var/www/html/lib/tpl/arcadebasic/main.php:186 see devel:menus should be used instead!
2025-03-04 03:12:40		tpl_actionlink() is deprecated. It was called from tpl_action() in /var/www/html/inc/template.php:712 see devel:menus should be used instead!
2025-03-04 03:12:40		tpl_get_action() is deprecated. It was called from tpl_actionlink() in /var/www/html/inc/template.php:592 see devel:menus should be used instead!
2025-03-04 03:12:40		tpl_action() is deprecated. It was called from include() in /var/www/html/lib/tpl/arcadebasic/main.php:187 see devel:menus should be used instead!
2025-03-04 03:12:40		tpl_actionlink() is deprecated. It was called from tpl_action() in /var/www/html/inc/template.php:712 see devel:menus should be used instead!
2025-03-04 03:12:40		tpl_get_action() is deprecated. It was called from tpl_actionlink() in /var/www/html/inc/template.php:592 see devel:menus should be used instead!
2025-03-04 03:12:40		tpl_action() is deprecated. It was called from include() in /var/www/html/lib/tpl/arcadebasic/main.php:188 see devel:menus should be used instead!
2025-03-04 03:12:40		tpl_actionlink() is deprecated. It was called from tpl_action() in /var/www/html/inc/template.php:712 see devel:menus should be used instead!
2025-03-04 03:12:40		tpl_get_action() is deprecated. It was called from tpl_actionlink() in /var/www/html/inc/template.php:592 see devel:menus should be used instead!
2025-03-04 03:12:40		tpl_toolsevent() is deprecated. It was called from include() in /var/www/html/lib/tpl/arcadebasic/main.php:188 see devel:menus should be used instead!
2025-03-04 03:12:40		tpl_action() is deprecated. It was called from include() in /var/www/html/lib/tpl/arcadebasic/main.php:199 see devel:menus should be used instead!
2025-03-04 03:12:40		tpl_actionlink() is deprecated. It was called from tpl_action() in /var/www/html/inc/template.php:712 see devel:menus should be used instead!
2025-03-04 03:12:40		tpl_get_action() is deprecated. It was called from tpl_actionlink() in /var/www/html/inc/template.php:592 see devel:menus should be used instead!
2025-03-04 03:12:40		tpl_action() is deprecated. It was called from include() in /var/www/html/lib/tpl/arcadebasic/main.php:200 see devel:menus should be used instead!
2025-03-04 03:12:40		tpl_actionlink() is deprecated. It was called from tpl_action() in /var/www/html/inc/template.php:712 see devel:menus should be used instead!
2025-03-04 03:12:40		tpl_get_action() is deprecated. It was called from tpl_actionlink() in /var/www/html/inc/template.php:592 see devel:menus should be used instead!
2025-03-04 03:12:40		tpl_action() is deprecated. It was called from include() in /var/www/html/lib/tpl/arcadebasic/main.php:201 see devel:menus should be used instead!
2025-03-04 03:12:40		tpl_actionlink() is deprecated. It was called from tpl_action() in /var/www/html/inc/template.php:712 see devel:menus should be used instead!
2025-03-04 03:12:40		tpl_get_action() is deprecated. It was called from tpl_actionlink() in /var/www/html/inc/template.php:592 see devel:menus should be used instead!
2025-03-04 03:12:40		tpl_toolsevent() is deprecated. It was called from include() in /var/www/html/lib/tpl/arcadebasic/main.php:201 see devel:menus should be used instead!
2025-03-04 03:49:59		tpl_action() is deprecated. It was called from include() in /var/www/html/lib/tpl/arcadebasic/main.php:155 see devel:menus should be used instead!
2025-03-04 03:49:59		tpl_actionlink() is deprecated. It was called from tpl_action() in /var/www/html/inc/template.php:712 see devel:menus should be used instead!
2025-03-04 03:49:59		tpl_get_action() is deprecated. It was called from tpl_actionlink() in /var/www/html/inc/template.php:592 see devel:menus should be used instead!
2025-03-04 03:49:59		tpl_action() is deprecated. It was called from include() in /var/www/html/lib/tpl/arcadebasic/main.php:157 see devel:menus should be used instead!
2025-03-04 03:49:59		tpl_actionlink() is deprecated. It was called from tpl_action() in /var/www/html/inc/template.php:712 see devel:menus should be used instead!
2025-03-04 03:49:59		tpl_get_action() is deprecated. It was called from tpl_actionlink() in /var/www/html/inc/template.php:592 see devel:menus should be used instead!
2025-03-04 03:49:59		tpl_action() is deprecated. It was called from include() in /var/www/html/lib/tpl/arcadebasic/main.php:158 see devel:menus should be used instead!
2025-03-04 03:49:59		tpl_actionlink() is deprecated. It was called from tpl_action() in /var/www/html/inc/template.php:712 see devel:menus should be used instead!
2025-03-04 03:49:59		tpl_get_action() is deprecated. It was called from tpl_actionlink() in /var/www/html/inc/template.php:592 see devel:menus should be used instead!
2025-03-04 03:49:59		tpl_action() is deprecated. It was called from include() in /var/www/html/lib/tpl/arcadebasic/main.php:159 see devel:menus should be used instead!
2025-03-04 03:49:59		tpl_actionlink() is deprecated. It was called from tpl_action() in /var/www/html/inc/template.php:712 see devel:menus should be used instead!
2025-03-04 03:49:59		tpl_get_action() is deprecated. It was called from tpl_actionlink() in /var/www/html/inc/template.php:592 see devel:menus should be used instead!
2025-03-04 03:49:59		tpl_action() is deprecated. It was called from include() in /var/www/html/lib/tpl/arcadebasic/main.php:160 see devel:menus should be used instead!
2025-03-04 03:49:59		tpl_actionlink() is deprecated. It was called from tpl_action() in /var/www/html/inc/template.php:712 see devel:menus should be used instead!
2025-03-04 03:49:59		tpl_get_action() is deprecated. It was called from tpl_actionlink() in /var/www/html/inc/template.php:592 see devel:menus should be used instead!
2025-03-04 03:49:59		tpl_toolsevent() is deprecated. It was called from include() in /var/www/html/lib/tpl/arcadebasic/main.php:160 see devel:menus should be used instead!
2025-03-04 03:49:59		tpl_action() is deprecated. It was called from include() in /var/www/html/lib/tpl/arcadebasic/main.php:184 see devel:menus should be used instead!
2025-03-04 03:49:59		tpl_actionlink() is deprecated. It was called from tpl_action() in /var/www/html/inc/template.php:712 see devel:menus should be used instead!
2025-03-04 03:49:59		tpl_get_action() is deprecated. It was called from tpl_actionlink() in /var/www/html/inc/template.php:592 see devel:menus should be used instead!
2025-03-04 03:49:59		tpl_action() is deprecated. It was called from include() in /var/www/html/lib/tpl/arcadebasic/main.php:186 see devel:menus should be used instead!
2025-03-04 03:49:59		tpl_actionlink() is deprecated. It was called from tpl_action() in /var/www/html/inc/template.php:712 see devel:menus should be used instead!
2025-03-04 03:49:59		tpl_get_action() is deprecated. It was called from tpl_actionlink() in /var/www/html/inc/template.php:592 see devel:menus should be used instead!
2025-03-04 03:49:59		tpl_action() is deprecated. It was called from include() in /var/www/html/lib/tpl/arcadebasic/main.php:187 see devel:menus should be used instead!
2025-03-04 03:49:59		tpl_actionlink() is deprecated. It was called from tpl_action() in /var/www/html/inc/template.php:712 see devel:menus should be used instead!
2025-03-04 03:49:59		tpl_get_action() is deprecated. It was called from tpl_actionlink() in /var/www/html/inc/template.php:592 see devel:menus should be used instead!
2025-03-04 03:49:59		tpl_action() is deprecated. It was called from include() in /var/www/html/lib/tpl/arcadebasic/main.php:188 see devel:menus should be used instead!
2025-03-04 03:49:59		tpl_actionlink() is deprecated. It was called from tpl_action() in /var/www/html/inc/template.php:712 see devel:menus should be used instead!
2025-03-04 03:49:59		tpl_get_action() is deprecated. It was called from tpl_actionlink() in /var/www/html/inc/template.php:592 see devel:menus should be used instead!
2025-03-04 03:49:59		tpl_toolsevent() is deprecated. It was called from include() in /var/www/html/lib/tpl/arcadebasic/main.php:188 see devel:menus should be used instead!
2025-03-04 03:49:59		tpl_action() is deprecated. It was called from include() in /var/www/html/lib/tpl/arcadebasic/main.php:199 see devel:menus should be used instead!
2025-03-04 03:49:59		tpl_actionlink() is deprecated. It was called from tpl_action() in /var/www/html/inc/template.php:712 see devel:menus should be used instead!
2025-03-04 03:49:59		tpl_get_action() is deprecated. It was called from tpl_actionlink() in /var/www/html/inc/template.php:592 see devel:menus should be used instead!
2025-03-04 03:49:59		tpl_action() is deprecated. It was called from include() in /var/www/html/lib/tpl/arcadebasic/main.php:200 see devel:menus should be used instead!
2025-03-04 03:49:59		tpl_actionlink() is deprecated. It was called from tpl_action() in /var/www/html/inc/template.php:712 see devel:menus should be used instead!
2025-03-04 03:49:59		tpl_get_action() is deprecated. It was called from tpl_actionlink() in /var/www/html/inc/template.php:592 see devel:menus should be used instead!
2025-03-04 03:49:59		tpl_action() is deprecated. It was called from include() in /var/www/html/lib/tpl/arcadebasic/main.php:201 see devel:menus should be used instead!
2025-03-04 03:49:59		tpl_actionlink() is deprecated. It was called from tpl_action() in /var/www/html/inc/template.php:712 see devel:menus should be used instead!
2025-03-04 03:49:59		tpl_get_action() is deprecated. It was called from tpl_actionlink() in /var/www/html/inc/template.php:592 see devel:menus should be used instead!
2025-03-04 03:49:59		tpl_toolsevent() is deprecated. It was called from include() in /var/www/html/lib/tpl/arcadebasic/main.php:201 see devel:menus should be used instead!
2025-03-04 04:13:26		tpl_action() is deprecated. It was called from include() in /var/www/html/lib/tpl/arcadebasic/main.php:155 see devel:menus should be used instead!
2025-03-04 04:13:26		tpl_actionlink() is deprecated. It was called from tpl_action() in /var/www/html/inc/template.php:712 see devel:menus should be used instead!
2025-03-04 04:13:26		tpl_get_action() is deprecated. It was called from tpl_actionlink() in /var/www/html/inc/template.php:592 see devel:menus should be used instead!
2025-03-04 04:13:26		tpl_action() is deprecated. It was called from include() in /var/www/html/lib/tpl/arcadebasic/main.php:157 see devel:menus should be used instead!
2025-03-04 04:13:26		tpl_actionlink() is deprecated. It was called from tpl_action() in /var/www/html/inc/template.php:712 see devel:menus should be used instead!
2025-03-04 04:13:26		tpl_get_action() is deprecated. It was called from tpl_actionlink() in /var/www/html/inc/template.php:592 see devel:menus should be used instead!
2025-03-04 04:13:26		tpl_action() is deprecated. It was called from include() in /var/www/html/lib/tpl/arcadebasic/main.php:158 see devel:menus should be used instead!
2025-03-04 04:13:26		tpl_actionlink() is deprecated. It was called from tpl_action() in /var/www/html/inc/template.php:712 see devel:menus should be used instead!
2025-03-04 04:13:26		tpl_get_action() is deprecated. It was called from tpl_actionlink() in /var/www/html/inc/template.php:592 see devel:menus should be used instead!
2025-03-04 04:13:26		tpl_action() is deprecated. It was called from include() in /var/www/html/lib/tpl/arcadebasic/main.php:159 see devel:menus should be used instead!
2025-03-04 04:13:26		tpl_actionlink() is deprecated. It was called from tpl_action() in /var/www/html/inc/template.php:712 see devel:menus should be used instead!
2025-03-04 04:13:26		tpl_get_action() is deprecated. It was called from tpl_actionlink() in /var/www/html/inc/template.php:592 see devel:menus should be used instead!
2025-03-04 04:13:26		tpl_action() is deprecated. It was called from include() in /var/www/html/lib/tpl/arcadebasic/main.php:160 see devel:menus should be used instead!
2025-03-04 04:13:26		tpl_actionlink() is deprecated. It was called from tpl_action() in /var/www/html/inc/template.php:712 see devel:menus should be used instead!
2025-03-04 04:13:26		tpl_get_action() is deprecated. It was called from tpl_actionlink() in /var/www/html/inc/template.php:592 see devel:menus should be used instead!
2025-03-04 04:13:26		tpl_toolsevent() is deprecated. It was called from include() in /var/www/html/lib/tpl/arcadebasic/main.php:160 see devel:menus should be used instead!
2025-03-04 04:13:26		tpl_action() is deprecated. It was called from include() in /var/www/html/lib/tpl/arcadebasic/main.php:184 see devel:menus should be used instead!
2025-03-04 04:13:26		tpl_actionlink() is deprecated. It was called from tpl_action() in /var/www/html/inc/template.php:712 see devel:menus should be used instead!
2025-03-04 04:13:26		tpl_get_action() is deprecated. It was called from tpl_actionlink() in /var/www/html/inc/template.php:592 see devel:menus should be used instead!
2025-03-04 04:13:26		tpl_action() is deprecated. It was called from include() in /var/www/html/lib/tpl/arcadebasic/main.php:186 see devel:menus should be used instead!
2025-03-04 04:13:26		tpl_actionlink() is deprecated. It was called from tpl_action() in /var/www/html/inc/template.php:712 see devel:menus should be used instead!
2025-03-04 04:13:26		tpl_get_action() is deprecated. It was called from tpl_actionlink() in /var/www/html/inc/template.php:592 see devel:menus should be used instead!
2025-03-04 04:13:26		tpl_action() is deprecated. It was called from include() in /var/www/html/lib/tpl/arcadebasic/main.php:187 see devel:menus should be used instead!
2025-03-04 04:13:26		tpl_actionlink() is deprecated. It was called from tpl_action() in /var/www/html/inc/template.php:712 see devel:menus should be used instead!
2025-03-04 04:13:26		tpl_get_action() is deprecated. It was called from tpl_actionlink() in /var/www/html/inc/template.php:592 see devel:menus should be used instead!
2025-03-04 04:13:26		tpl_action() is deprecated. It was called from include() in /var/www/html/lib/tpl/arcadebasic/main.php:188 see devel:menus should be used instead!
2025-03-04 04:13:26		tpl_actionlink() is deprecated. It was called from tpl_action() in /var/www/html/inc/template.php:712 see devel:menus should be used instead!
2025-03-04 04:13:26		tpl_get_action() is deprecated. It was called from tpl_actionlink() in /var/www/html/inc/template.php:592 see devel:menus should be used instead!
2025-03-04 04:13:26		tpl_toolsevent() is deprecated. It was called from include() in /var/www/html/lib/tpl/arcadebasic/main.php:188 see devel:menus should be used instead!
2025-03-04 04:13:26		tpl_action() is deprecated. It was called from include() in /var/www/html/lib/tpl/arcadebasic/main.php:199 see devel:menus should be used instead!
2025-03-04 04:13:26		tpl_actionlink() is deprecated. It was called from tpl_action() in /var/www/html/inc/template.php:712 see devel:menus should be used instead!
2025-03-04 04:13:26		tpl_get_action() is deprecated. It was called from tpl_actionlink() in /var/www/html/inc/template.php:592 see devel:menus should be used instead!
2025-03-04 04:13:26		tpl_action() is deprecated. It was called from include() in /var/www/html/lib/tpl/arcadebasic/main.php:200 see devel:menus should be used instead!
2025-03-04 04:13:26		tpl_actionlink() is deprecated. It was called from tpl_action() in /var/www/html/inc/template.php:712 see devel:menus should be used instead!
2025-03-04 04:13:26		tpl_get_action() is deprecated. It was called from tpl_actionlink() in /var/www/html/inc/template.php:592 see devel:menus should be used instead!
2025-03-04 04:13:26		tpl_action() is deprecated. It was called from include() in /var/www/html/lib/tpl/arcadebasic/main.php:201 see devel:menus should be used instead!
2025-03-04 04:13:26		tpl_actionlink() is deprecated. It was called from tpl_action() in /var/www/html/inc/template.php:712 see devel:menus should be used instead!
2025-03-04 04:13:26		tpl_get_action() is deprecated. It was called from tpl_actionlink() in /var/www/html/inc/template.php:592 see devel:menus should be used instead!
2025-03-04 04:13:26		tpl_toolsevent() is deprecated. It was called from include() in /var/www/html/lib/tpl/arcadebasic/main.php:201 see devel:menus should be used instead!
2025-03-04 04:57:04		tpl_action() is deprecated. It was called from include() in /var/www/html/lib/tpl/arcadebasic/main.php:155 see devel:menus should be used instead!
2025-03-04 04:57:04		tpl_actionlink() is deprecated. It was called from tpl_action() in /var/www/html/inc/template.php:712 see devel:menus should be used instead!
2025-03-04 04:57:04		tpl_get_action() is deprecated. It was called from tpl_actionlink() in /var/www/html/inc/template.php:592 see devel:menus should be used instead!
2025-03-04 04:57:04		tpl_action() is deprecated. It was called from include() in /var/www/html/lib/tpl/arcadebasic/main.php:157 see devel:menus should be used instead!
2025-03-04 04:57:04		tpl_actionlink() is deprecated. It was called from tpl_action() in /var/www/html/inc/template.php:712 see devel:menus should be used instead!
2025-03-04 04:57:04		tpl_get_action() is deprecated. It was called from tpl_actionlink() in /var/www/html/inc/template.php:592 see devel:menus should be used instead!
2025-03-04 04:57:04		tpl_action() is deprecated. It was called from include() in /var/www/html/lib/tpl/arcadebasic/main.php:158 see devel:menus should be used instead!
2025-03-04 04:57:04		tpl_actionlink() is deprecated. It was called from tpl_action() in /var/www/html/inc/template.php:712 see devel:menus should be used instead!
2025-03-04 04:57:04		tpl_get_action() is deprecated. It was called from tpl_actionlink() in /var/www/html/inc/template.php:592 see devel:menus should be used instead!
2025-03-04 04:57:04		tpl_action() is deprecated. It was called from include() in /var/www/html/lib/tpl/arcadebasic/main.php:159 see devel:menus should be used instead!
2025-03-04 04:57:04		tpl_actionlink() is deprecated. It was called from tpl_action() in /var/www/html/inc/template.php:712 see devel:menus should be used instead!
2025-03-04 04:57:04		tpl_get_action() is deprecated. It was called from tpl_actionlink() in /var/www/html/inc/template.php:592 see devel:menus should be used instead!
2025-03-04 04:57:04		tpl_action() is deprecated. It was called from include() in /var/www/html/lib/tpl/arcadebasic/main.php:160 see devel:menus should be used instead!
2025-03-04 04:57:04		tpl_actionlink() is deprecated. It was called from tpl_action() in /var/www/html/inc/template.php:712 see devel:menus should be used instead!
2025-03-04 04:57:04		tpl_get_action() is deprecated. It was called from tpl_actionlink() in /var/www/html/inc/template.php:592 see devel:menus should be used instead!
2025-03-04 04:57:04		tpl_toolsevent() is deprecated. It was called from include() in /var/www/html/lib/tpl/arcadebasic/main.php:160 see devel:menus should be used instead!
2025-03-04 04:57:04		tpl_action() is deprecated. It was called from include() in /var/www/html/lib/tpl/arcadebasic/main.php:184 see devel:menus should be used instead!
2025-03-04 04:57:04		tpl_actionlink() is deprecated. It was called from tpl_action() in /var/www/html/inc/template.php:712 see devel:menus should be used instead!
2025-03-04 04:57:04		tpl_get_action() is deprecated. It was called from tpl_actionlink() in /var/www/html/inc/template.php:592 see devel:menus should be used instead!
2025-03-04 04:57:04		tpl_action() is deprecated. It was called from include() in /var/www/html/lib/tpl/arcadebasic/main.php:186 see devel:menus should be used instead!
2025-03-04 04:57:04		tpl_actionlink() is deprecated. It was called from tpl_action() in /var/www/html/inc/template.php:712 see devel:menus should be used instead!
2025-03-04 04:57:04		tpl_get_action() is deprecated. It was called from tpl_actionlink() in /var/www/html/inc/template.php:592 see devel:menus should be used instead!
2025-03-04 04:57:04		tpl_action() is deprecated. It was called from include() in /var/www/html/lib/tpl/arcadebasic/main.php:187 see devel:menus should be used instead!
2025-03-04 04:57:04		tpl_actionlink() is deprecated. It was called from tpl_action() in /var/www/html/inc/template.php:712 see devel:menus should be used instead!
2025-03-04 04:57:04		tpl_get_action() is deprecated. It was called from tpl_actionlink() in /var/www/html/inc/template.php:592 see devel:menus should be used instead!
2025-03-04 04:57:04		tpl_action() is deprecated. It was called from include() in /var/www/html/lib/tpl/arcadebasic/main.php:188 see devel:menus should be used instead!
2025-03-04 04:57:04		tpl_actionlink() is deprecated. It was called from tpl_action() in /var/www/html/inc/template.php:712 see devel:menus should be used instead!
2025-03-04 04:57:04		tpl_get_action() is deprecated. It was called from tpl_actionlink() in /var/www/html/inc/template.php:592 see devel:menus should be used instead!
2025-03-04 04:57:04		tpl_toolsevent() is deprecated. It was called from include() in /var/www/html/lib/tpl/arcadebasic/main.php:188 see devel:menus should be used instead!
2025-03-04 04:57:04		tpl_action() is deprecated. It was called from include() in /var/www/html/lib/tpl/arcadebasic/main.php:199 see devel:menus should be used instead!
2025-03-04 04:57:04		tpl_actionlink() is deprecated. It was called from tpl_action() in /var/www/html/inc/template.php:712 see devel:menus should be used instead!
2025-03-04 04:57:04		tpl_get_action() is deprecated. It was called from tpl_actionlink() in /var/www/html/inc/template.php:592 see devel:menus should be used instead!
2025-03-04 04:57:04		tpl_action() is deprecated. It was called from include() in /var/www/html/lib/tpl/arcadebasic/main.php:200 see devel:menus should be used instead!
2025-03-04 04:57:04		tpl_actionlink() is deprecated. It was called from tpl_action() in /var/www/html/inc/template.php:712 see devel:menus should be used instead!
2025-03-04 04:57:04		tpl_get_action() is deprecated. It was called from tpl_actionlink() in /var/www/html/inc/template.php:592 see devel:menus should be used instead!
2025-03-04 04:57:04		tpl_action() is deprecated. It was called from include() in /var/www/html/lib/tpl/arcadebasic/main.php:201 see devel:menus should be used instead!
2025-03-04 04:57:04		tpl_actionlink() is deprecated. It was called from tpl_action() in /var/www/html/inc/template.php:712 see devel:menus should be used instead!
2025-03-04 04:57:04		tpl_get_action() is deprecated. It was called from tpl_actionlink() in /var/www/html/inc/template.php:592 see devel:menus should be used instead!
2025-03-04 04:57:04		tpl_toolsevent() is deprecated. It was called from include() in /var/www/html/lib/tpl/arcadebasic/main.php:201 see devel:menus should be used instead!
2025-03-04 04:57:16		tpl_action() is deprecated. It was called from include() in /var/www/html/lib/tpl/arcadebasic/main.php:155 see devel:menus should be used instead!
2025-03-04 04:57:16		tpl_actionlink() is deprecated. It was called from tpl_action() in /var/www/html/inc/template.php:712 see devel:menus should be used instead!
2025-03-04 04:57:16		tpl_get_action() is deprecated. It was called from tpl_actionlink() in /var/www/html/inc/template.php:592 see devel:menus should be used instead!
2025-03-04 04:57:16		tpl_action() is deprecated. It was called from include() in /var/www/html/lib/tpl/arcadebasic/main.php:157 see devel:menus should be used instead!
2025-03-04 04:57:16		tpl_actionlink() is deprecated. It was called from tpl_action() in /var/www/html/inc/template.php:712 see devel:menus should be used instead!
2025-03-04 04:57:16		tpl_get_action() is deprecated. It was called from tpl_actionlink() in /var/www/html/inc/template.php:592 see devel:menus should be used instead!
2025-03-04 04:57:16		tpl_action() is deprecated. It was called from include() in /var/www/html/lib/tpl/arcadebasic/main.php:158 see devel:menus should be used instead!
2025-03-04 04:57:16		tpl_actionlink() is deprecated. It was called from tpl_action() in /var/www/html/inc/template.php:712 see devel:menus should be used instead!
2025-03-04 04:57:16		tpl_get_action() is deprecated. It was called from tpl_actionlink() in /var/www/html/inc/template.php:592 see devel:menus should be used instead!
2025-03-04 04:57:16		tpl_action() is deprecated. It was called from include() in /var/www/html/lib/tpl/arcadebasic/main.php:159 see devel:menus should be used instead!
2025-03-04 04:57:16		tpl_actionlink() is deprecated. It was called from tpl_action() in /var/www/html/inc/template.php:712 see devel:menus should be used instead!
2025-03-04 04:57:16		tpl_get_action() is deprecated. It was called from tpl_actionlink() in /var/www/html/inc/template.php:592 see devel:menus should be used instead!
2025-03-04 04:57:16		tpl_action() is deprecated. It was called from include() in /var/www/html/lib/tpl/arcadebasic/main.php:160 see devel:menus should be used instead!
2025-03-04 04:57:16		tpl_actionlink() is deprecated. It was called from tpl_action() in /var/www/html/inc/template.php:712 see devel:menus should be used instead!
2025-03-04 04:57:16		tpl_get_action() is deprecated. It was called from tpl_actionlink() in /var/www/html/inc/template.php:592 see devel:menus should be used instead!
2025-03-04 04:57:16		tpl_toolsevent() is deprecated. It was called from include() in /var/www/html/lib/tpl/arcadebasic/main.php:160 see devel:menus should be used instead!
2025-03-04 04:57:16		tpl_action() is deprecated. It was called from include() in /var/www/html/lib/tpl/arcadebasic/main.php:184 see devel:menus should be used instead!
2025-03-04 04:57:16		tpl_actionlink() is deprecated. It was called from tpl_action() in /var/www/html/inc/template.php:712 see devel:menus should be used instead!
2025-03-04 04:57:16		tpl_get_action() is deprecated. It was called from tpl_actionlink() in /var/www/html/inc/template.php:592 see devel:menus should be used instead!
2025-03-04 04:57:16		tpl_action() is deprecated. It was called from include() in /var/www/html/lib/tpl/arcadebasic/main.php:186 see devel:menus should be used instead!
2025-03-04 04:57:16		tpl_actionlink() is deprecated. It was called from tpl_action() in /var/www/html/inc/template.php:712 see devel:menus should be used instead!
2025-03-04 04:57:16		tpl_get_action() is deprecated. It was called from tpl_actionlink() in /var/www/html/inc/template.php:592 see devel:menus should be used instead!
2025-03-04 04:57:16		tpl_action() is deprecated. It was called from include() in /var/www/html/lib/tpl/arcadebasic/main.php:187 see devel:menus should be used instead!
2025-03-04 04:57:16		tpl_actionlink() is deprecated. It was called from tpl_action() in /var/www/html/inc/template.php:712 see devel:menus should be used instead!
2025-03-04 04:57:16		tpl_get_action() is deprecated. It was called from tpl_actionlink() in /var/www/html/inc/template.php:592 see devel:menus should be used instead!
2025-03-04 04:57:16		tpl_action() is deprecated. It was called from include() in /var/www/html/lib/tpl/arcadebasic/main.php:188 see devel:menus should be used instead!
2025-03-04 04:57:16		tpl_actionlink() is deprecated. It was called from tpl_action() in /var/www/html/inc/template.php:712 see devel:menus should be used instead!
2025-03-04 04:57:16		tpl_get_action() is deprecated. It was called from tpl_actionlink() in /var/www/html/inc/template.php:592 see devel:menus should be used instead!
2025-03-04 04:57:16		tpl_toolsevent() is deprecated. It was called from include() in /var/www/html/lib/tpl/arcadebasic/main.php:188 see devel:menus should be used instead!
2025-03-04 04:57:16		tpl_action() is deprecated. It was called from include() in /var/www/html/lib/tpl/arcadebasic/main.php:199 see devel:menus should be used instead!
2025-03-04 04:57:16		tpl_actionlink() is deprecated. It was called from tpl_action() in /var/www/html/inc/template.php:712 see devel:menus should be used instead!
2025-03-04 04:57:16		tpl_get_action() is deprecated. It was called from tpl_actionlink() in /var/www/html/inc/template.php:592 see devel:menus should be used instead!
2025-03-04 04:57:16		tpl_action() is deprecated. It was called from include() in /var/www/html/lib/tpl/arcadebasic/main.php:200 see devel:menus should be used instead!
2025-03-04 04:57:16		tpl_actionlink() is deprecated. It was called from tpl_action() in /var/www/html/inc/template.php:712 see devel:menus should be used instead!
2025-03-04 04:57:16		tpl_get_action() is deprecated. It was called from tpl_actionlink() in /var/www/html/inc/template.php:592 see devel:menus should be used instead!
2025-03-04 04:57:16		tpl_action() is deprecated. It was called from include() in /var/www/html/lib/tpl/arcadebasic/main.php:201 see devel:menus should be used instead!
2025-03-04 04:57:16		tpl_actionlink() is deprecated. It was called from tpl_action() in /var/www/html/inc/template.php:712 see devel:menus should be used instead!
2025-03-04 04:57:16		tpl_get_action() is deprecated. It was called from tpl_actionlink() in /var/www/html/inc/template.php:592 see devel:menus should be used instead!
2025-03-04 04:57:16		tpl_toolsevent() is deprecated. It was called from include() in /var/www/html/lib/tpl/arcadebasic/main.php:201 see devel:menus should be used instead!
2025-03-04 05:34:06		tpl_action() is deprecated. It was called from include() in /var/www/html/lib/tpl/arcadebasic/main.php:155 see devel:menus should be used instead!
2025-03-04 05:34:06		tpl_actionlink() is deprecated. It was called from tpl_action() in /var/www/html/inc/template.php:712 see devel:menus should be used instead!
2025-03-04 05:34:06		tpl_get_action() is deprecated. It was called from tpl_actionlink() in /var/www/html/inc/template.php:592 see devel:menus should be used instead!
2025-03-04 05:34:06		tpl_action() is deprecated. It was called from include() in /var/www/html/lib/tpl/arcadebasic/main.php:157 see devel:menus should be used instead!
2025-03-04 05:34:06		tpl_actionlink() is deprecated. It was called from tpl_action() in /var/www/html/inc/template.php:712 see devel:menus should be used instead!
2025-03-04 05:34:06		tpl_get_action() is deprecated. It was called from tpl_actionlink() in /var/www/html/inc/template.php:592 see devel:menus should be used instead!
2025-03-04 05:34:06		tpl_action() is deprecated. It was called from include() in /var/www/html/lib/tpl/arcadebasic/main.php:158 see devel:menus should be used instead!
2025-03-04 05:34:06		tpl_actionlink() is deprecated. It was called from tpl_action() in /var/www/html/inc/template.php:712 see devel:menus should be used instead!
2025-03-04 05:34:06		tpl_get_action() is deprecated. It was called from tpl_actionlink() in /var/www/html/inc/template.php:592 see devel:menus should be used instead!
2025-03-04 05:34:06		tpl_action() is deprecated. It was called from include() in /var/www/html/lib/tpl/arcadebasic/main.php:159 see devel:menus should be used instead!
2025-03-04 05:34:06		tpl_actionlink() is deprecated. It was called from tpl_action() in /var/www/html/inc/template.php:712 see devel:menus should be used instead!
2025-03-04 05:34:06		tpl_get_action() is deprecated. It was called from tpl_actionlink() in /var/www/html/inc/template.php:592 see devel:menus should be used instead!
2025-03-04 05:34:06		tpl_action() is deprecated. It was called from include() in /var/www/html/lib/tpl/arcadebasic/main.php:160 see devel:menus should be used instead!
2025-03-04 05:34:06		tpl_actionlink() is deprecated. It was called from tpl_action() in /var/www/html/inc/template.php:712 see devel:menus should be used instead!
2025-03-04 05:34:06		tpl_get_action() is deprecated. It was called from tpl_actionlink() in /var/www/html/inc/template.php:592 see devel:menus should be used instead!
2025-03-04 05:34:06		tpl_toolsevent() is deprecated. It was called from include() in /var/www/html/lib/tpl/arcadebasic/main.php:160 see devel:menus should be used instead!
2025-03-04 05:34:06		tpl_action() is deprecated. It was called from include() in /var/www/html/lib/tpl/arcadebasic/main.php:184 see devel:menus should be used instead!
2025-03-04 05:34:06		tpl_actionlink() is deprecated. It was called from tpl_action() in /var/www/html/inc/template.php:712 see devel:menus should be used instead!
2025-03-04 05:34:06		tpl_get_action() is deprecated. It was called from tpl_actionlink() in /var/www/html/inc/template.php:592 see devel:menus should be used instead!
2025-03-04 05:34:06		tpl_action() is deprecated. It was called from include() in /var/www/html/lib/tpl/arcadebasic/main.php:186 see devel:menus should be used instead!
2025-03-04 05:34:06		tpl_actionlink() is deprecated. It was called from tpl_action() in /var/www/html/inc/template.php:712 see devel:menus should be used instead!
2025-03-04 05:34:06		tpl_get_action() is deprecated. It was called from tpl_actionlink() in /var/www/html/inc/template.php:592 see devel:menus should be used instead!
2025-03-04 05:34:06		tpl_action() is deprecated. It was called from include() in /var/www/html/lib/tpl/arcadebasic/main.php:187 see devel:menus should be used instead!
2025-03-04 05:34:06		tpl_actionlink() is deprecated. It was called from tpl_action() in /var/www/html/inc/template.php:712 see devel:menus should be used instead!
2025-03-04 05:34:06		tpl_get_action() is deprecated. It was called from tpl_actionlink() in /var/www/html/inc/template.php:592 see devel:menus should be used instead!
2025-03-04 05:34:06		tpl_action() is deprecated. It was called from include() in /var/www/html/lib/tpl/arcadebasic/main.php:188 see devel:menus should be used instead!
2025-03-04 05:34:06		tpl_actionlink() is deprecated. It was called from tpl_action() in /var/www/html/inc/template.php:712 see devel:menus should be used instead!
2025-03-04 05:34:06		tpl_get_action() is deprecated. It was called from tpl_actionlink() in /var/www/html/inc/template.php:592 see devel:menus should be used instead!
2025-03-04 05:34:06		tpl_toolsevent() is deprecated. It was called from include() in /var/www/html/lib/tpl/arcadebasic/main.php:188 see devel:menus should be used instead!
2025-03-04 05:34:06		tpl_action() is deprecated. It was called from include() in /var/www/html/lib/tpl/arcadebasic/main.php:199 see devel:menus should be used instead!
2025-03-04 05:34:06		tpl_actionlink() is deprecated. It was called from tpl_action() in /var/www/html/inc/template.php:712 see devel:menus should be used instead!
2025-03-04 05:34:06		tpl_get_action() is deprecated. It was called from tpl_actionlink() in /var/www/html/inc/template.php:592 see devel:menus should be used instead!
2025-03-04 05:34:06		tpl_action() is deprecated. It was called from include() in /var/www/html/lib/tpl/arcadebasic/main.php:200 see devel:menus should be used instead!
2025-03-04 05:34:06		tpl_actionlink() is deprecated. It was called from tpl_action() in /var/www/html/inc/template.php:712 see devel:menus should be used instead!
2025-03-04 05:34:06		tpl_get_action() is deprecated. It was called from tpl_actionlink() in /var/www/html/inc/template.php:592 see devel:menus should be used instead!
2025-03-04 05:34:06		tpl_action() is deprecated. It was called from include() in /var/www/html/lib/tpl/arcadebasic/main.php:201 see devel:menus should be used instead!
2025-03-04 05:34:06		tpl_actionlink() is deprecated. It was called from tpl_action() in /var/www/html/inc/template.php:712 see devel:menus should be used instead!
2025-03-04 05:34:06		tpl_get_action() is deprecated. It was called from tpl_actionlink() in /var/www/html/inc/template.php:592 see devel:menus should be used instead!
2025-03-04 05:34:06		tpl_toolsevent() is deprecated. It was called from include() in /var/www/html/lib/tpl/arcadebasic/main.php:201 see devel:menus should be used instead!
2025-03-04 06:30:26		tpl_action() is deprecated. It was called from include() in /var/www/html/lib/tpl/arcadebasic/main.php:155 see devel:menus should be used instead!
2025-03-04 06:30:26		tpl_actionlink() is deprecated. It was called from tpl_action() in /var/www/html/inc/template.php:712 see devel:menus should be used instead!
2025-03-04 06:30:26		tpl_get_action() is deprecated. It was called from tpl_actionlink() in /var/www/html/inc/template.php:592 see devel:menus should be used instead!
2025-03-04 06:30:26		tpl_action() is deprecated. It was called from include() in /var/www/html/lib/tpl/arcadebasic/main.php:157 see devel:menus should be used instead!
2025-03-04 06:30:26		tpl_actionlink() is deprecated. It was called from tpl_action() in /var/www/html/inc/template.php:712 see devel:menus should be used instead!
2025-03-04 06:30:26		tpl_get_action() is deprecated. It was called from tpl_actionlink() in /var/www/html/inc/template.php:592 see devel:menus should be used instead!
2025-03-04 06:30:26		tpl_action() is deprecated. It was called from include() in /var/www/html/lib/tpl/arcadebasic/main.php:158 see devel:menus should be used instead!
2025-03-04 06:30:26		tpl_actionlink() is deprecated. It was called from tpl_action() in /var/www/html/inc/template.php:712 see devel:menus should be used instead!
2025-03-04 06:30:26		tpl_get_action() is deprecated. It was called from tpl_actionlink() in /var/www/html/inc/template.php:592 see devel:menus should be used instead!
2025-03-04 06:30:26		tpl_action() is deprecated. It was called from include() in /var/www/html/lib/tpl/arcadebasic/main.php:159 see devel:menus should be used instead!
2025-03-04 06:30:26		tpl_actionlink() is deprecated. It was called from tpl_action() in /var/www/html/inc/template.php:712 see devel:menus should be used instead!
2025-03-04 06:30:26		tpl_get_action() is deprecated. It was called from tpl_actionlink() in /var/www/html/inc/template.php:592 see devel:menus should be used instead!
2025-03-04 06:30:26		tpl_action() is deprecated. It was called from include() in /var/www/html/lib/tpl/arcadebasic/main.php:160 see devel:menus should be used instead!
2025-03-04 06:30:26		tpl_actionlink() is deprecated. It was called from tpl_action() in /var/www/html/inc/template.php:712 see devel:menus should be used instead!
2025-03-04 06:30:26		tpl_get_action() is deprecated. It was called from tpl_actionlink() in /var/www/html/inc/template.php:592 see devel:menus should be used instead!
2025-03-04 06:30:26		tpl_toolsevent() is deprecated. It was called from include() in /var/www/html/lib/tpl/arcadebasic/main.php:160 see devel:menus should be used instead!
2025-03-04 06:30:26		tpl_action() is deprecated. It was called from include() in /var/www/html/lib/tpl/arcadebasic/main.php:184 see devel:menus should be used instead!
2025-03-04 06:30:26		tpl_actionlink() is deprecated. It was called from tpl_action() in /var/www/html/inc/template.php:712 see devel:menus should be used instead!
2025-03-04 06:30:26		tpl_get_action() is deprecated. It was called from tpl_actionlink() in /var/www/html/inc/template.php:592 see devel:menus should be used instead!
2025-03-04 06:30:26		tpl_action() is deprecated. It was called from include() in /var/www/html/lib/tpl/arcadebasic/main.php:186 see devel:menus should be used instead!
2025-03-04 06:30:26		tpl_actionlink() is deprecated. It was called from tpl_action() in /var/www/html/inc/template.php:712 see devel:menus should be used instead!
2025-03-04 06:30:26		tpl_get_action() is deprecated. It was called from tpl_actionlink() in /var/www/html/inc/template.php:592 see devel:menus should be used instead!
2025-03-04 06:30:26		tpl_action() is deprecated. It was called from include() in /var/www/html/lib/tpl/arcadebasic/main.php:187 see devel:menus should be used instead!
2025-03-04 06:30:26		tpl_actionlink() is deprecated. It was called from tpl_action() in /var/www/html/inc/template.php:712 see devel:menus should be used instead!
2025-03-04 06:30:26		tpl_get_action() is deprecated. It was called from tpl_actionlink() in /var/www/html/inc/template.php:592 see devel:menus should be used instead!
2025-03-04 06:30:26		tpl_action() is deprecated. It was called from include() in /var/www/html/lib/tpl/arcadebasic/main.php:188 see devel:menus should be used instead!
2025-03-04 06:30:26		tpl_actionlink() is deprecated. It was called from tpl_action() in /var/www/html/inc/template.php:712 see devel:menus should be used instead!
2025-03-04 06:30:26		tpl_get_action() is deprecated. It was called from tpl_actionlink() in /var/www/html/inc/template.php:592 see devel:menus should be used instead!
2025-03-04 06:30:26		tpl_toolsevent() is deprecated. It was called from include() in /var/www/html/lib/tpl/arcadebasic/main.php:188 see devel:menus should be used instead!
2025-03-04 06:30:26		tpl_action() is deprecated. It was called from include() in /var/www/html/lib/tpl/arcadebasic/main.php:199 see devel:menus should be used instead!
2025-03-04 06:30:26		tpl_actionlink() is deprecated. It was called from tpl_action() in /var/www/html/inc/template.php:712 see devel:menus should be used instead!
2025-03-04 06:30:26		tpl_get_action() is deprecated. It was called from tpl_actionlink() in /var/www/html/inc/template.php:592 see devel:menus should be used instead!
2025-03-04 06:30:26		tpl_action() is deprecated. It was called from include() in /var/www/html/lib/tpl/arcadebasic/main.php:200 see devel:menus should be used instead!
2025-03-04 06:30:26		tpl_actionlink() is deprecated. It was called from tpl_action() in /var/www/html/inc/template.php:712 see devel:menus should be used instead!
2025-03-04 06:30:26		tpl_get_action() is deprecated. It was called from tpl_actionlink() in /var/www/html/inc/template.php:592 see devel:menus should be used instead!
2025-03-04 06:30:26		tpl_action() is deprecated. It was called from include() in /var/www/html/lib/tpl/arcadebasic/main.php:201 see devel:menus should be used instead!
2025-03-04 06:30:26		tpl_actionlink() is deprecated. It was called from tpl_action() in /var/www/html/inc/template.php:712 see devel:menus should be used instead!
2025-03-04 06:30:26		tpl_get_action() is deprecated. It was called from tpl_actionlink() in /var/www/html/inc/template.php:592 see devel:menus should be used instead!
2025-03-04 06:30:26		tpl_toolsevent() is deprecated. It was called from include() in /var/www/html/lib/tpl/arcadebasic/main.php:201 see devel:menus should be used instead!
2025-03-04 10:26:20		tpl_action() is deprecated. It was called from include() in /var/www/html/lib/tpl/arcadebasic/main.php:155 see devel:menus should be used instead!
2025-03-04 10:26:20		tpl_actionlink() is deprecated. It was called from tpl_action() in /var/www/html/inc/template.php:712 see devel:menus should be used instead!
2025-03-04 10:26:20		tpl_get_action() is deprecated. It was called from tpl_actionlink() in /var/www/html/inc/template.php:592 see devel:menus should be used instead!
2025-03-04 10:26:20		tpl_action() is deprecated. It was called from include() in /var/www/html/lib/tpl/arcadebasic/main.php:157 see devel:menus should be used instead!
2025-03-04 10:26:20		tpl_actionlink() is deprecated. It was called from tpl_action() in /var/www/html/inc/template.php:712 see devel:menus should be used instead!
2025-03-04 10:26:20		tpl_get_action() is deprecated. It was called from tpl_actionlink() in /var/www/html/inc/template.php:592 see devel:menus should be used instead!
2025-03-04 10:26:20		tpl_action() is deprecated. It was called from include() in /var/www/html/lib/tpl/arcadebasic/main.php:158 see devel:menus should be used instead!
2025-03-04 10:26:20		tpl_actionlink() is deprecated. It was called from tpl_action() in /var/www/html/inc/template.php:712 see devel:menus should be used instead!
2025-03-04 10:26:20		tpl_get_action() is deprecated. It was called from tpl_actionlink() in /var/www/html/inc/template.php:592 see devel:menus should be used instead!
2025-03-04 10:26:20		tpl_action() is deprecated. It was called from include() in /var/www/html/lib/tpl/arcadebasic/main.php:159 see devel:menus should be used instead!
2025-03-04 10:26:20		tpl_actionlink() is deprecated. It was called from tpl_action() in /var/www/html/inc/template.php:712 see devel:menus should be used instead!
2025-03-04 10:26:20		tpl_get_action() is deprecated. It was called from tpl_actionlink() in /var/www/html/inc/template.php:592 see devel:menus should be used instead!
2025-03-04 10:26:20		tpl_action() is deprecated. It was called from include() in /var/www/html/lib/tpl/arcadebasic/main.php:160 see devel:menus should be used instead!
2025-03-04 10:26:20		tpl_actionlink() is deprecated. It was called from tpl_action() in /var/www/html/inc/template.php:712 see devel:menus should be used instead!
2025-03-04 10:26:20		tpl_get_action() is deprecated. It was called from tpl_actionlink() in /var/www/html/inc/template.php:592 see devel:menus should be used instead!
2025-03-04 10:26:20		tpl_toolsevent() is deprecated. It was called from include() in /var/www/html/lib/tpl/arcadebasic/main.php:160 see devel:menus should be used instead!
2025-03-04 10:26:20		tpl_action() is deprecated. It was called from include() in /var/www/html/lib/tpl/arcadebasic/main.php:184 see devel:menus should be used instead!
2025-03-04 10:26:20		tpl_actionlink() is deprecated. It was called from tpl_action() in /var/www/html/inc/template.php:712 see devel:menus should be used instead!
2025-03-04 10:26:20		tpl_get_action() is deprecated. It was called from tpl_actionlink() in /var/www/html/inc/template.php:592 see devel:menus should be used instead!
2025-03-04 10:26:20		tpl_action() is deprecated. It was called from include() in /var/www/html/lib/tpl/arcadebasic/main.php:186 see devel:menus should be used instead!
2025-03-04 10:26:20		tpl_actionlink() is deprecated. It was called from tpl_action() in /var/www/html/inc/template.php:712 see devel:menus should be used instead!
2025-03-04 10:26:20		tpl_get_action() is deprecated. It was called from tpl_actionlink() in /var/www/html/inc/template.php:592 see devel:menus should be used instead!
2025-03-04 10:26:20		tpl_action() is deprecated. It was called from include() in /var/www/html/lib/tpl/arcadebasic/main.php:187 see devel:menus should be used instead!
2025-03-04 10:26:20		tpl_actionlink() is deprecated. It was called from tpl_action() in /var/www/html/inc/template.php:712 see devel:menus should be used instead!
2025-03-04 10:26:20		tpl_get_action() is deprecated. It was called from tpl_actionlink() in /var/www/html/inc/template.php:592 see devel:menus should be used instead!
2025-03-04 10:26:20		tpl_action() is deprecated. It was called from include() in /var/www/html/lib/tpl/arcadebasic/main.php:188 see devel:menus should be used instead!
2025-03-04 10:26:20		tpl_actionlink() is deprecated. It was called from tpl_action() in /var/www/html/inc/template.php:712 see devel:menus should be used instead!
2025-03-04 10:26:20		tpl_get_action() is deprecated. It was called from tpl_actionlink() in /var/www/html/inc/template.php:592 see devel:menus should be used instead!
2025-03-04 10:26:20		tpl_toolsevent() is deprecated. It was called from include() in /var/www/html/lib/tpl/arcadebasic/main.php:188 see devel:menus should be used instead!
2025-03-04 10:26:20		tpl_action() is deprecated. It was called from include() in /var/www/html/lib/tpl/arcadebasic/main.php:199 see devel:menus should be used instead!
2025-03-04 10:26:20		tpl_actionlink() is deprecated. It was called from tpl_action() in /var/www/html/inc/template.php:712 see devel:menus should be used instead!
2025-03-04 10:26:20		tpl_get_action() is deprecated. It was called from tpl_actionlink() in /var/www/html/inc/template.php:592 see devel:menus should be used instead!
2025-03-04 10:26:20		tpl_action() is deprecated. It was called from include() in /var/www/html/lib/tpl/arcadebasic/main.php:200 see devel:menus should be used instead!
2025-03-04 10:26:20		tpl_actionlink() is deprecated. It was called from tpl_action() in /var/www/html/inc/template.php:712 see devel:menus should be used instead!
2025-03-04 10:26:20		tpl_get_action() is deprecated. It was called from tpl_actionlink() in /var/www/html/inc/template.php:592 see devel:menus should be used instead!
2025-03-04 10:26:20		tpl_action() is deprecated. It was called from include() in /var/www/html/lib/tpl/arcadebasic/main.php:201 see devel:menus should be used instead!
2025-03-04 10:26:20		tpl_actionlink() is deprecated. It was called from tpl_action() in /var/www/html/inc/template.php:712 see devel:menus should be used instead!
2025-03-04 10:26:20		tpl_get_action() is deprecated. It was called from tpl_actionlink() in /var/www/html/inc/template.php:592 see devel:menus should be used instead!
2025-03-04 10:26:20		tpl_toolsevent() is deprecated. It was called from include() in /var/www/html/lib/tpl/arcadebasic/main.php:201 see devel:menus should be used instead!
2025-03-04 10:33:42		tpl_action() is deprecated. It was called from include() in /var/www/html/lib/tpl/arcadebasic/main.php:155 see devel:menus should be used instead!
2025-03-04 10:33:42		tpl_actionlink() is deprecated. It was called from tpl_action() in /var/www/html/inc/template.php:712 see devel:menus should be used instead!
2025-03-04 10:33:42		tpl_get_action() is deprecated. It was called from tpl_actionlink() in /var/www/html/inc/template.php:592 see devel:menus should be used instead!
2025-03-04 10:33:42		tpl_action() is deprecated. It was called from include() in /var/www/html/lib/tpl/arcadebasic/main.php:157 see devel:menus should be used instead!
2025-03-04 10:33:42		tpl_actionlink() is deprecated. It was called from tpl_action() in /var/www/html/inc/template.php:712 see devel:menus should be used instead!
2025-03-04 10:33:42		tpl_get_action() is deprecated. It was called from tpl_actionlink() in /var/www/html/inc/template.php:592 see devel:menus should be used instead!
2025-03-04 10:33:42		tpl_action() is deprecated. It was called from include() in /var/www/html/lib/tpl/arcadebasic/main.php:158 see devel:menus should be used instead!
2025-03-04 10:33:42		tpl_actionlink() is deprecated. It was called from tpl_action() in /var/www/html/inc/template.php:712 see devel:menus should be used instead!
2025-03-04 10:33:42		tpl_get_action() is deprecated. It was called from tpl_actionlink() in /var/www/html/inc/template.php:592 see devel:menus should be used instead!
2025-03-04 10:33:42		tpl_action() is deprecated. It was called from include() in /var/www/html/lib/tpl/arcadebasic/main.php:159 see devel:menus should be used instead!
2025-03-04 10:33:42		tpl_actionlink() is deprecated. It was called from tpl_action() in /var/www/html/inc/template.php:712 see devel:menus should be used instead!
2025-03-04 10:33:42		tpl_get_action() is deprecated. It was called from tpl_actionlink() in /var/www/html/inc/template.php:592 see devel:menus should be used instead!
2025-03-04 10:33:42		tpl_action() is deprecated. It was called from include() in /var/www/html/lib/tpl/arcadebasic/main.php:160 see devel:menus should be used instead!
2025-03-04 10:33:42		tpl_actionlink() is deprecated. It was called from tpl_action() in /var/www/html/inc/template.php:712 see devel:menus should be used instead!
2025-03-04 10:33:42		tpl_get_action() is deprecated. It was called from tpl_actionlink() in /var/www/html/inc/template.php:592 see devel:menus should be used instead!
2025-03-04 10:33:42		tpl_toolsevent() is deprecated. It was called from include() in /var/www/html/lib/tpl/arcadebasic/main.php:160 see devel:menus should be used instead!
2025-03-04 10:33:42		tpl_action() is deprecated. It was called from include() in /var/www/html/lib/tpl/arcadebasic/main.php:184 see devel:menus should be used instead!
2025-03-04 10:33:42		tpl_actionlink() is deprecated. It was called from tpl_action() in /var/www/html/inc/template.php:712 see devel:menus should be used instead!
2025-03-04 10:33:42		tpl_get_action() is deprecated. It was called from tpl_actionlink() in /var/www/html/inc/template.php:592 see devel:menus should be used instead!
2025-03-04 10:33:42		tpl_action() is deprecated. It was called from include() in /var/www/html/lib/tpl/arcadebasic/main.php:186 see devel:menus should be used instead!
2025-03-04 10:33:42		tpl_actionlink() is deprecated. It was called from tpl_action() in /var/www/html/inc/template.php:712 see devel:menus should be used instead!
2025-03-04 10:33:42		tpl_get_action() is deprecated. It was called from tpl_actionlink() in /var/www/html/inc/template.php:592 see devel:menus should be used instead!
2025-03-04 10:33:42		tpl_action() is deprecated. It was called from include() in /var/www/html/lib/tpl/arcadebasic/main.php:187 see devel:menus should be used instead!
2025-03-04 10:33:42		tpl_actionlink() is deprecated. It was called from tpl_action() in /var/www/html/inc/template.php:712 see devel:menus should be used instead!
2025-03-04 10:33:42		tpl_get_action() is deprecated. It was called from tpl_actionlink() in /var/www/html/inc/template.php:592 see devel:menus should be used instead!
2025-03-04 10:33:42		tpl_action() is deprecated. It was called from include() in /var/www/html/lib/tpl/arcadebasic/main.php:188 see devel:menus should be used instead!
2025-03-04 10:33:42		tpl_actionlink() is deprecated. It was called from tpl_action() in /var/www/html/inc/template.php:712 see devel:menus should be used instead!
2025-03-04 10:33:42		tpl_get_action() is deprecated. It was called from tpl_actionlink() in /var/www/html/inc/template.php:592 see devel:menus should be used instead!
2025-03-04 10:33:42		tpl_toolsevent() is deprecated. It was called from include() in /var/www/html/lib/tpl/arcadebasic/main.php:188 see devel:menus should be used instead!
2025-03-04 10:33:42		tpl_action() is deprecated. It was called from include() in /var/www/html/lib/tpl/arcadebasic/main.php:199 see devel:menus should be used instead!
2025-03-04 10:33:42		tpl_actionlink() is deprecated. It was called from tpl_action() in /var/www/html/inc/template.php:712 see devel:menus should be used instead!
2025-03-04 10:33:42		tpl_get_action() is deprecated. It was called from tpl_actionlink() in /var/www/html/inc/template.php:592 see devel:menus should be used instead!
2025-03-04 10:33:42		tpl_action() is deprecated. It was called from include() in /var/www/html/lib/tpl/arcadebasic/main.php:200 see devel:menus should be used instead!
2025-03-04 10:33:42		tpl_actionlink() is deprecated. It was called from tpl_action() in /var/www/html/inc/template.php:712 see devel:menus should be used instead!
2025-03-04 10:33:42		tpl_get_action() is deprecated. It was called from tpl_actionlink() in /var/www/html/inc/template.php:592 see devel:menus should be used instead!
2025-03-04 10:33:42		tpl_action() is deprecated. It was called from include() in /var/www/html/lib/tpl/arcadebasic/main.php:201 see devel:menus should be used instead!
2025-03-04 10:33:42		tpl_actionlink() is deprecated. It was called from tpl_action() in /var/www/html/inc/template.php:712 see devel:menus should be used instead!
2025-03-04 10:33:42		tpl_get_action() is deprecated. It was called from tpl_actionlink() in /var/www/html/inc/template.php:592 see devel:menus should be used instead!
2025-03-04 10:33:42		tpl_toolsevent() is deprecated. It was called from include() in /var/www/html/lib/tpl/arcadebasic/main.php:201 see devel:menus should be used instead!
2025-03-04 10:33:50		require_once() is deprecated. It was called from require() in /var/www/html/lib/plugins/imagebox/syntax.php:9 Autoloading should be used instead!
2025-03-04 11:40:26		tpl_action() is deprecated. It was called from include() in /var/www/html/lib/tpl/arcadebasic/main.php:155 see devel:menus should be used instead!
2025-03-04 11:40:26		tpl_actionlink() is deprecated. It was called from tpl_action() in /var/www/html/inc/template.php:712 see devel:menus should be used instead!
2025-03-04 11:40:26		tpl_get_action() is deprecated. It was called from tpl_actionlink() in /var/www/html/inc/template.php:592 see devel:menus should be used instead!
2025-03-04 11:40:26		tpl_action() is deprecated. It was called from include() in /var/www/html/lib/tpl/arcadebasic/main.php:157 see devel:menus should be used instead!
2025-03-04 11:40:26		tpl_actionlink() is deprecated. It was called from tpl_action() in /var/www/html/inc/template.php:712 see devel:menus should be used instead!
2025-03-04 11:40:26		tpl_get_action() is deprecated. It was called from tpl_actionlink() in /var/www/html/inc/template.php:592 see devel:menus should be used instead!
2025-03-04 11:40:26		tpl_action() is deprecated. It was called from include() in /var/www/html/lib/tpl/arcadebasic/main.php:158 see devel:menus should be used instead!
2025-03-04 11:40:26		tpl_actionlink() is deprecated. It was called from tpl_action() in /var/www/html/inc/template.php:712 see devel:menus should be used instead!
2025-03-04 11:40:26		tpl_get_action() is deprecated. It was called from tpl_actionlink() in /var/www/html/inc/template.php:592 see devel:menus should be used instead!
2025-03-04 11:40:26		tpl_action() is deprecated. It was called from include() in /var/www/html/lib/tpl/arcadebasic/main.php:159 see devel:menus should be used instead!
2025-03-04 11:40:26		tpl_actionlink() is deprecated. It was called from tpl_action() in /var/www/html/inc/template.php:712 see devel:menus should be used instead!
2025-03-04 11:40:26		tpl_get_action() is deprecated. It was called from tpl_actionlink() in /var/www/html/inc/template.php:592 see devel:menus should be used instead!
2025-03-04 11:40:26		tpl_action() is deprecated. It was called from include() in /var/www/html/lib/tpl/arcadebasic/main.php:160 see devel:menus should be used instead!
2025-03-04 11:40:26		tpl_actionlink() is deprecated. It was called from tpl_action() in /var/www/html/inc/template.php:712 see devel:menus should be used instead!
2025-03-04 11:40:26		tpl_get_action() is deprecated. It was called from tpl_actionlink() in /var/www/html/inc/template.php:592 see devel:menus should be used instead!
2025-03-04 11:40:26		tpl_toolsevent() is deprecated. It was called from include() in /var/www/html/lib/tpl/arcadebasic/main.php:160 see devel:menus should be used instead!
2025-03-04 11:40:26		tpl_action() is deprecated. It was called from include() in /var/www/html/lib/tpl/arcadebasic/main.php:184 see devel:menus should be used instead!
2025-03-04 11:40:26		tpl_actionlink() is deprecated. It was called from tpl_action() in /var/www/html/inc/template.php:712 see devel:menus should be used instead!
2025-03-04 11:40:26		tpl_get_action() is deprecated. It was called from tpl_actionlink() in /var/www/html/inc/template.php:592 see devel:menus should be used instead!
2025-03-04 11:40:26		tpl_action() is deprecated. It was called from include() in /var/www/html/lib/tpl/arcadebasic/main.php:186 see devel:menus should be used instead!
2025-03-04 11:40:26		tpl_actionlink() is deprecated. It was called from tpl_action() in /var/www/html/inc/template.php:712 see devel:menus should be used instead!
2025-03-04 11:40:26		tpl_get_action() is deprecated. It was called from tpl_actionlink() in /var/www/html/inc/template.php:592 see devel:menus should be used instead!
2025-03-04 11:40:26		tpl_action() is deprecated. It was called from include() in /var/www/html/lib/tpl/arcadebasic/main.php:187 see devel:menus should be used instead!
2025-03-04 11:40:26		tpl_actionlink() is deprecated. It was called from tpl_action() in /var/www/html/inc/template.php:712 see devel:menus should be used instead!
2025-03-04 11:40:26		tpl_get_action() is deprecated. It was called from tpl_actionlink() in /var/www/html/inc/template.php:592 see devel:menus should be used instead!
2025-03-04 11:40:26		tpl_action() is deprecated. It was called from include() in /var/www/html/lib/tpl/arcadebasic/main.php:188 see devel:menus should be used instead!
2025-03-04 11:40:26		tpl_actionlink() is deprecated. It was called from tpl_action() in /var/www/html/inc/template.php:712 see devel:menus should be used instead!
2025-03-04 11:40:26		tpl_get_action() is deprecated. It was called from tpl_actionlink() in /var/www/html/inc/template.php:592 see devel:menus should be used instead!
2025-03-04 11:40:26		tpl_toolsevent() is deprecated. It was called from include() in /var/www/html/lib/tpl/arcadebasic/main.php:188 see devel:menus should be used instead!
2025-03-04 11:40:26		tpl_action() is deprecated. It was called from include() in /var/www/html/lib/tpl/arcadebasic/main.php:199 see devel:menus should be used instead!
2025-03-04 11:40:26		tpl_actionlink() is deprecated. It was called from tpl_action() in /var/www/html/inc/template.php:712 see devel:menus should be used instead!
2025-03-04 11:40:26		tpl_get_action() is deprecated. It was called from tpl_actionlink() in /var/www/html/inc/template.php:592 see devel:menus should be used instead!
2025-03-04 11:40:26		tpl_action() is deprecated. It was called from include() in /var/www/html/lib/tpl/arcadebasic/main.php:200 see devel:menus should be used instead!
2025-03-04 11:40:26		tpl_actionlink() is deprecated. It was called from tpl_action() in /var/www/html/inc/template.php:712 see devel:menus should be used instead!
2025-03-04 11:40:26		tpl_get_action() is deprecated. It was called from tpl_actionlink() in /var/www/html/inc/template.php:592 see devel:menus should be used instead!
2025-03-04 11:40:26		tpl_action() is deprecated. It was called from include() in /var/www/html/lib/tpl/arcadebasic/main.php:201 see devel:menus should be used instead!
2025-03-04 11:40:26		tpl_actionlink() is deprecated. It was called from tpl_action() in /var/www/html/inc/template.php:712 see devel:menus should be used instead!
2025-03-04 11:40:26		tpl_get_action() is deprecated. It was called from tpl_actionlink() in /var/www/html/inc/template.php:592 see devel:menus should be used instead!
2025-03-04 11:40:26		tpl_toolsevent() is deprecated. It was called from include() in /var/www/html/lib/tpl/arcadebasic/main.php:201 see devel:menus should be used instead!
2025-03-04 11:58:53		tpl_action() is deprecated. It was called from include() in /var/www/html/lib/tpl/arcadebasic/main.php:155 see devel:menus should be used instead!
2025-03-04 11:58:53		tpl_actionlink() is deprecated. It was called from tpl_action() in /var/www/html/inc/template.php:712 see devel:menus should be used instead!
2025-03-04 11:58:53		tpl_get_action() is deprecated. It was called from tpl_actionlink() in /var/www/html/inc/template.php:592 see devel:menus should be used instead!
2025-03-04 11:58:53		tpl_action() is deprecated. It was called from include() in /var/www/html/lib/tpl/arcadebasic/main.php:157 see devel:menus should be used instead!
2025-03-04 11:58:53		tpl_actionlink() is deprecated. It was called from tpl_action() in /var/www/html/inc/template.php:712 see devel:menus should be used instead!
2025-03-04 11:58:53		tpl_get_action() is deprecated. It was called from tpl_actionlink() in /var/www/html/inc/template.php:592 see devel:menus should be used instead!
2025-03-04 11:58:53		tpl_action() is deprecated. It was called from include() in /var/www/html/lib/tpl/arcadebasic/main.php:158 see devel:menus should be used instead!
2025-03-04 11:58:53		tpl_actionlink() is deprecated. It was called from tpl_action() in /var/www/html/inc/template.php:712 see devel:menus should be used instead!
2025-03-04 11:58:53		tpl_get_action() is deprecated. It was called from tpl_actionlink() in /var/www/html/inc/template.php:592 see devel:menus should be used instead!
2025-03-04 11:58:53		tpl_action() is deprecated. It was called from include() in /var/www/html/lib/tpl/arcadebasic/main.php:159 see devel:menus should be used instead!
2025-03-04 11:58:53		tpl_actionlink() is deprecated. It was called from tpl_action() in /var/www/html/inc/template.php:712 see devel:menus should be used instead!
2025-03-04 11:58:53		tpl_get_action() is deprecated. It was called from tpl_actionlink() in /var/www/html/inc/template.php:592 see devel:menus should be used instead!
2025-03-04 11:58:53		tpl_action() is deprecated. It was called from include() in /var/www/html/lib/tpl/arcadebasic/main.php:160 see devel:menus should be used instead!
2025-03-04 11:58:53		tpl_actionlink() is deprecated. It was called from tpl_action() in /var/www/html/inc/template.php:712 see devel:menus should be used instead!
2025-03-04 11:58:53		tpl_get_action() is deprecated. It was called from tpl_actionlink() in /var/www/html/inc/template.php:592 see devel:menus should be used instead!
2025-03-04 11:58:53		tpl_toolsevent() is deprecated. It was called from include() in /var/www/html/lib/tpl/arcadebasic/main.php:160 see devel:menus should be used instead!
2025-03-04 11:58:53		tpl_action() is deprecated. It was called from include() in /var/www/html/lib/tpl/arcadebasic/main.php:184 see devel:menus should be used instead!
2025-03-04 11:58:53		tpl_actionlink() is deprecated. It was called from tpl_action() in /var/www/html/inc/template.php:712 see devel:menus should be used instead!
2025-03-04 11:58:53		tpl_get_action() is deprecated. It was called from tpl_actionlink() in /var/www/html/inc/template.php:592 see devel:menus should be used instead!
2025-03-04 11:58:53		tpl_action() is deprecated. It was called from include() in /var/www/html/lib/tpl/arcadebasic/main.php:186 see devel:menus should be used instead!
2025-03-04 11:58:53		tpl_actionlink() is deprecated. It was called from tpl_action() in /var/www/html/inc/template.php:712 see devel:menus should be used instead!
2025-03-04 11:58:53		tpl_get_action() is deprecated. It was called from tpl_actionlink() in /var/www/html/inc/template.php:592 see devel:menus should be used instead!
2025-03-04 11:58:53		tpl_action() is deprecated. It was called from include() in /var/www/html/lib/tpl/arcadebasic/main.php:187 see devel:menus should be used instead!
2025-03-04 11:58:53		tpl_actionlink() is deprecated. It was called from tpl_action() in /var/www/html/inc/template.php:712 see devel:menus should be used instead!
2025-03-04 11:58:53		tpl_get_action() is deprecated. It was called from tpl_actionlink() in /var/www/html/inc/template.php:592 see devel:menus should be used instead!
2025-03-04 11:58:53		tpl_action() is deprecated. It was called from include() in /var/www/html/lib/tpl/arcadebasic/main.php:188 see devel:menus should be used instead!
2025-03-04 11:58:53		tpl_actionlink() is deprecated. It was called from tpl_action() in /var/www/html/inc/template.php:712 see devel:menus should be used instead!
2025-03-04 11:58:53		tpl_get_action() is deprecated. It was called from tpl_actionlink() in /var/www/html/inc/template.php:592 see devel:menus should be used instead!
2025-03-04 11:58:53		tpl_toolsevent() is deprecated. It was called from include() in /var/www/html/lib/tpl/arcadebasic/main.php:188 see devel:menus should be used instead!
2025-03-04 11:58:53		tpl_action() is deprecated. It was called from include() in /var/www/html/lib/tpl/arcadebasic/main.php:199 see devel:menus should be used instead!
2025-03-04 11:58:53		tpl_actionlink() is deprecated. It was called from tpl_action() in /var/www/html/inc/template.php:712 see devel:menus should be used instead!
2025-03-04 11:58:53		tpl_get_action() is deprecated. It was called from tpl_actionlink() in /var/www/html/inc/template.php:592 see devel:menus should be used instead!
2025-03-04 11:58:53		tpl_action() is deprecated. It was called from include() in /var/www/html/lib/tpl/arcadebasic/main.php:200 see devel:menus should be used instead!
2025-03-04 11:58:53		tpl_actionlink() is deprecated. It was called from tpl_action() in /var/www/html/inc/template.php:712 see devel:menus should be used instead!
2025-03-04 11:58:53		tpl_get_action() is deprecated. It was called from tpl_actionlink() in /var/www/html/inc/template.php:592 see devel:menus should be used instead!
2025-03-04 11:58:53		tpl_action() is deprecated. It was called from include() in /var/www/html/lib/tpl/arcadebasic/main.php:201 see devel:menus should be used instead!
2025-03-04 11:58:53		tpl_actionlink() is deprecated. It was called from tpl_action() in /var/www/html/inc/template.php:712 see devel:menus should be used instead!
2025-03-04 11:58:53		tpl_get_action() is deprecated. It was called from tpl_actionlink() in /var/www/html/inc/template.php:592 see devel:menus should be used instead!
2025-03-04 11:58:53		tpl_toolsevent() is deprecated. It was called from include() in /var/www/html/lib/tpl/arcadebasic/main.php:201 see devel:menus should be used instead!
2025-03-04 12:47:00		tpl_action() is deprecated. It was called from include() in /var/www/html/lib/tpl/arcadebasic/main.php:155 see devel:menus should be used instead!
2025-03-04 12:47:00		tpl_actionlink() is deprecated. It was called from tpl_action() in /var/www/html/inc/template.php:712 see devel:menus should be used instead!
2025-03-04 12:47:00		tpl_get_action() is deprecated. It was called from tpl_actionlink() in /var/www/html/inc/template.php:592 see devel:menus should be used instead!
2025-03-04 12:47:00		tpl_action() is deprecated. It was called from include() in /var/www/html/lib/tpl/arcadebasic/main.php:157 see devel:menus should be used instead!
2025-03-04 12:47:00		tpl_actionlink() is deprecated. It was called from tpl_action() in /var/www/html/inc/template.php:712 see devel:menus should be used instead!
2025-03-04 12:47:00		tpl_get_action() is deprecated. It was called from tpl_actionlink() in /var/www/html/inc/template.php:592 see devel:menus should be used instead!
2025-03-04 12:47:00		tpl_action() is deprecated. It was called from include() in /var/www/html/lib/tpl/arcadebasic/main.php:158 see devel:menus should be used instead!
2025-03-04 12:47:00		tpl_actionlink() is deprecated. It was called from tpl_action() in /var/www/html/inc/template.php:712 see devel:menus should be used instead!
2025-03-04 12:47:00		tpl_get_action() is deprecated. It was called from tpl_actionlink() in /var/www/html/inc/template.php:592 see devel:menus should be used instead!
2025-03-04 12:47:00		tpl_action() is deprecated. It was called from include() in /var/www/html/lib/tpl/arcadebasic/main.php:159 see devel:menus should be used instead!
2025-03-04 12:47:00		tpl_actionlink() is deprecated. It was called from tpl_action() in /var/www/html/inc/template.php:712 see devel:menus should be used instead!
2025-03-04 12:47:00		tpl_get_action() is deprecated. It was called from tpl_actionlink() in /var/www/html/inc/template.php:592 see devel:menus should be used instead!
2025-03-04 12:47:00		tpl_action() is deprecated. It was called from include() in /var/www/html/lib/tpl/arcadebasic/main.php:160 see devel:menus should be used instead!
2025-03-04 12:47:00		tpl_actionlink() is deprecated. It was called from tpl_action() in /var/www/html/inc/template.php:712 see devel:menus should be used instead!
2025-03-04 12:47:00		tpl_get_action() is deprecated. It was called from tpl_actionlink() in /var/www/html/inc/template.php:592 see devel:menus should be used instead!
2025-03-04 12:47:00		tpl_toolsevent() is deprecated. It was called from include() in /var/www/html/lib/tpl/arcadebasic/main.php:160 see devel:menus should be used instead!
2025-03-04 12:47:00		tpl_action() is deprecated. It was called from include() in /var/www/html/lib/tpl/arcadebasic/main.php:184 see devel:menus should be used instead!
2025-03-04 12:47:00		tpl_actionlink() is deprecated. It was called from tpl_action() in /var/www/html/inc/template.php:712 see devel:menus should be used instead!
2025-03-04 12:47:00		tpl_get_action() is deprecated. It was called from tpl_actionlink() in /var/www/html/inc/template.php:592 see devel:menus should be used instead!
2025-03-04 12:47:00		tpl_action() is deprecated. It was called from include() in /var/www/html/lib/tpl/arcadebasic/main.php:186 see devel:menus should be used instead!
2025-03-04 12:47:00		tpl_actionlink() is deprecated. It was called from tpl_action() in /var/www/html/inc/template.php:712 see devel:menus should be used instead!
2025-03-04 12:47:00		tpl_get_action() is deprecated. It was called from tpl_actionlink() in /var/www/html/inc/template.php:592 see devel:menus should be used instead!
2025-03-04 12:47:00		tpl_action() is deprecated. It was called from include() in /var/www/html/lib/tpl/arcadebasic/main.php:187 see devel:menus should be used instead!
2025-03-04 12:47:00		tpl_actionlink() is deprecated. It was called from tpl_action() in /var/www/html/inc/template.php:712 see devel:menus should be used instead!
2025-03-04 12:47:00		tpl_get_action() is deprecated. It was called from tpl_actionlink() in /var/www/html/inc/template.php:592 see devel:menus should be used instead!
2025-03-04 12:47:00		tpl_action() is deprecated. It was called from include() in /var/www/html/lib/tpl/arcadebasic/main.php:188 see devel:menus should be used instead!
2025-03-04 12:47:00		tpl_actionlink() is deprecated. It was called from tpl_action() in /var/www/html/inc/template.php:712 see devel:menus should be used instead!
2025-03-04 12:47:00		tpl_get_action() is deprecated. It was called from tpl_actionlink() in /var/www/html/inc/template.php:592 see devel:menus should be used instead!
2025-03-04 12:47:00		tpl_toolsevent() is deprecated. It was called from include() in /var/www/html/lib/tpl/arcadebasic/main.php:188 see devel:menus should be used instead!
2025-03-04 12:47:00		tpl_action() is deprecated. It was called from include() in /var/www/html/lib/tpl/arcadebasic/main.php:199 see devel:menus should be used instead!
2025-03-04 12:47:00		tpl_actionlink() is deprecated. It was called from tpl_action() in /var/www/html/inc/template.php:712 see devel:menus should be used instead!
2025-03-04 12:47:00		tpl_get_action() is deprecated. It was called from tpl_actionlink() in /var/www/html/inc/template.php:592 see devel:menus should be used instead!
2025-03-04 12:47:00		tpl_action() is deprecated. It was called from include() in /var/www/html/lib/tpl/arcadebasic/main.php:200 see devel:menus should be used instead!
2025-03-04 12:47:00		tpl_actionlink() is deprecated. It was called from tpl_action() in /var/www/html/inc/template.php:712 see devel:menus should be used instead!
2025-03-04 12:47:00		tpl_get_action() is deprecated. It was called from tpl_actionlink() in /var/www/html/inc/template.php:592 see devel:menus should be used instead!
2025-03-04 12:47:00		tpl_action() is deprecated. It was called from include() in /var/www/html/lib/tpl/arcadebasic/main.php:201 see devel:menus should be used instead!
2025-03-04 12:47:00		tpl_actionlink() is deprecated. It was called from tpl_action() in /var/www/html/inc/template.php:712 see devel:menus should be used instead!
2025-03-04 12:47:00		tpl_get_action() is deprecated. It was called from tpl_actionlink() in /var/www/html/inc/template.php:592 see devel:menus should be used instead!
2025-03-04 12:47:00		tpl_toolsevent() is deprecated. It was called from include() in /var/www/html/lib/tpl/arcadebasic/main.php:201 see devel:menus should be used instead!
2025-03-04 13:00:07		tpl_action() is deprecated. It was called from include() in /var/www/html/lib/tpl/arcadebasic/main.php:155 see devel:menus should be used instead!
2025-03-04 13:00:07		tpl_actionlink() is deprecated. It was called from tpl_action() in /var/www/html/inc/template.php:712 see devel:menus should be used instead!
2025-03-04 13:00:07		tpl_get_action() is deprecated. It was called from tpl_actionlink() in /var/www/html/inc/template.php:592 see devel:menus should be used instead!
2025-03-04 13:00:07		tpl_action() is deprecated. It was called from include() in /var/www/html/lib/tpl/arcadebasic/main.php:157 see devel:menus should be used instead!
2025-03-04 13:00:07		tpl_actionlink() is deprecated. It was called from tpl_action() in /var/www/html/inc/template.php:712 see devel:menus should be used instead!
2025-03-04 13:00:07		tpl_get_action() is deprecated. It was called from tpl_actionlink() in /var/www/html/inc/template.php:592 see devel:menus should be used instead!
2025-03-04 13:00:07		tpl_action() is deprecated. It was called from include() in /var/www/html/lib/tpl/arcadebasic/main.php:158 see devel:menus should be used instead!
2025-03-04 13:00:07		tpl_actionlink() is deprecated. It was called from tpl_action() in /var/www/html/inc/template.php:712 see devel:menus should be used instead!
2025-03-04 13:00:07		tpl_get_action() is deprecated. It was called from tpl_actionlink() in /var/www/html/inc/template.php:592 see devel:menus should be used instead!
2025-03-04 13:00:07		tpl_action() is deprecated. It was called from include() in /var/www/html/lib/tpl/arcadebasic/main.php:159 see devel:menus should be used instead!
2025-03-04 13:00:07		tpl_actionlink() is deprecated. It was called from tpl_action() in /var/www/html/inc/template.php:712 see devel:menus should be used instead!
2025-03-04 13:00:07		tpl_get_action() is deprecated. It was called from tpl_actionlink() in /var/www/html/inc/template.php:592 see devel:menus should be used instead!
2025-03-04 13:00:07		tpl_action() is deprecated. It was called from include() in /var/www/html/lib/tpl/arcadebasic/main.php:160 see devel:menus should be used instead!
2025-03-04 13:00:07		tpl_actionlink() is deprecated. It was called from tpl_action() in /var/www/html/inc/template.php:712 see devel:menus should be used instead!
2025-03-04 13:00:07		tpl_get_action() is deprecated. It was called from tpl_actionlink() in /var/www/html/inc/template.php:592 see devel:menus should be used instead!
2025-03-04 13:00:07		tpl_toolsevent() is deprecated. It was called from include() in /var/www/html/lib/tpl/arcadebasic/main.php:160 see devel:menus should be used instead!
2025-03-04 13:00:07		tpl_action() is deprecated. It was called from include() in /var/www/html/lib/tpl/arcadebasic/main.php:184 see devel:menus should be used instead!
2025-03-04 13:00:07		tpl_actionlink() is deprecated. It was called from tpl_action() in /var/www/html/inc/template.php:712 see devel:menus should be used instead!
2025-03-04 13:00:07		tpl_get_action() is deprecated. It was called from tpl_actionlink() in /var/www/html/inc/template.php:592 see devel:menus should be used instead!
2025-03-04 13:00:07		tpl_action() is deprecated. It was called from include() in /var/www/html/lib/tpl/arcadebasic/main.php:186 see devel:menus should be used instead!
2025-03-04 13:00:07		tpl_actionlink() is deprecated. It was called from tpl_action() in /var/www/html/inc/template.php:712 see devel:menus should be used instead!
2025-03-04 13:00:07		tpl_get_action() is deprecated. It was called from tpl_actionlink() in /var/www/html/inc/template.php:592 see devel:menus should be used instead!
2025-03-04 13:00:07		tpl_action() is deprecated. It was called from include() in /var/www/html/lib/tpl/arcadebasic/main.php:187 see devel:menus should be used instead!
2025-03-04 13:00:07		tpl_actionlink() is deprecated. It was called from tpl_action() in /var/www/html/inc/template.php:712 see devel:menus should be used instead!
2025-03-04 13:00:07		tpl_get_action() is deprecated. It was called from tpl_actionlink() in /var/www/html/inc/template.php:592 see devel:menus should be used instead!
2025-03-04 13:00:07		tpl_action() is deprecated. It was called from include() in /var/www/html/lib/tpl/arcadebasic/main.php:188 see devel:menus should be used instead!
2025-03-04 13:00:07		tpl_actionlink() is deprecated. It was called from tpl_action() in /var/www/html/inc/template.php:712 see devel:menus should be used instead!
2025-03-04 13:00:07		tpl_get_action() is deprecated. It was called from tpl_actionlink() in /var/www/html/inc/template.php:592 see devel:menus should be used instead!
2025-03-04 13:00:07		tpl_toolsevent() is deprecated. It was called from include() in /var/www/html/lib/tpl/arcadebasic/main.php:188 see devel:menus should be used instead!
2025-03-04 13:00:07		tpl_action() is deprecated. It was called from include() in /var/www/html/lib/tpl/arcadebasic/main.php:199 see devel:menus should be used instead!
2025-03-04 13:00:07		tpl_actionlink() is deprecated. It was called from tpl_action() in /var/www/html/inc/template.php:712 see devel:menus should be used instead!
2025-03-04 13:00:07		tpl_get_action() is deprecated. It was called from tpl_actionlink() in /var/www/html/inc/template.php:592 see devel:menus should be used instead!
2025-03-04 13:00:07		tpl_action() is deprecated. It was called from include() in /var/www/html/lib/tpl/arcadebasic/main.php:200 see devel:menus should be used instead!
2025-03-04 13:00:07		tpl_actionlink() is deprecated. It was called from tpl_action() in /var/www/html/inc/template.php:712 see devel:menus should be used instead!
2025-03-04 13:00:07		tpl_get_action() is deprecated. It was called from tpl_actionlink() in /var/www/html/inc/template.php:592 see devel:menus should be used instead!
2025-03-04 13:00:07		tpl_action() is deprecated. It was called from include() in /var/www/html/lib/tpl/arcadebasic/main.php:201 see devel:menus should be used instead!
2025-03-04 13:00:07		tpl_actionlink() is deprecated. It was called from tpl_action() in /var/www/html/inc/template.php:712 see devel:menus should be used instead!
2025-03-04 13:00:07		tpl_get_action() is deprecated. It was called from tpl_actionlink() in /var/www/html/inc/template.php:592 see devel:menus should be used instead!
2025-03-04 13:00:07		tpl_toolsevent() is deprecated. It was called from include() in /var/www/html/lib/tpl/arcadebasic/main.php:201 see devel:menus should be used instead!
2025-03-04 16:09:46		tpl_action() is deprecated. It was called from include() in /var/www/html/lib/tpl/arcadebasic/main.php:155 see devel:menus should be used instead!
2025-03-04 16:09:46		tpl_actionlink() is deprecated. It was called from tpl_action() in /var/www/html/inc/template.php:712 see devel:menus should be used instead!
2025-03-04 16:09:46		tpl_get_action() is deprecated. It was called from tpl_actionlink() in /var/www/html/inc/template.php:592 see devel:menus should be used instead!
2025-03-04 16:09:46		tpl_action() is deprecated. It was called from include() in /var/www/html/lib/tpl/arcadebasic/main.php:157 see devel:menus should be used instead!
2025-03-04 16:09:46		tpl_actionlink() is deprecated. It was called from tpl_action() in /var/www/html/inc/template.php:712 see devel:menus should be used instead!
2025-03-04 16:09:46		tpl_get_action() is deprecated. It was called from tpl_actionlink() in /var/www/html/inc/template.php:592 see devel:menus should be used instead!
2025-03-04 16:09:46		tpl_action() is deprecated. It was called from include() in /var/www/html/lib/tpl/arcadebasic/main.php:158 see devel:menus should be used instead!
2025-03-04 16:09:46		tpl_actionlink() is deprecated. It was called from tpl_action() in /var/www/html/inc/template.php:712 see devel:menus should be used instead!
2025-03-04 16:09:46		tpl_get_action() is deprecated. It was called from tpl_actionlink() in /var/www/html/inc/template.php:592 see devel:menus should be used instead!
2025-03-04 16:09:46		tpl_action() is deprecated. It was called from include() in /var/www/html/lib/tpl/arcadebasic/main.php:159 see devel:menus should be used instead!
2025-03-04 16:09:46		tpl_actionlink() is deprecated. It was called from tpl_action() in /var/www/html/inc/template.php:712 see devel:menus should be used instead!
2025-03-04 16:09:46		tpl_get_action() is deprecated. It was called from tpl_actionlink() in /var/www/html/inc/template.php:592 see devel:menus should be used instead!
2025-03-04 16:09:46		tpl_action() is deprecated. It was called from include() in /var/www/html/lib/tpl/arcadebasic/main.php:160 see devel:menus should be used instead!
2025-03-04 16:09:46		tpl_actionlink() is deprecated. It was called from tpl_action() in /var/www/html/inc/template.php:712 see devel:menus should be used instead!
2025-03-04 16:09:46		tpl_get_action() is deprecated. It was called from tpl_actionlink() in /var/www/html/inc/template.php:592 see devel:menus should be used instead!
2025-03-04 16:09:46		tpl_toolsevent() is deprecated. It was called from include() in /var/www/html/lib/tpl/arcadebasic/main.php:160 see devel:menus should be used instead!
2025-03-04 16:09:46		tpl_action() is deprecated. It was called from include() in /var/www/html/lib/tpl/arcadebasic/main.php:184 see devel:menus should be used instead!
2025-03-04 16:09:46		tpl_actionlink() is deprecated. It was called from tpl_action() in /var/www/html/inc/template.php:712 see devel:menus should be used instead!
2025-03-04 16:09:46		tpl_get_action() is deprecated. It was called from tpl_actionlink() in /var/www/html/inc/template.php:592 see devel:menus should be used instead!
2025-03-04 16:09:46		tpl_action() is deprecated. It was called from include() in /var/www/html/lib/tpl/arcadebasic/main.php:186 see devel:menus should be used instead!
2025-03-04 16:09:46		tpl_actionlink() is deprecated. It was called from tpl_action() in /var/www/html/inc/template.php:712 see devel:menus should be used instead!
2025-03-04 16:09:46		tpl_get_action() is deprecated. It was called from tpl_actionlink() in /var/www/html/inc/template.php:592 see devel:menus should be used instead!
2025-03-04 16:09:46		tpl_action() is deprecated. It was called from include() in /var/www/html/lib/tpl/arcadebasic/main.php:187 see devel:menus should be used instead!
2025-03-04 16:09:46		tpl_actionlink() is deprecated. It was called from tpl_action() in /var/www/html/inc/template.php:712 see devel:menus should be used instead!
2025-03-04 16:09:46		tpl_get_action() is deprecated. It was called from tpl_actionlink() in /var/www/html/inc/template.php:592 see devel:menus should be used instead!
2025-03-04 16:09:46		tpl_action() is deprecated. It was called from include() in /var/www/html/lib/tpl/arcadebasic/main.php:188 see devel:menus should be used instead!
2025-03-04 16:09:46		tpl_actionlink() is deprecated. It was called from tpl_action() in /var/www/html/inc/template.php:712 see devel:menus should be used instead!
2025-03-04 16:09:46		tpl_get_action() is deprecated. It was called from tpl_actionlink() in /var/www/html/inc/template.php:592 see devel:menus should be used instead!
2025-03-04 16:09:46		tpl_toolsevent() is deprecated. It was called from include() in /var/www/html/lib/tpl/arcadebasic/main.php:188 see devel:menus should be used instead!
2025-03-04 16:09:46		tpl_action() is deprecated. It was called from include() in /var/www/html/lib/tpl/arcadebasic/main.php:199 see devel:menus should be used instead!
2025-03-04 16:09:46		tpl_actionlink() is deprecated. It was called from tpl_action() in /var/www/html/inc/template.php:712 see devel:menus should be used instead!
2025-03-04 16:09:46		tpl_get_action() is deprecated. It was called from tpl_actionlink() in /var/www/html/inc/template.php:592 see devel:menus should be used instead!
2025-03-04 16:09:46		tpl_action() is deprecated. It was called from include() in /var/www/html/lib/tpl/arcadebasic/main.php:200 see devel:menus should be used instead!
2025-03-04 16:09:46		tpl_actionlink() is deprecated. It was called from tpl_action() in /var/www/html/inc/template.php:712 see devel:menus should be used instead!
2025-03-04 16:09:46		tpl_get_action() is deprecated. It was called from tpl_actionlink() in /var/www/html/inc/template.php:592 see devel:menus should be used instead!
2025-03-04 16:09:46		tpl_action() is deprecated. It was called from include() in /var/www/html/lib/tpl/arcadebasic/main.php:201 see devel:menus should be used instead!
2025-03-04 16:09:46		tpl_actionlink() is deprecated. It was called from tpl_action() in /var/www/html/inc/template.php:712 see devel:menus should be used instead!
2025-03-04 16:09:46		tpl_get_action() is deprecated. It was called from tpl_actionlink() in /var/www/html/inc/template.php:592 see devel:menus should be used instead!
2025-03-04 16:09:46		tpl_toolsevent() is deprecated. It was called from include() in /var/www/html/lib/tpl/arcadebasic/main.php:201 see devel:menus should be used instead!
2025-03-04 16:10:08		require_once() is deprecated. It was called from require() in /var/www/html/lib/plugins/imagebox/syntax.php:9 Autoloading should be used instead!
2025-03-04 16:10:08		Doku_Handler::_addCall() is deprecated. It was called from syntax_plugin_toctweak_autotoc::handle() in /var/www/html/lib/plugins/toctweak/syntax/autotoc.php:60 addCall should be used instead!
2025-03-04 19:21:34		tpl_action() is deprecated. It was called from include() in /var/www/html/lib/tpl/arcadebasic/main.php:155 see devel:menus should be used instead!
2025-03-04 19:21:34		tpl_actionlink() is deprecated. It was called from tpl_action() in /var/www/html/inc/template.php:712 see devel:menus should be used instead!
2025-03-04 19:21:34		tpl_get_action() is deprecated. It was called from tpl_actionlink() in /var/www/html/inc/template.php:592 see devel:menus should be used instead!
2025-03-04 19:21:34		tpl_action() is deprecated. It was called from include() in /var/www/html/lib/tpl/arcadebasic/main.php:157 see devel:menus should be used instead!
2025-03-04 19:21:34		tpl_actionlink() is deprecated. It was called from tpl_action() in /var/www/html/inc/template.php:712 see devel:menus should be used instead!
2025-03-04 19:21:34		tpl_get_action() is deprecated. It was called from tpl_actionlink() in /var/www/html/inc/template.php:592 see devel:menus should be used instead!
2025-03-04 19:21:34		tpl_action() is deprecated. It was called from include() in /var/www/html/lib/tpl/arcadebasic/main.php:158 see devel:menus should be used instead!
2025-03-04 19:21:34		tpl_actionlink() is deprecated. It was called from tpl_action() in /var/www/html/inc/template.php:712 see devel:menus should be used instead!
2025-03-04 19:21:34		tpl_get_action() is deprecated. It was called from tpl_actionlink() in /var/www/html/inc/template.php:592 see devel:menus should be used instead!
2025-03-04 19:21:34		tpl_action() is deprecated. It was called from include() in /var/www/html/lib/tpl/arcadebasic/main.php:159 see devel:menus should be used instead!
2025-03-04 19:21:34		tpl_actionlink() is deprecated. It was called from tpl_action() in /var/www/html/inc/template.php:712 see devel:menus should be used instead!
2025-03-04 19:21:34		tpl_get_action() is deprecated. It was called from tpl_actionlink() in /var/www/html/inc/template.php:592 see devel:menus should be used instead!
2025-03-04 19:21:34		tpl_action() is deprecated. It was called from include() in /var/www/html/lib/tpl/arcadebasic/main.php:160 see devel:menus should be used instead!
2025-03-04 19:21:34		tpl_actionlink() is deprecated. It was called from tpl_action() in /var/www/html/inc/template.php:712 see devel:menus should be used instead!
2025-03-04 19:21:34		tpl_get_action() is deprecated. It was called from tpl_actionlink() in /var/www/html/inc/template.php:592 see devel:menus should be used instead!
2025-03-04 19:21:34		tpl_toolsevent() is deprecated. It was called from include() in /var/www/html/lib/tpl/arcadebasic/main.php:160 see devel:menus should be used instead!
2025-03-04 19:21:34		tpl_action() is deprecated. It was called from include() in /var/www/html/lib/tpl/arcadebasic/main.php:184 see devel:menus should be used instead!
2025-03-04 19:21:34		tpl_actionlink() is deprecated. It was called from tpl_action() in /var/www/html/inc/template.php:712 see devel:menus should be used instead!
2025-03-04 19:21:34		tpl_get_action() is deprecated. It was called from tpl_actionlink() in /var/www/html/inc/template.php:592 see devel:menus should be used instead!
2025-03-04 19:21:34		tpl_action() is deprecated. It was called from include() in /var/www/html/lib/tpl/arcadebasic/main.php:186 see devel:menus should be used instead!
2025-03-04 19:21:34		tpl_actionlink() is deprecated. It was called from tpl_action() in /var/www/html/inc/template.php:712 see devel:menus should be used instead!
2025-03-04 19:21:34		tpl_get_action() is deprecated. It was called from tpl_actionlink() in /var/www/html/inc/template.php:592 see devel:menus should be used instead!
2025-03-04 19:21:34		tpl_action() is deprecated. It was called from include() in /var/www/html/lib/tpl/arcadebasic/main.php:187 see devel:menus should be used instead!
2025-03-04 19:21:34		tpl_actionlink() is deprecated. It was called from tpl_action() in /var/www/html/inc/template.php:712 see devel:menus should be used instead!
2025-03-04 19:21:34		tpl_get_action() is deprecated. It was called from tpl_actionlink() in /var/www/html/inc/template.php:592 see devel:menus should be used instead!
2025-03-04 19:21:34		tpl_action() is deprecated. It was called from include() in /var/www/html/lib/tpl/arcadebasic/main.php:188 see devel:menus should be used instead!
2025-03-04 19:21:34		tpl_actionlink() is deprecated. It was called from tpl_action() in /var/www/html/inc/template.php:712 see devel:menus should be used instead!
2025-03-04 19:21:34		tpl_get_action() is deprecated. It was called from tpl_actionlink() in /var/www/html/inc/template.php:592 see devel:menus should be used instead!
2025-03-04 19:21:34		tpl_toolsevent() is deprecated. It was called from include() in /var/www/html/lib/tpl/arcadebasic/main.php:188 see devel:menus should be used instead!
2025-03-04 19:21:34		tpl_action() is deprecated. It was called from include() in /var/www/html/lib/tpl/arcadebasic/main.php:199 see devel:menus should be used instead!
2025-03-04 19:21:34		tpl_actionlink() is deprecated. It was called from tpl_action() in /var/www/html/inc/template.php:712 see devel:menus should be used instead!
2025-03-04 19:21:34		tpl_get_action() is deprecated. It was called from tpl_actionlink() in /var/www/html/inc/template.php:592 see devel:menus should be used instead!
2025-03-04 19:21:34		tpl_action() is deprecated. It was called from include() in /var/www/html/lib/tpl/arcadebasic/main.php:200 see devel:menus should be used instead!
2025-03-04 19:21:34		tpl_actionlink() is deprecated. It was called from tpl_action() in /var/www/html/inc/template.php:712 see devel:menus should be used instead!
2025-03-04 19:21:34		tpl_get_action() is deprecated. It was called from tpl_actionlink() in /var/www/html/inc/template.php:592 see devel:menus should be used instead!
2025-03-04 19:21:34		tpl_action() is deprecated. It was called from include() in /var/www/html/lib/tpl/arcadebasic/main.php:201 see devel:menus should be used instead!
2025-03-04 19:21:34		tpl_actionlink() is deprecated. It was called from tpl_action() in /var/www/html/inc/template.php:712 see devel:menus should be used instead!
2025-03-04 19:21:34		tpl_get_action() is deprecated. It was called from tpl_actionlink() in /var/www/html/inc/template.php:592 see devel:menus should be used instead!
2025-03-04 19:21:34		tpl_toolsevent() is deprecated. It was called from include() in /var/www/html/lib/tpl/arcadebasic/main.php:201 see devel:menus should be used instead!
2025-03-04 20:22:42		tpl_action() is deprecated. It was called from include() in /var/www/html/lib/tpl/arcadebasic/main.php:155 see devel:menus should be used instead!
2025-03-04 20:22:42		tpl_actionlink() is deprecated. It was called from tpl_action() in /var/www/html/inc/template.php:712 see devel:menus should be used instead!
2025-03-04 20:22:42		tpl_get_action() is deprecated. It was called from tpl_actionlink() in /var/www/html/inc/template.php:592 see devel:menus should be used instead!
2025-03-04 20:22:42		tpl_action() is deprecated. It was called from include() in /var/www/html/lib/tpl/arcadebasic/main.php:157 see devel:menus should be used instead!
2025-03-04 20:22:42		tpl_actionlink() is deprecated. It was called from tpl_action() in /var/www/html/inc/template.php:712 see devel:menus should be used instead!
2025-03-04 20:22:42		tpl_get_action() is deprecated. It was called from tpl_actionlink() in /var/www/html/inc/template.php:592 see devel:menus should be used instead!
2025-03-04 20:22:42		tpl_action() is deprecated. It was called from include() in /var/www/html/lib/tpl/arcadebasic/main.php:158 see devel:menus should be used instead!
2025-03-04 20:22:42		tpl_actionlink() is deprecated. It was called from tpl_action() in /var/www/html/inc/template.php:712 see devel:menus should be used instead!
2025-03-04 20:22:42		tpl_get_action() is deprecated. It was called from tpl_actionlink() in /var/www/html/inc/template.php:592 see devel:menus should be used instead!
2025-03-04 20:22:42		tpl_action() is deprecated. It was called from include() in /var/www/html/lib/tpl/arcadebasic/main.php:159 see devel:menus should be used instead!
2025-03-04 20:22:42		tpl_actionlink() is deprecated. It was called from tpl_action() in /var/www/html/inc/template.php:712 see devel:menus should be used instead!
2025-03-04 20:22:42		tpl_get_action() is deprecated. It was called from tpl_actionlink() in /var/www/html/inc/template.php:592 see devel:menus should be used instead!
2025-03-04 20:22:42		tpl_action() is deprecated. It was called from include() in /var/www/html/lib/tpl/arcadebasic/main.php:160 see devel:menus should be used instead!
2025-03-04 20:22:42		tpl_actionlink() is deprecated. It was called from tpl_action() in /var/www/html/inc/template.php:712 see devel:menus should be used instead!
2025-03-04 20:22:42		tpl_get_action() is deprecated. It was called from tpl_actionlink() in /var/www/html/inc/template.php:592 see devel:menus should be used instead!
2025-03-04 20:22:42		tpl_toolsevent() is deprecated. It was called from include() in /var/www/html/lib/tpl/arcadebasic/main.php:160 see devel:menus should be used instead!
2025-03-04 20:22:42		tpl_action() is deprecated. It was called from include() in /var/www/html/lib/tpl/arcadebasic/main.php:184 see devel:menus should be used instead!
2025-03-04 20:22:42		tpl_actionlink() is deprecated. It was called from tpl_action() in /var/www/html/inc/template.php:712 see devel:menus should be used instead!
2025-03-04 20:22:42		tpl_get_action() is deprecated. It was called from tpl_actionlink() in /var/www/html/inc/template.php:592 see devel:menus should be used instead!
2025-03-04 20:22:42		tpl_action() is deprecated. It was called from include() in /var/www/html/lib/tpl/arcadebasic/main.php:186 see devel:menus should be used instead!
2025-03-04 20:22:42		tpl_actionlink() is deprecated. It was called from tpl_action() in /var/www/html/inc/template.php:712 see devel:menus should be used instead!
2025-03-04 20:22:42		tpl_get_action() is deprecated. It was called from tpl_actionlink() in /var/www/html/inc/template.php:592 see devel:menus should be used instead!
2025-03-04 20:22:42		tpl_action() is deprecated. It was called from include() in /var/www/html/lib/tpl/arcadebasic/main.php:187 see devel:menus should be used instead!
2025-03-04 20:22:42		tpl_actionlink() is deprecated. It was called from tpl_action() in /var/www/html/inc/template.php:712 see devel:menus should be used instead!
2025-03-04 20:22:42		tpl_get_action() is deprecated. It was called from tpl_actionlink() in /var/www/html/inc/template.php:592 see devel:menus should be used instead!
2025-03-04 20:22:42		tpl_action() is deprecated. It was called from include() in /var/www/html/lib/tpl/arcadebasic/main.php:188 see devel:menus should be used instead!
2025-03-04 20:22:42		tpl_actionlink() is deprecated. It was called from tpl_action() in /var/www/html/inc/template.php:712 see devel:menus should be used instead!
2025-03-04 20:22:42		tpl_get_action() is deprecated. It was called from tpl_actionlink() in /var/www/html/inc/template.php:592 see devel:menus should be used instead!
2025-03-04 20:22:42		tpl_toolsevent() is deprecated. It was called from include() in /var/www/html/lib/tpl/arcadebasic/main.php:188 see devel:menus should be used instead!
2025-03-04 20:22:42		tpl_action() is deprecated. It was called from include() in /var/www/html/lib/tpl/arcadebasic/main.php:199 see devel:menus should be used instead!
2025-03-04 20:22:42		tpl_actionlink() is deprecated. It was called from tpl_action() in /var/www/html/inc/template.php:712 see devel:menus should be used instead!
2025-03-04 20:22:42		tpl_get_action() is deprecated. It was called from tpl_actionlink() in /var/www/html/inc/template.php:592 see devel:menus should be used instead!
2025-03-04 20:22:42		tpl_action() is deprecated. It was called from include() in /var/www/html/lib/tpl/arcadebasic/main.php:200 see devel:menus should be used instead!
2025-03-04 20:22:42		tpl_actionlink() is deprecated. It was called from tpl_action() in /var/www/html/inc/template.php:712 see devel:menus should be used instead!
2025-03-04 20:22:42		tpl_get_action() is deprecated. It was called from tpl_actionlink() in /var/www/html/inc/template.php:592 see devel:menus should be used instead!
2025-03-04 20:22:42		tpl_action() is deprecated. It was called from include() in /var/www/html/lib/tpl/arcadebasic/main.php:201 see devel:menus should be used instead!
2025-03-04 20:22:42		tpl_actionlink() is deprecated. It was called from tpl_action() in /var/www/html/inc/template.php:712 see devel:menus should be used instead!
2025-03-04 20:22:42		tpl_get_action() is deprecated. It was called from tpl_actionlink() in /var/www/html/inc/template.php:592 see devel:menus should be used instead!
2025-03-04 20:22:42		tpl_toolsevent() is deprecated. It was called from include() in /var/www/html/lib/tpl/arcadebasic/main.php:201 see devel:menus should be used instead!
2025-03-04 21:44:33		tpl_action() is deprecated. It was called from include() in /var/www/html/lib/tpl/arcadebasic/main.php:155 see devel:menus should be used instead!
2025-03-04 21:44:33		tpl_actionlink() is deprecated. It was called from tpl_action() in /var/www/html/inc/template.php:712 see devel:menus should be used instead!
2025-03-04 21:44:33		tpl_get_action() is deprecated. It was called from tpl_actionlink() in /var/www/html/inc/template.php:592 see devel:menus should be used instead!
2025-03-04 21:44:33		tpl_action() is deprecated. It was called from include() in /var/www/html/lib/tpl/arcadebasic/main.php:157 see devel:menus should be used instead!
2025-03-04 21:44:33		tpl_actionlink() is deprecated. It was called from tpl_action() in /var/www/html/inc/template.php:712 see devel:menus should be used instead!
2025-03-04 21:44:33		tpl_get_action() is deprecated. It was called from tpl_actionlink() in /var/www/html/inc/template.php:592 see devel:menus should be used instead!
2025-03-04 21:44:33		tpl_action() is deprecated. It was called from include() in /var/www/html/lib/tpl/arcadebasic/main.php:158 see devel:menus should be used instead!
2025-03-04 21:44:33		tpl_actionlink() is deprecated. It was called from tpl_action() in /var/www/html/inc/template.php:712 see devel:menus should be used instead!
2025-03-04 21:44:33		tpl_get_action() is deprecated. It was called from tpl_actionlink() in /var/www/html/inc/template.php:592 see devel:menus should be used instead!
2025-03-04 21:44:33		tpl_action() is deprecated. It was called from include() in /var/www/html/lib/tpl/arcadebasic/main.php:159 see devel:menus should be used instead!
2025-03-04 21:44:33		tpl_actionlink() is deprecated. It was called from tpl_action() in /var/www/html/inc/template.php:712 see devel:menus should be used instead!
2025-03-04 21:44:33		tpl_get_action() is deprecated. It was called from tpl_actionlink() in /var/www/html/inc/template.php:592 see devel:menus should be used instead!
2025-03-04 21:44:33		tpl_action() is deprecated. It was called from include() in /var/www/html/lib/tpl/arcadebasic/main.php:160 see devel:menus should be used instead!
2025-03-04 21:44:33		tpl_actionlink() is deprecated. It was called from tpl_action() in /var/www/html/inc/template.php:712 see devel:menus should be used instead!
2025-03-04 21:44:33		tpl_get_action() is deprecated. It was called from tpl_actionlink() in /var/www/html/inc/template.php:592 see devel:menus should be used instead!
2025-03-04 21:44:33		tpl_toolsevent() is deprecated. It was called from include() in /var/www/html/lib/tpl/arcadebasic/main.php:160 see devel:menus should be used instead!
2025-03-04 21:44:33		tpl_action() is deprecated. It was called from include() in /var/www/html/lib/tpl/arcadebasic/main.php:184 see devel:menus should be used instead!
2025-03-04 21:44:33		tpl_actionlink() is deprecated. It was called from tpl_action() in /var/www/html/inc/template.php:712 see devel:menus should be used instead!
2025-03-04 21:44:33		tpl_get_action() is deprecated. It was called from tpl_actionlink() in /var/www/html/inc/template.php:592 see devel:menus should be used instead!
2025-03-04 21:44:33		tpl_action() is deprecated. It was called from include() in /var/www/html/lib/tpl/arcadebasic/main.php:186 see devel:menus should be used instead!
2025-03-04 21:44:33		tpl_actionlink() is deprecated. It was called from tpl_action() in /var/www/html/inc/template.php:712 see devel:menus should be used instead!
2025-03-04 21:44:33		tpl_get_action() is deprecated. It was called from tpl_actionlink() in /var/www/html/inc/template.php:592 see devel:menus should be used instead!
2025-03-04 21:44:33		tpl_action() is deprecated. It was called from include() in /var/www/html/lib/tpl/arcadebasic/main.php:187 see devel:menus should be used instead!
2025-03-04 21:44:33		tpl_actionlink() is deprecated. It was called from tpl_action() in /var/www/html/inc/template.php:712 see devel:menus should be used instead!
2025-03-04 21:44:33		tpl_get_action() is deprecated. It was called from tpl_actionlink() in /var/www/html/inc/template.php:592 see devel:menus should be used instead!
2025-03-04 21:44:33		tpl_action() is deprecated. It was called from include() in /var/www/html/lib/tpl/arcadebasic/main.php:188 see devel:menus should be used instead!
2025-03-04 21:44:33		tpl_actionlink() is deprecated. It was called from tpl_action() in /var/www/html/inc/template.php:712 see devel:menus should be used instead!
2025-03-04 21:44:33		tpl_get_action() is deprecated. It was called from tpl_actionlink() in /var/www/html/inc/template.php:592 see devel:menus should be used instead!
2025-03-04 21:44:33		tpl_toolsevent() is deprecated. It was called from include() in /var/www/html/lib/tpl/arcadebasic/main.php:188 see devel:menus should be used instead!
2025-03-04 21:44:33		tpl_action() is deprecated. It was called from include() in /var/www/html/lib/tpl/arcadebasic/main.php:199 see devel:menus should be used instead!
2025-03-04 21:44:33		tpl_actionlink() is deprecated. It was called from tpl_action() in /var/www/html/inc/template.php:712 see devel:menus should be used instead!
2025-03-04 21:44:33		tpl_get_action() is deprecated. It was called from tpl_actionlink() in /var/www/html/inc/template.php:592 see devel:menus should be used instead!
2025-03-04 21:44:33		tpl_action() is deprecated. It was called from include() in /var/www/html/lib/tpl/arcadebasic/main.php:200 see devel:menus should be used instead!
2025-03-04 21:44:33		tpl_actionlink() is deprecated. It was called from tpl_action() in /var/www/html/inc/template.php:712 see devel:menus should be used instead!
2025-03-04 21:44:33		tpl_get_action() is deprecated. It was called from tpl_actionlink() in /var/www/html/inc/template.php:592 see devel:menus should be used instead!
2025-03-04 21:44:33		tpl_action() is deprecated. It was called from include() in /var/www/html/lib/tpl/arcadebasic/main.php:201 see devel:menus should be used instead!
2025-03-04 21:44:33		tpl_actionlink() is deprecated. It was called from tpl_action() in /var/www/html/inc/template.php:712 see devel:menus should be used instead!
2025-03-04 21:44:33		tpl_get_action() is deprecated. It was called from tpl_actionlink() in /var/www/html/inc/template.php:592 see devel:menus should be used instead!
2025-03-04 21:44:33		tpl_toolsevent() is deprecated. It was called from include() in /var/www/html/lib/tpl/arcadebasic/main.php:201 see devel:menus should be used instead!
2025-03-04 21:44:53		tpl_action() is deprecated. It was called from include() in /var/www/html/lib/tpl/arcadebasic/main.php:155 see devel:menus should be used instead!
2025-03-04 21:44:53		tpl_actionlink() is deprecated. It was called from tpl_action() in /var/www/html/inc/template.php:712 see devel:menus should be used instead!
2025-03-04 21:44:53		tpl_get_action() is deprecated. It was called from tpl_actionlink() in /var/www/html/inc/template.php:592 see devel:menus should be used instead!
2025-03-04 21:44:53		tpl_action() is deprecated. It was called from include() in /var/www/html/lib/tpl/arcadebasic/main.php:157 see devel:menus should be used instead!
2025-03-04 21:44:53		tpl_actionlink() is deprecated. It was called from tpl_action() in /var/www/html/inc/template.php:712 see devel:menus should be used instead!
2025-03-04 21:44:53		tpl_get_action() is deprecated. It was called from tpl_actionlink() in /var/www/html/inc/template.php:592 see devel:menus should be used instead!
2025-03-04 21:44:53		tpl_action() is deprecated. It was called from include() in /var/www/html/lib/tpl/arcadebasic/main.php:158 see devel:menus should be used instead!
2025-03-04 21:44:53		tpl_actionlink() is deprecated. It was called from tpl_action() in /var/www/html/inc/template.php:712 see devel:menus should be used instead!
2025-03-04 21:44:53		tpl_get_action() is deprecated. It was called from tpl_actionlink() in /var/www/html/inc/template.php:592 see devel:menus should be used instead!
2025-03-04 21:44:53		tpl_action() is deprecated. It was called from include() in /var/www/html/lib/tpl/arcadebasic/main.php:159 see devel:menus should be used instead!
2025-03-04 21:44:53		tpl_actionlink() is deprecated. It was called from tpl_action() in /var/www/html/inc/template.php:712 see devel:menus should be used instead!
2025-03-04 21:44:53		tpl_get_action() is deprecated. It was called from tpl_actionlink() in /var/www/html/inc/template.php:592 see devel:menus should be used instead!
2025-03-04 21:44:53		tpl_action() is deprecated. It was called from include() in /var/www/html/lib/tpl/arcadebasic/main.php:160 see devel:menus should be used instead!
2025-03-04 21:44:53		tpl_actionlink() is deprecated. It was called from tpl_action() in /var/www/html/inc/template.php:712 see devel:menus should be used instead!
2025-03-04 21:44:53		tpl_get_action() is deprecated. It was called from tpl_actionlink() in /var/www/html/inc/template.php:592 see devel:menus should be used instead!
2025-03-04 21:44:53		tpl_toolsevent() is deprecated. It was called from include() in /var/www/html/lib/tpl/arcadebasic/main.php:160 see devel:menus should be used instead!
2025-03-04 21:44:53		tpl_action() is deprecated. It was called from include() in /var/www/html/lib/tpl/arcadebasic/main.php:184 see devel:menus should be used instead!
2025-03-04 21:44:53		tpl_actionlink() is deprecated. It was called from tpl_action() in /var/www/html/inc/template.php:712 see devel:menus should be used instead!
2025-03-04 21:44:53		tpl_get_action() is deprecated. It was called from tpl_actionlink() in /var/www/html/inc/template.php:592 see devel:menus should be used instead!
2025-03-04 21:44:53		tpl_action() is deprecated. It was called from include() in /var/www/html/lib/tpl/arcadebasic/main.php:186 see devel:menus should be used instead!
2025-03-04 21:44:53		tpl_actionlink() is deprecated. It was called from tpl_action() in /var/www/html/inc/template.php:712 see devel:menus should be used instead!
2025-03-04 21:44:53		tpl_get_action() is deprecated. It was called from tpl_actionlink() in /var/www/html/inc/template.php:592 see devel:menus should be used instead!
2025-03-04 21:44:53		tpl_action() is deprecated. It was called from include() in /var/www/html/lib/tpl/arcadebasic/main.php:187 see devel:menus should be used instead!
2025-03-04 21:44:53		tpl_actionlink() is deprecated. It was called from tpl_action() in /var/www/html/inc/template.php:712 see devel:menus should be used instead!
2025-03-04 21:44:53		tpl_get_action() is deprecated. It was called from tpl_actionlink() in /var/www/html/inc/template.php:592 see devel:menus should be used instead!
2025-03-04 21:44:53		tpl_action() is deprecated. It was called from include() in /var/www/html/lib/tpl/arcadebasic/main.php:188 see devel:menus should be used instead!
2025-03-04 21:44:53		tpl_actionlink() is deprecated. It was called from tpl_action() in /var/www/html/inc/template.php:712 see devel:menus should be used instead!
2025-03-04 21:44:53		tpl_get_action() is deprecated. It was called from tpl_actionlink() in /var/www/html/inc/template.php:592 see devel:menus should be used instead!
2025-03-04 21:44:53		tpl_toolsevent() is deprecated. It was called from include() in /var/www/html/lib/tpl/arcadebasic/main.php:188 see devel:menus should be used instead!
2025-03-04 21:44:53		tpl_action() is deprecated. It was called from include() in /var/www/html/lib/tpl/arcadebasic/main.php:199 see devel:menus should be used instead!
2025-03-04 21:44:53		tpl_actionlink() is deprecated. It was called from tpl_action() in /var/www/html/inc/template.php:712 see devel:menus should be used instead!
2025-03-04 21:44:53		tpl_get_action() is deprecated. It was called from tpl_actionlink() in /var/www/html/inc/template.php:592 see devel:menus should be used instead!
2025-03-04 21:44:53		tpl_action() is deprecated. It was called from include() in /var/www/html/lib/tpl/arcadebasic/main.php:200 see devel:menus should be used instead!
2025-03-04 21:44:53		tpl_actionlink() is deprecated. It was called from tpl_action() in /var/www/html/inc/template.php:712 see devel:menus should be used instead!
2025-03-04 21:44:53		tpl_get_action() is deprecated. It was called from tpl_actionlink() in /var/www/html/inc/template.php:592 see devel:menus should be used instead!
2025-03-04 21:44:53		tpl_action() is deprecated. It was called from include() in /var/www/html/lib/tpl/arcadebasic/main.php:201 see devel:menus should be used instead!
2025-03-04 21:44:53		tpl_actionlink() is deprecated. It was called from tpl_action() in /var/www/html/inc/template.php:712 see devel:menus should be used instead!
2025-03-04 21:44:53		tpl_get_action() is deprecated. It was called from tpl_actionlink() in /var/www/html/inc/template.php:592 see devel:menus should be used instead!
2025-03-04 21:44:53		tpl_toolsevent() is deprecated. It was called from include() in /var/www/html/lib/tpl/arcadebasic/main.php:201 see devel:menus should be used instead!
2025-03-04 22:02:04		tpl_action() is deprecated. It was called from include() in /var/www/html/lib/tpl/arcadebasic/main.php:155 see devel:menus should be used instead!
2025-03-04 22:02:04		tpl_actionlink() is deprecated. It was called from tpl_action() in /var/www/html/inc/template.php:712 see devel:menus should be used instead!
2025-03-04 22:02:04		tpl_get_action() is deprecated. It was called from tpl_actionlink() in /var/www/html/inc/template.php:592 see devel:menus should be used instead!
2025-03-04 22:02:04		tpl_action() is deprecated. It was called from include() in /var/www/html/lib/tpl/arcadebasic/main.php:157 see devel:menus should be used instead!
2025-03-04 22:02:04		tpl_actionlink() is deprecated. It was called from tpl_action() in /var/www/html/inc/template.php:712 see devel:menus should be used instead!
2025-03-04 22:02:04		tpl_get_action() is deprecated. It was called from tpl_actionlink() in /var/www/html/inc/template.php:592 see devel:menus should be used instead!
2025-03-04 22:02:04		tpl_action() is deprecated. It was called from include() in /var/www/html/lib/tpl/arcadebasic/main.php:158 see devel:menus should be used instead!
2025-03-04 22:02:04		tpl_actionlink() is deprecated. It was called from tpl_action() in /var/www/html/inc/template.php:712 see devel:menus should be used instead!
2025-03-04 22:02:04		tpl_get_action() is deprecated. It was called from tpl_actionlink() in /var/www/html/inc/template.php:592 see devel:menus should be used instead!
2025-03-04 22:02:04		tpl_action() is deprecated. It was called from include() in /var/www/html/lib/tpl/arcadebasic/main.php:159 see devel:menus should be used instead!
2025-03-04 22:02:04		tpl_actionlink() is deprecated. It was called from tpl_action() in /var/www/html/inc/template.php:712 see devel:menus should be used instead!
2025-03-04 22:02:04		tpl_get_action() is deprecated. It was called from tpl_actionlink() in /var/www/html/inc/template.php:592 see devel:menus should be used instead!
2025-03-04 22:02:04		tpl_action() is deprecated. It was called from include() in /var/www/html/lib/tpl/arcadebasic/main.php:160 see devel:menus should be used instead!
2025-03-04 22:02:04		tpl_actionlink() is deprecated. It was called from tpl_action() in /var/www/html/inc/template.php:712 see devel:menus should be used instead!
2025-03-04 22:02:04		tpl_get_action() is deprecated. It was called from tpl_actionlink() in /var/www/html/inc/template.php:592 see devel:menus should be used instead!
2025-03-04 22:02:04		tpl_toolsevent() is deprecated. It was called from include() in /var/www/html/lib/tpl/arcadebasic/main.php:160 see devel:menus should be used instead!
2025-03-04 22:02:04		tpl_action() is deprecated. It was called from include() in /var/www/html/lib/tpl/arcadebasic/main.php:184 see devel:menus should be used instead!
2025-03-04 22:02:04		tpl_actionlink() is deprecated. It was called from tpl_action() in /var/www/html/inc/template.php:712 see devel:menus should be used instead!
2025-03-04 22:02:04		tpl_get_action() is deprecated. It was called from tpl_actionlink() in /var/www/html/inc/template.php:592 see devel:menus should be used instead!
2025-03-04 22:02:04		tpl_action() is deprecated. It was called from include() in /var/www/html/lib/tpl/arcadebasic/main.php:186 see devel:menus should be used instead!
2025-03-04 22:02:04		tpl_actionlink() is deprecated. It was called from tpl_action() in /var/www/html/inc/template.php:712 see devel:menus should be used instead!
2025-03-04 22:02:04		tpl_get_action() is deprecated. It was called from tpl_actionlink() in /var/www/html/inc/template.php:592 see devel:menus should be used instead!
2025-03-04 22:02:04		tpl_action() is deprecated. It was called from include() in /var/www/html/lib/tpl/arcadebasic/main.php:187 see devel:menus should be used instead!
2025-03-04 22:02:04		tpl_actionlink() is deprecated. It was called from tpl_action() in /var/www/html/inc/template.php:712 see devel:menus should be used instead!
2025-03-04 22:02:04		tpl_get_action() is deprecated. It was called from tpl_actionlink() in /var/www/html/inc/template.php:592 see devel:menus should be used instead!
2025-03-04 22:02:04		tpl_action() is deprecated. It was called from include() in /var/www/html/lib/tpl/arcadebasic/main.php:188 see devel:menus should be used instead!
2025-03-04 22:02:04		tpl_actionlink() is deprecated. It was called from tpl_action() in /var/www/html/inc/template.php:712 see devel:menus should be used instead!
2025-03-04 22:02:04		tpl_get_action() is deprecated. It was called from tpl_actionlink() in /var/www/html/inc/template.php:592 see devel:menus should be used instead!
2025-03-04 22:02:04		tpl_toolsevent() is deprecated. It was called from include() in /var/www/html/lib/tpl/arcadebasic/main.php:188 see devel:menus should be used instead!
2025-03-04 22:02:04		tpl_action() is deprecated. It was called from include() in /var/www/html/lib/tpl/arcadebasic/main.php:199 see devel:menus should be used instead!
2025-03-04 22:02:04		tpl_actionlink() is deprecated. It was called from tpl_action() in /var/www/html/inc/template.php:712 see devel:menus should be used instead!
2025-03-04 22:02:04		tpl_get_action() is deprecated. It was called from tpl_actionlink() in /var/www/html/inc/template.php:592 see devel:menus should be used instead!
2025-03-04 22:02:04		tpl_action() is deprecated. It was called from include() in /var/www/html/lib/tpl/arcadebasic/main.php:200 see devel:menus should be used instead!
2025-03-04 22:02:04		tpl_actionlink() is deprecated. It was called from tpl_action() in /var/www/html/inc/template.php:712 see devel:menus should be used instead!
2025-03-04 22:02:04		tpl_get_action() is deprecated. It was called from tpl_actionlink() in /var/www/html/inc/template.php:592 see devel:menus should be used instead!
2025-03-04 22:02:04		tpl_action() is deprecated. It was called from include() in /var/www/html/lib/tpl/arcadebasic/main.php:201 see devel:menus should be used instead!
2025-03-04 22:02:04		tpl_actionlink() is deprecated. It was called from tpl_action() in /var/www/html/inc/template.php:712 see devel:menus should be used instead!
2025-03-04 22:02:04		tpl_get_action() is deprecated. It was called from tpl_actionlink() in /var/www/html/inc/template.php:592 see devel:menus should be used instead!
2025-03-04 22:02:04		tpl_toolsevent() is deprecated. It was called from include() in /var/www/html/lib/tpl/arcadebasic/main.php:201 see devel:menus should be used instead!
2025-03-04 22:41:17		tpl_action() is deprecated. It was called from include() in /var/www/html/lib/tpl/arcadebasic/main.php:155 see devel:menus should be used instead!
2025-03-04 22:41:17		tpl_actionlink() is deprecated. It was called from tpl_action() in /var/www/html/inc/template.php:712 see devel:menus should be used instead!
2025-03-04 22:41:17		tpl_get_action() is deprecated. It was called from tpl_actionlink() in /var/www/html/inc/template.php:592 see devel:menus should be used instead!
2025-03-04 22:41:17		tpl_action() is deprecated. It was called from include() in /var/www/html/lib/tpl/arcadebasic/main.php:157 see devel:menus should be used instead!
2025-03-04 22:41:17		tpl_actionlink() is deprecated. It was called from tpl_action() in /var/www/html/inc/template.php:712 see devel:menus should be used instead!
2025-03-04 22:41:17		tpl_get_action() is deprecated. It was called from tpl_actionlink() in /var/www/html/inc/template.php:592 see devel:menus should be used instead!
2025-03-04 22:41:17		tpl_action() is deprecated. It was called from include() in /var/www/html/lib/tpl/arcadebasic/main.php:158 see devel:menus should be used instead!
2025-03-04 22:41:17		tpl_actionlink() is deprecated. It was called from tpl_action() in /var/www/html/inc/template.php:712 see devel:menus should be used instead!
2025-03-04 22:41:17		tpl_get_action() is deprecated. It was called from tpl_actionlink() in /var/www/html/inc/template.php:592 see devel:menus should be used instead!
2025-03-04 22:41:17		tpl_action() is deprecated. It was called from include() in /var/www/html/lib/tpl/arcadebasic/main.php:159 see devel:menus should be used instead!
2025-03-04 22:41:17		tpl_actionlink() is deprecated. It was called from tpl_action() in /var/www/html/inc/template.php:712 see devel:menus should be used instead!
2025-03-04 22:41:17		tpl_get_action() is deprecated. It was called from tpl_actionlink() in /var/www/html/inc/template.php:592 see devel:menus should be used instead!
2025-03-04 22:41:17		tpl_action() is deprecated. It was called from include() in /var/www/html/lib/tpl/arcadebasic/main.php:160 see devel:menus should be used instead!
2025-03-04 22:41:17		tpl_actionlink() is deprecated. It was called from tpl_action() in /var/www/html/inc/template.php:712 see devel:menus should be used instead!
2025-03-04 22:41:17		tpl_get_action() is deprecated. It was called from tpl_actionlink() in /var/www/html/inc/template.php:592 see devel:menus should be used instead!
2025-03-04 22:41:17		tpl_toolsevent() is deprecated. It was called from include() in /var/www/html/lib/tpl/arcadebasic/main.php:160 see devel:menus should be used instead!
2025-03-04 22:41:17		tpl_action() is deprecated. It was called from include() in /var/www/html/lib/tpl/arcadebasic/main.php:184 see devel:menus should be used instead!
2025-03-04 22:41:17		tpl_actionlink() is deprecated. It was called from tpl_action() in /var/www/html/inc/template.php:712 see devel:menus should be used instead!
2025-03-04 22:41:17		tpl_get_action() is deprecated. It was called from tpl_actionlink() in /var/www/html/inc/template.php:592 see devel:menus should be used instead!
2025-03-04 22:41:17		tpl_action() is deprecated. It was called from include() in /var/www/html/lib/tpl/arcadebasic/main.php:186 see devel:menus should be used instead!
2025-03-04 22:41:17		tpl_actionlink() is deprecated. It was called from tpl_action() in /var/www/html/inc/template.php:712 see devel:menus should be used instead!
2025-03-04 22:41:17		tpl_get_action() is deprecated. It was called from tpl_actionlink() in /var/www/html/inc/template.php:592 see devel:menus should be used instead!
2025-03-04 22:41:17		tpl_action() is deprecated. It was called from include() in /var/www/html/lib/tpl/arcadebasic/main.php:187 see devel:menus should be used instead!
2025-03-04 22:41:17		tpl_actionlink() is deprecated. It was called from tpl_action() in /var/www/html/inc/template.php:712 see devel:menus should be used instead!
2025-03-04 22:41:17		tpl_get_action() is deprecated. It was called from tpl_actionlink() in /var/www/html/inc/template.php:592 see devel:menus should be used instead!
2025-03-04 22:41:17		tpl_action() is deprecated. It was called from include() in /var/www/html/lib/tpl/arcadebasic/main.php:188 see devel:menus should be used instead!
2025-03-04 22:41:17		tpl_actionlink() is deprecated. It was called from tpl_action() in /var/www/html/inc/template.php:712 see devel:menus should be used instead!
2025-03-04 22:41:17		tpl_get_action() is deprecated. It was called from tpl_actionlink() in /var/www/html/inc/template.php:592 see devel:menus should be used instead!
2025-03-04 22:41:17		tpl_toolsevent() is deprecated. It was called from include() in /var/www/html/lib/tpl/arcadebasic/main.php:188 see devel:menus should be used instead!
2025-03-04 22:41:17		tpl_action() is deprecated. It was called from include() in /var/www/html/lib/tpl/arcadebasic/main.php:199 see devel:menus should be used instead!
2025-03-04 22:41:17		tpl_actionlink() is deprecated. It was called from tpl_action() in /var/www/html/inc/template.php:712 see devel:menus should be used instead!
2025-03-04 22:41:17		tpl_get_action() is deprecated. It was called from tpl_actionlink() in /var/www/html/inc/template.php:592 see devel:menus should be used instead!
2025-03-04 22:41:17		tpl_action() is deprecated. It was called from include() in /var/www/html/lib/tpl/arcadebasic/main.php:200 see devel:menus should be used instead!
2025-03-04 22:41:17		tpl_actionlink() is deprecated. It was called from tpl_action() in /var/www/html/inc/template.php:712 see devel:menus should be used instead!
2025-03-04 22:41:17		tpl_get_action() is deprecated. It was called from tpl_actionlink() in /var/www/html/inc/template.php:592 see devel:menus should be used instead!
2025-03-04 22:41:17		tpl_action() is deprecated. It was called from include() in /var/www/html/lib/tpl/arcadebasic/main.php:201 see devel:menus should be used instead!
2025-03-04 22:41:17		tpl_actionlink() is deprecated. It was called from tpl_action() in /var/www/html/inc/template.php:712 see devel:menus should be used instead!
2025-03-04 22:41:17		tpl_get_action() is deprecated. It was called from tpl_actionlink() in /var/www/html/inc/template.php:592 see devel:menus should be used instead!
2025-03-04 22:41:17		tpl_toolsevent() is deprecated. It was called from include() in /var/www/html/lib/tpl/arcadebasic/main.php:201 see devel:menus should be used instead!
2025-03-04 22:41:18		tpl_action() is deprecated. It was called from include() in /var/www/html/lib/tpl/arcadebasic/main.php:155 see devel:menus should be used instead!
2025-03-04 22:41:18		tpl_actionlink() is deprecated. It was called from tpl_action() in /var/www/html/inc/template.php:712 see devel:menus should be used instead!
2025-03-04 22:41:18		tpl_get_action() is deprecated. It was called from tpl_actionlink() in /var/www/html/inc/template.php:592 see devel:menus should be used instead!
2025-03-04 22:41:18		tpl_action() is deprecated. It was called from include() in /var/www/html/lib/tpl/arcadebasic/main.php:157 see devel:menus should be used instead!
2025-03-04 22:41:18		tpl_actionlink() is deprecated. It was called from tpl_action() in /var/www/html/inc/template.php:712 see devel:menus should be used instead!
2025-03-04 22:41:18		tpl_get_action() is deprecated. It was called from tpl_actionlink() in /var/www/html/inc/template.php:592 see devel:menus should be used instead!
2025-03-04 22:41:18		tpl_action() is deprecated. It was called from include() in /var/www/html/lib/tpl/arcadebasic/main.php:158 see devel:menus should be used instead!
2025-03-04 22:41:18		tpl_actionlink() is deprecated. It was called from tpl_action() in /var/www/html/inc/template.php:712 see devel:menus should be used instead!
2025-03-04 22:41:18		tpl_get_action() is deprecated. It was called from tpl_actionlink() in /var/www/html/inc/template.php:592 see devel:menus should be used instead!
2025-03-04 22:41:18		tpl_action() is deprecated. It was called from include() in /var/www/html/lib/tpl/arcadebasic/main.php:159 see devel:menus should be used instead!
2025-03-04 22:41:18		tpl_actionlink() is deprecated. It was called from tpl_action() in /var/www/html/inc/template.php:712 see devel:menus should be used instead!
2025-03-04 22:41:18		tpl_get_action() is deprecated. It was called from tpl_actionlink() in /var/www/html/inc/template.php:592 see devel:menus should be used instead!
2025-03-04 22:41:18		tpl_action() is deprecated. It was called from include() in /var/www/html/lib/tpl/arcadebasic/main.php:160 see devel:menus should be used instead!
2025-03-04 22:41:18		tpl_actionlink() is deprecated. It was called from tpl_action() in /var/www/html/inc/template.php:712 see devel:menus should be used instead!
2025-03-04 22:41:18		tpl_get_action() is deprecated. It was called from tpl_actionlink() in /var/www/html/inc/template.php:592 see devel:menus should be used instead!
2025-03-04 22:41:18		tpl_toolsevent() is deprecated. It was called from include() in /var/www/html/lib/tpl/arcadebasic/main.php:160 see devel:menus should be used instead!
2025-03-04 22:41:18		tpl_action() is deprecated. It was called from include() in /var/www/html/lib/tpl/arcadebasic/main.php:184 see devel:menus should be used instead!
2025-03-04 22:41:18		tpl_actionlink() is deprecated. It was called from tpl_action() in /var/www/html/inc/template.php:712 see devel:menus should be used instead!
2025-03-04 22:41:18		tpl_get_action() is deprecated. It was called from tpl_actionlink() in /var/www/html/inc/template.php:592 see devel:menus should be used instead!
2025-03-04 22:41:18		tpl_action() is deprecated. It was called from include() in /var/www/html/lib/tpl/arcadebasic/main.php:186 see devel:menus should be used instead!
2025-03-04 22:41:18		tpl_actionlink() is deprecated. It was called from tpl_action() in /var/www/html/inc/template.php:712 see devel:menus should be used instead!
2025-03-04 22:41:18		tpl_get_action() is deprecated. It was called from tpl_actionlink() in /var/www/html/inc/template.php:592 see devel:menus should be used instead!
2025-03-04 22:41:18		tpl_action() is deprecated. It was called from include() in /var/www/html/lib/tpl/arcadebasic/main.php:187 see devel:menus should be used instead!
2025-03-04 22:41:18		tpl_actionlink() is deprecated. It was called from tpl_action() in /var/www/html/inc/template.php:712 see devel:menus should be used instead!
2025-03-04 22:41:18		tpl_get_action() is deprecated. It was called from tpl_actionlink() in /var/www/html/inc/template.php:592 see devel:menus should be used instead!
2025-03-04 22:41:18		tpl_action() is deprecated. It was called from include() in /var/www/html/lib/tpl/arcadebasic/main.php:188 see devel:menus should be used instead!
2025-03-04 22:41:18		tpl_actionlink() is deprecated. It was called from tpl_action() in /var/www/html/inc/template.php:712 see devel:menus should be used instead!
2025-03-04 22:41:18		tpl_get_action() is deprecated. It was called from tpl_actionlink() in /var/www/html/inc/template.php:592 see devel:menus should be used instead!
2025-03-04 22:41:18		tpl_toolsevent() is deprecated. It was called from include() in /var/www/html/lib/tpl/arcadebasic/main.php:188 see devel:menus should be used instead!
2025-03-04 22:41:18		tpl_action() is deprecated. It was called from include() in /var/www/html/lib/tpl/arcadebasic/main.php:199 see devel:menus should be used instead!
2025-03-04 22:41:18		tpl_actionlink() is deprecated. It was called from tpl_action() in /var/www/html/inc/template.php:712 see devel:menus should be used instead!
2025-03-04 22:41:18		tpl_get_action() is deprecated. It was called from tpl_actionlink() in /var/www/html/inc/template.php:592 see devel:menus should be used instead!
2025-03-04 22:41:18		tpl_action() is deprecated. It was called from include() in /var/www/html/lib/tpl/arcadebasic/main.php:200 see devel:menus should be used instead!
2025-03-04 22:41:18		tpl_actionlink() is deprecated. It was called from tpl_action() in /var/www/html/inc/template.php:712 see devel:menus should be used instead!
2025-03-04 22:41:18		tpl_get_action() is deprecated. It was called from tpl_actionlink() in /var/www/html/inc/template.php:592 see devel:menus should be used instead!
2025-03-04 22:41:18		tpl_action() is deprecated. It was called from include() in /var/www/html/lib/tpl/arcadebasic/main.php:201 see devel:menus should be used instead!
2025-03-04 22:41:18		tpl_actionlink() is deprecated. It was called from tpl_action() in /var/www/html/inc/template.php:712 see devel:menus should be used instead!
2025-03-04 22:41:18		tpl_get_action() is deprecated. It was called from tpl_actionlink() in /var/www/html/inc/template.php:592 see devel:menus should be used instead!
2025-03-04 22:41:18		tpl_toolsevent() is deprecated. It was called from include() in /var/www/html/lib/tpl/arcadebasic/main.php:201 see devel:menus should be used instead!
2025-03-04 22:51:33		tpl_action() is deprecated. It was called from include() in /var/www/html/lib/tpl/arcadebasic/main.php:155 see devel:menus should be used instead!
2025-03-04 22:51:33		tpl_actionlink() is deprecated. It was called from tpl_action() in /var/www/html/inc/template.php:712 see devel:menus should be used instead!
2025-03-04 22:51:33		tpl_get_action() is deprecated. It was called from tpl_actionlink() in /var/www/html/inc/template.php:592 see devel:menus should be used instead!
2025-03-04 22:51:33		tpl_action() is deprecated. It was called from include() in /var/www/html/lib/tpl/arcadebasic/main.php:157 see devel:menus should be used instead!
2025-03-04 22:51:33		tpl_actionlink() is deprecated. It was called from tpl_action() in /var/www/html/inc/template.php:712 see devel:menus should be used instead!
2025-03-04 22:51:33		tpl_get_action() is deprecated. It was called from tpl_actionlink() in /var/www/html/inc/template.php:592 see devel:menus should be used instead!
2025-03-04 22:51:33		tpl_action() is deprecated. It was called from include() in /var/www/html/lib/tpl/arcadebasic/main.php:158 see devel:menus should be used instead!
2025-03-04 22:51:33		tpl_actionlink() is deprecated. It was called from tpl_action() in /var/www/html/inc/template.php:712 see devel:menus should be used instead!
2025-03-04 22:51:33		tpl_get_action() is deprecated. It was called from tpl_actionlink() in /var/www/html/inc/template.php:592 see devel:menus should be used instead!
2025-03-04 22:51:33		tpl_action() is deprecated. It was called from include() in /var/www/html/lib/tpl/arcadebasic/main.php:159 see devel:menus should be used instead!
2025-03-04 22:51:33		tpl_actionlink() is deprecated. It was called from tpl_action() in /var/www/html/inc/template.php:712 see devel:menus should be used instead!
2025-03-04 22:51:33		tpl_get_action() is deprecated. It was called from tpl_actionlink() in /var/www/html/inc/template.php:592 see devel:menus should be used instead!
2025-03-04 22:51:33		tpl_action() is deprecated. It was called from include() in /var/www/html/lib/tpl/arcadebasic/main.php:160 see devel:menus should be used instead!
2025-03-04 22:51:33		tpl_actionlink() is deprecated. It was called from tpl_action() in /var/www/html/inc/template.php:712 see devel:menus should be used instead!
2025-03-04 22:51:33		tpl_get_action() is deprecated. It was called from tpl_actionlink() in /var/www/html/inc/template.php:592 see devel:menus should be used instead!
2025-03-04 22:51:33		tpl_toolsevent() is deprecated. It was called from include() in /var/www/html/lib/tpl/arcadebasic/main.php:160 see devel:menus should be used instead!
2025-03-04 22:51:33		tpl_action() is deprecated. It was called from include() in /var/www/html/lib/tpl/arcadebasic/main.php:184 see devel:menus should be used instead!
2025-03-04 22:51:33		tpl_actionlink() is deprecated. It was called from tpl_action() in /var/www/html/inc/template.php:712 see devel:menus should be used instead!
2025-03-04 22:51:33		tpl_get_action() is deprecated. It was called from tpl_actionlink() in /var/www/html/inc/template.php:592 see devel:menus should be used instead!
2025-03-04 22:51:33		tpl_action() is deprecated. It was called from include() in /var/www/html/lib/tpl/arcadebasic/main.php:186 see devel:menus should be used instead!
2025-03-04 22:51:33		tpl_actionlink() is deprecated. It was called from tpl_action() in /var/www/html/inc/template.php:712 see devel:menus should be used instead!
2025-03-04 22:51:33		tpl_get_action() is deprecated. It was called from tpl_actionlink() in /var/www/html/inc/template.php:592 see devel:menus should be used instead!
2025-03-04 22:51:33		tpl_action() is deprecated. It was called from include() in /var/www/html/lib/tpl/arcadebasic/main.php:187 see devel:menus should be used instead!
2025-03-04 22:51:33		tpl_actionlink() is deprecated. It was called from tpl_action() in /var/www/html/inc/template.php:712 see devel:menus should be used instead!
2025-03-04 22:51:33		tpl_get_action() is deprecated. It was called from tpl_actionlink() in /var/www/html/inc/template.php:592 see devel:menus should be used instead!
2025-03-04 22:51:33		tpl_action() is deprecated. It was called from include() in /var/www/html/lib/tpl/arcadebasic/main.php:188 see devel:menus should be used instead!
2025-03-04 22:51:33		tpl_actionlink() is deprecated. It was called from tpl_action() in /var/www/html/inc/template.php:712 see devel:menus should be used instead!
2025-03-04 22:51:33		tpl_get_action() is deprecated. It was called from tpl_actionlink() in /var/www/html/inc/template.php:592 see devel:menus should be used instead!
2025-03-04 22:51:33		tpl_toolsevent() is deprecated. It was called from include() in /var/www/html/lib/tpl/arcadebasic/main.php:188 see devel:menus should be used instead!
2025-03-04 22:51:33		tpl_action() is deprecated. It was called from include() in /var/www/html/lib/tpl/arcadebasic/main.php:199 see devel:menus should be used instead!
2025-03-04 22:51:33		tpl_actionlink() is deprecated. It was called from tpl_action() in /var/www/html/inc/template.php:712 see devel:menus should be used instead!
2025-03-04 22:51:33		tpl_get_action() is deprecated. It was called from tpl_actionlink() in /var/www/html/inc/template.php:592 see devel:menus should be used instead!
2025-03-04 22:51:33		tpl_action() is deprecated. It was called from include() in /var/www/html/lib/tpl/arcadebasic/main.php:200 see devel:menus should be used instead!
2025-03-04 22:51:33		tpl_actionlink() is deprecated. It was called from tpl_action() in /var/www/html/inc/template.php:712 see devel:menus should be used instead!
2025-03-04 22:51:33		tpl_get_action() is deprecated. It was called from tpl_actionlink() in /var/www/html/inc/template.php:592 see devel:menus should be used instead!
2025-03-04 22:51:33		tpl_action() is deprecated. It was called from include() in /var/www/html/lib/tpl/arcadebasic/main.php:201 see devel:menus should be used instead!
2025-03-04 22:51:33		tpl_actionlink() is deprecated. It was called from tpl_action() in /var/www/html/inc/template.php:712 see devel:menus should be used instead!
2025-03-04 22:51:33		tpl_get_action() is deprecated. It was called from tpl_actionlink() in /var/www/html/inc/template.php:592 see devel:menus should be used instead!
2025-03-04 22:51:33		tpl_toolsevent() is deprecated. It was called from include() in /var/www/html/lib/tpl/arcadebasic/main.php:201 see devel:menus should be used instead!
2025-03-04 22:53:26		tpl_action() is deprecated. It was called from include() in /var/www/html/lib/tpl/arcadebasic/main.php:155 see devel:menus should be used instead!
2025-03-04 22:53:26		tpl_actionlink() is deprecated. It was called from tpl_action() in /var/www/html/inc/template.php:712 see devel:menus should be used instead!
2025-03-04 22:53:26		tpl_get_action() is deprecated. It was called from tpl_actionlink() in /var/www/html/inc/template.php:592 see devel:menus should be used instead!
2025-03-04 22:53:26		tpl_action() is deprecated. It was called from include() in /var/www/html/lib/tpl/arcadebasic/main.php:157 see devel:menus should be used instead!
2025-03-04 22:53:26		tpl_actionlink() is deprecated. It was called from tpl_action() in /var/www/html/inc/template.php:712 see devel:menus should be used instead!
2025-03-04 22:53:26		tpl_get_action() is deprecated. It was called from tpl_actionlink() in /var/www/html/inc/template.php:592 see devel:menus should be used instead!
2025-03-04 22:53:26		tpl_action() is deprecated. It was called from include() in /var/www/html/lib/tpl/arcadebasic/main.php:158 see devel:menus should be used instead!
2025-03-04 22:53:26		tpl_actionlink() is deprecated. It was called from tpl_action() in /var/www/html/inc/template.php:712 see devel:menus should be used instead!
2025-03-04 22:53:26		tpl_get_action() is deprecated. It was called from tpl_actionlink() in /var/www/html/inc/template.php:592 see devel:menus should be used instead!
2025-03-04 22:53:26		tpl_action() is deprecated. It was called from include() in /var/www/html/lib/tpl/arcadebasic/main.php:159 see devel:menus should be used instead!
2025-03-04 22:53:26		tpl_actionlink() is deprecated. It was called from tpl_action() in /var/www/html/inc/template.php:712 see devel:menus should be used instead!
2025-03-04 22:53:26		tpl_get_action() is deprecated. It was called from tpl_actionlink() in /var/www/html/inc/template.php:592 see devel:menus should be used instead!
2025-03-04 22:53:26		tpl_action() is deprecated. It was called from include() in /var/www/html/lib/tpl/arcadebasic/main.php:160 see devel:menus should be used instead!
2025-03-04 22:53:26		tpl_actionlink() is deprecated. It was called from tpl_action() in /var/www/html/inc/template.php:712 see devel:menus should be used instead!
2025-03-04 22:53:26		tpl_get_action() is deprecated. It was called from tpl_actionlink() in /var/www/html/inc/template.php:592 see devel:menus should be used instead!
2025-03-04 22:53:26		tpl_toolsevent() is deprecated. It was called from include() in /var/www/html/lib/tpl/arcadebasic/main.php:160 see devel:menus should be used instead!
2025-03-04 22:53:26		tpl_action() is deprecated. It was called from include() in /var/www/html/lib/tpl/arcadebasic/main.php:184 see devel:menus should be used instead!
2025-03-04 22:53:26		tpl_actionlink() is deprecated. It was called from tpl_action() in /var/www/html/inc/template.php:712 see devel:menus should be used instead!
2025-03-04 22:53:26		tpl_get_action() is deprecated. It was called from tpl_actionlink() in /var/www/html/inc/template.php:592 see devel:menus should be used instead!
2025-03-04 22:53:26		tpl_action() is deprecated. It was called from include() in /var/www/html/lib/tpl/arcadebasic/main.php:186 see devel:menus should be used instead!
2025-03-04 22:53:26		tpl_actionlink() is deprecated. It was called from tpl_action() in /var/www/html/inc/template.php:712 see devel:menus should be used instead!
2025-03-04 22:53:26		tpl_get_action() is deprecated. It was called from tpl_actionlink() in /var/www/html/inc/template.php:592 see devel:menus should be used instead!
2025-03-04 22:53:26		tpl_action() is deprecated. It was called from include() in /var/www/html/lib/tpl/arcadebasic/main.php:187 see devel:menus should be used instead!
2025-03-04 22:53:26		tpl_actionlink() is deprecated. It was called from tpl_action() in /var/www/html/inc/template.php:712 see devel:menus should be used instead!
2025-03-04 22:53:26		tpl_get_action() is deprecated. It was called from tpl_actionlink() in /var/www/html/inc/template.php:592 see devel:menus should be used instead!
2025-03-04 22:53:26		tpl_action() is deprecated. It was called from include() in /var/www/html/lib/tpl/arcadebasic/main.php:188 see devel:menus should be used instead!
2025-03-04 22:53:26		tpl_actionlink() is deprecated. It was called from tpl_action() in /var/www/html/inc/template.php:712 see devel:menus should be used instead!
2025-03-04 22:53:26		tpl_get_action() is deprecated. It was called from tpl_actionlink() in /var/www/html/inc/template.php:592 see devel:menus should be used instead!
2025-03-04 22:53:26		tpl_toolsevent() is deprecated. It was called from include() in /var/www/html/lib/tpl/arcadebasic/main.php:188 see devel:menus should be used instead!
2025-03-04 22:53:26		tpl_action() is deprecated. It was called from include() in /var/www/html/lib/tpl/arcadebasic/main.php:199 see devel:menus should be used instead!
2025-03-04 22:53:26		tpl_actionlink() is deprecated. It was called from tpl_action() in /var/www/html/inc/template.php:712 see devel:menus should be used instead!
2025-03-04 22:53:26		tpl_get_action() is deprecated. It was called from tpl_actionlink() in /var/www/html/inc/template.php:592 see devel:menus should be used instead!
2025-03-04 22:53:26		tpl_action() is deprecated. It was called from include() in /var/www/html/lib/tpl/arcadebasic/main.php:200 see devel:menus should be used instead!
2025-03-04 22:53:26		tpl_actionlink() is deprecated. It was called from tpl_action() in /var/www/html/inc/template.php:712 see devel:menus should be used instead!
2025-03-04 22:53:26		tpl_get_action() is deprecated. It was called from tpl_actionlink() in /var/www/html/inc/template.php:592 see devel:menus should be used instead!
2025-03-04 22:53:26		tpl_action() is deprecated. It was called from include() in /var/www/html/lib/tpl/arcadebasic/main.php:201 see devel:menus should be used instead!
2025-03-04 22:53:26		tpl_actionlink() is deprecated. It was called from tpl_action() in /var/www/html/inc/template.php:712 see devel:menus should be used instead!
2025-03-04 22:53:26		tpl_get_action() is deprecated. It was called from tpl_actionlink() in /var/www/html/inc/template.php:592 see devel:menus should be used instead!
2025-03-04 22:53:26		tpl_toolsevent() is deprecated. It was called from include() in /var/www/html/lib/tpl/arcadebasic/main.php:201 see devel:menus should be used instead!
2025-03-04 23:10:12		tpl_action() is deprecated. It was called from include() in /var/www/html/lib/tpl/arcadebasic/main.php:155 see devel:menus should be used instead!
2025-03-04 23:10:12		tpl_actionlink() is deprecated. It was called from tpl_action() in /var/www/html/inc/template.php:712 see devel:menus should be used instead!
2025-03-04 23:10:12		tpl_get_action() is deprecated. It was called from tpl_actionlink() in /var/www/html/inc/template.php:592 see devel:menus should be used instead!
2025-03-04 23:10:12		tpl_action() is deprecated. It was called from include() in /var/www/html/lib/tpl/arcadebasic/main.php:157 see devel:menus should be used instead!
2025-03-04 23:10:12		tpl_actionlink() is deprecated. It was called from tpl_action() in /var/www/html/inc/template.php:712 see devel:menus should be used instead!
2025-03-04 23:10:12		tpl_get_action() is deprecated. It was called from tpl_actionlink() in /var/www/html/inc/template.php:592 see devel:menus should be used instead!
2025-03-04 23:10:12		tpl_action() is deprecated. It was called from include() in /var/www/html/lib/tpl/arcadebasic/main.php:158 see devel:menus should be used instead!
2025-03-04 23:10:12		tpl_actionlink() is deprecated. It was called from tpl_action() in /var/www/html/inc/template.php:712 see devel:menus should be used instead!
2025-03-04 23:10:12		tpl_get_action() is deprecated. It was called from tpl_actionlink() in /var/www/html/inc/template.php:592 see devel:menus should be used instead!
2025-03-04 23:10:12		tpl_action() is deprecated. It was called from include() in /var/www/html/lib/tpl/arcadebasic/main.php:159 see devel:menus should be used instead!
2025-03-04 23:10:12		tpl_actionlink() is deprecated. It was called from tpl_action() in /var/www/html/inc/template.php:712 see devel:menus should be used instead!
2025-03-04 23:10:12		tpl_get_action() is deprecated. It was called from tpl_actionlink() in /var/www/html/inc/template.php:592 see devel:menus should be used instead!
2025-03-04 23:10:12		tpl_action() is deprecated. It was called from include() in /var/www/html/lib/tpl/arcadebasic/main.php:160 see devel:menus should be used instead!
2025-03-04 23:10:12		tpl_actionlink() is deprecated. It was called from tpl_action() in /var/www/html/inc/template.php:712 see devel:menus should be used instead!
2025-03-04 23:10:12		tpl_get_action() is deprecated. It was called from tpl_actionlink() in /var/www/html/inc/template.php:592 see devel:menus should be used instead!
2025-03-04 23:10:12		tpl_toolsevent() is deprecated. It was called from include() in /var/www/html/lib/tpl/arcadebasic/main.php:160 see devel:menus should be used instead!
2025-03-04 23:10:12		tpl_action() is deprecated. It was called from include() in /var/www/html/lib/tpl/arcadebasic/main.php:184 see devel:menus should be used instead!
2025-03-04 23:10:12		tpl_actionlink() is deprecated. It was called from tpl_action() in /var/www/html/inc/template.php:712 see devel:menus should be used instead!
2025-03-04 23:10:12		tpl_get_action() is deprecated. It was called from tpl_actionlink() in /var/www/html/inc/template.php:592 see devel:menus should be used instead!
2025-03-04 23:10:12		tpl_action() is deprecated. It was called from include() in /var/www/html/lib/tpl/arcadebasic/main.php:186 see devel:menus should be used instead!
2025-03-04 23:10:12		tpl_actionlink() is deprecated. It was called from tpl_action() in /var/www/html/inc/template.php:712 see devel:menus should be used instead!
2025-03-04 23:10:12		tpl_get_action() is deprecated. It was called from tpl_actionlink() in /var/www/html/inc/template.php:592 see devel:menus should be used instead!
2025-03-04 23:10:12		tpl_action() is deprecated. It was called from include() in /var/www/html/lib/tpl/arcadebasic/main.php:187 see devel:menus should be used instead!
2025-03-04 23:10:12		tpl_actionlink() is deprecated. It was called from tpl_action() in /var/www/html/inc/template.php:712 see devel:menus should be used instead!
2025-03-04 23:10:12		tpl_get_action() is deprecated. It was called from tpl_actionlink() in /var/www/html/inc/template.php:592 see devel:menus should be used instead!
2025-03-04 23:10:12		tpl_action() is deprecated. It was called from include() in /var/www/html/lib/tpl/arcadebasic/main.php:188 see devel:menus should be used instead!
2025-03-04 23:10:12		tpl_actionlink() is deprecated. It was called from tpl_action() in /var/www/html/inc/template.php:712 see devel:menus should be used instead!
2025-03-04 23:10:12		tpl_get_action() is deprecated. It was called from tpl_actionlink() in /var/www/html/inc/template.php:592 see devel:menus should be used instead!
2025-03-04 23:10:12		tpl_toolsevent() is deprecated. It was called from include() in /var/www/html/lib/tpl/arcadebasic/main.php:188 see devel:menus should be used instead!
2025-03-04 23:10:12		tpl_action() is deprecated. It was called from include() in /var/www/html/lib/tpl/arcadebasic/main.php:199 see devel:menus should be used instead!
2025-03-04 23:10:12		tpl_actionlink() is deprecated. It was called from tpl_action() in /var/www/html/inc/template.php:712 see devel:menus should be used instead!
2025-03-04 23:10:12		tpl_get_action() is deprecated. It was called from tpl_actionlink() in /var/www/html/inc/template.php:592 see devel:menus should be used instead!
2025-03-04 23:10:12		tpl_action() is deprecated. It was called from include() in /var/www/html/lib/tpl/arcadebasic/main.php:200 see devel:menus should be used instead!
2025-03-04 23:10:12		tpl_actionlink() is deprecated. It was called from tpl_action() in /var/www/html/inc/template.php:712 see devel:menus should be used instead!
2025-03-04 23:10:12		tpl_get_action() is deprecated. It was called from tpl_actionlink() in /var/www/html/inc/template.php:592 see devel:menus should be used instead!
2025-03-04 23:10:12		tpl_action() is deprecated. It was called from include() in /var/www/html/lib/tpl/arcadebasic/main.php:201 see devel:menus should be used instead!
2025-03-04 23:10:12		tpl_actionlink() is deprecated. It was called from tpl_action() in /var/www/html/inc/template.php:712 see devel:menus should be used instead!
2025-03-04 23:10:12		tpl_get_action() is deprecated. It was called from tpl_actionlink() in /var/www/html/inc/template.php:592 see devel:menus should be used instead!
2025-03-04 23:10:12		tpl_toolsevent() is deprecated. It was called from include() in /var/www/html/lib/tpl/arcadebasic/main.php:201 see devel:menus should be used instead!
2025-03-04 23:10:12		tpl_action() is deprecated. It was called from include() in /var/www/html/lib/tpl/arcadebasic/main.php:155 see devel:menus should be used instead!
2025-03-04 23:10:12		tpl_actionlink() is deprecated. It was called from tpl_action() in /var/www/html/inc/template.php:712 see devel:menus should be used instead!
2025-03-04 23:10:12		tpl_get_action() is deprecated. It was called from tpl_actionlink() in /var/www/html/inc/template.php:592 see devel:menus should be used instead!
2025-03-04 23:10:12		tpl_action() is deprecated. It was called from include() in /var/www/html/lib/tpl/arcadebasic/main.php:157 see devel:menus should be used instead!
2025-03-04 23:10:12		tpl_actionlink() is deprecated. It was called from tpl_action() in /var/www/html/inc/template.php:712 see devel:menus should be used instead!
2025-03-04 23:10:12		tpl_get_action() is deprecated. It was called from tpl_actionlink() in /var/www/html/inc/template.php:592 see devel:menus should be used instead!
2025-03-04 23:10:12		tpl_action() is deprecated. It was called from include() in /var/www/html/lib/tpl/arcadebasic/main.php:158 see devel:menus should be used instead!
2025-03-04 23:10:12		tpl_actionlink() is deprecated. It was called from tpl_action() in /var/www/html/inc/template.php:712 see devel:menus should be used instead!
2025-03-04 23:10:12		tpl_get_action() is deprecated. It was called from tpl_actionlink() in /var/www/html/inc/template.php:592 see devel:menus should be used instead!
2025-03-04 23:10:12		tpl_action() is deprecated. It was called from include() in /var/www/html/lib/tpl/arcadebasic/main.php:159 see devel:menus should be used instead!
2025-03-04 23:10:12		tpl_actionlink() is deprecated. It was called from tpl_action() in /var/www/html/inc/template.php:712 see devel:menus should be used instead!
2025-03-04 23:10:12		tpl_get_action() is deprecated. It was called from tpl_actionlink() in /var/www/html/inc/template.php:592 see devel:menus should be used instead!
2025-03-04 23:10:12		tpl_action() is deprecated. It was called from include() in /var/www/html/lib/tpl/arcadebasic/main.php:160 see devel:menus should be used instead!
2025-03-04 23:10:12		tpl_actionlink() is deprecated. It was called from tpl_action() in /var/www/html/inc/template.php:712 see devel:menus should be used instead!
2025-03-04 23:10:12		tpl_get_action() is deprecated. It was called from tpl_actionlink() in /var/www/html/inc/template.php:592 see devel:menus should be used instead!
2025-03-04 23:10:12		tpl_toolsevent() is deprecated. It was called from include() in /var/www/html/lib/tpl/arcadebasic/main.php:160 see devel:menus should be used instead!
2025-03-04 23:10:12		tpl_action() is deprecated. It was called from include() in /var/www/html/lib/tpl/arcadebasic/main.php:184 see devel:menus should be used instead!
2025-03-04 23:10:12		tpl_actionlink() is deprecated. It was called from tpl_action() in /var/www/html/inc/template.php:712 see devel:menus should be used instead!
2025-03-04 23:10:12		tpl_get_action() is deprecated. It was called from tpl_actionlink() in /var/www/html/inc/template.php:592 see devel:menus should be used instead!
2025-03-04 23:10:12		tpl_action() is deprecated. It was called from include() in /var/www/html/lib/tpl/arcadebasic/main.php:186 see devel:menus should be used instead!
2025-03-04 23:10:12		tpl_actionlink() is deprecated. It was called from tpl_action() in /var/www/html/inc/template.php:712 see devel:menus should be used instead!
2025-03-04 23:10:12		tpl_get_action() is deprecated. It was called from tpl_actionlink() in /var/www/html/inc/template.php:592 see devel:menus should be used instead!
2025-03-04 23:10:12		tpl_action() is deprecated. It was called from include() in /var/www/html/lib/tpl/arcadebasic/main.php:187 see devel:menus should be used instead!
2025-03-04 23:10:12		tpl_actionlink() is deprecated. It was called from tpl_action() in /var/www/html/inc/template.php:712 see devel:menus should be used instead!
2025-03-04 23:10:12		tpl_get_action() is deprecated. It was called from tpl_actionlink() in /var/www/html/inc/template.php:592 see devel:menus should be used instead!
2025-03-04 23:10:12		tpl_action() is deprecated. It was called from include() in /var/www/html/lib/tpl/arcadebasic/main.php:188 see devel:menus should be used instead!
2025-03-04 23:10:12		tpl_actionlink() is deprecated. It was called from tpl_action() in /var/www/html/inc/template.php:712 see devel:menus should be used instead!
2025-03-04 23:10:12		tpl_get_action() is deprecated. It was called from tpl_actionlink() in /var/www/html/inc/template.php:592 see devel:menus should be used instead!
2025-03-04 23:10:12		tpl_toolsevent() is deprecated. It was called from include() in /var/www/html/lib/tpl/arcadebasic/main.php:188 see devel:menus should be used instead!
2025-03-04 23:10:12		tpl_action() is deprecated. It was called from include() in /var/www/html/lib/tpl/arcadebasic/main.php:199 see devel:menus should be used instead!
2025-03-04 23:10:12		tpl_actionlink() is deprecated. It was called from tpl_action() in /var/www/html/inc/template.php:712 see devel:menus should be used instead!
2025-03-04 23:10:12		tpl_get_action() is deprecated. It was called from tpl_actionlink() in /var/www/html/inc/template.php:592 see devel:menus should be used instead!
2025-03-04 23:10:12		tpl_action() is deprecated. It was called from include() in /var/www/html/lib/tpl/arcadebasic/main.php:200 see devel:menus should be used instead!
2025-03-04 23:10:12		tpl_actionlink() is deprecated. It was called from tpl_action() in /var/www/html/inc/template.php:712 see devel:menus should be used instead!
2025-03-04 23:10:12		tpl_get_action() is deprecated. It was called from tpl_actionlink() in /var/www/html/inc/template.php:592 see devel:menus should be used instead!
2025-03-04 23:10:12		tpl_action() is deprecated. It was called from include() in /var/www/html/lib/tpl/arcadebasic/main.php:201 see devel:menus should be used instead!
2025-03-04 23:10:12		tpl_actionlink() is deprecated. It was called from tpl_action() in /var/www/html/inc/template.php:712 see devel:menus should be used instead!
2025-03-04 23:10:12		tpl_get_action() is deprecated. It was called from tpl_actionlink() in /var/www/html/inc/template.php:592 see devel:menus should be used instead!
2025-03-04 23:10:12		tpl_toolsevent() is deprecated. It was called from include() in /var/www/html/lib/tpl/arcadebasic/main.php:201 see devel:menus should be used instead!
2025-03-04 23:10:15		require_once() is deprecated. It was called from require() in /var/www/html/lib/plugins/imagebox/syntax.php:9 Autoloading should be used instead!
2025-03-04 23:10:15		tpl_action() is deprecated. It was called from include() in /var/www/html/lib/tpl/arcadebasic/main.php:155 see devel:menus should be used instead!
2025-03-04 23:10:15		tpl_actionlink() is deprecated. It was called from tpl_action() in /var/www/html/inc/template.php:712 see devel:menus should be used instead!
2025-03-04 23:10:15		tpl_get_action() is deprecated. It was called from tpl_actionlink() in /var/www/html/inc/template.php:592 see devel:menus should be used instead!
2025-03-04 23:10:15		tpl_action() is deprecated. It was called from include() in /var/www/html/lib/tpl/arcadebasic/main.php:157 see devel:menus should be used instead!
2025-03-04 23:10:15		tpl_actionlink() is deprecated. It was called from tpl_action() in /var/www/html/inc/template.php:712 see devel:menus should be used instead!
2025-03-04 23:10:15		tpl_get_action() is deprecated. It was called from tpl_actionlink() in /var/www/html/inc/template.php:592 see devel:menus should be used instead!
2025-03-04 23:10:15		tpl_action() is deprecated. It was called from include() in /var/www/html/lib/tpl/arcadebasic/main.php:158 see devel:menus should be used instead!
2025-03-04 23:10:15		tpl_actionlink() is deprecated. It was called from tpl_action() in /var/www/html/inc/template.php:712 see devel:menus should be used instead!
2025-03-04 23:10:15		tpl_get_action() is deprecated. It was called from tpl_actionlink() in /var/www/html/inc/template.php:592 see devel:menus should be used instead!
2025-03-04 23:10:15		tpl_action() is deprecated. It was called from include() in /var/www/html/lib/tpl/arcadebasic/main.php:159 see devel:menus should be used instead!
2025-03-04 23:10:15		tpl_actionlink() is deprecated. It was called from tpl_action() in /var/www/html/inc/template.php:712 see devel:menus should be used instead!
2025-03-04 23:10:15		tpl_get_action() is deprecated. It was called from tpl_actionlink() in /var/www/html/inc/template.php:592 see devel:menus should be used instead!
2025-03-04 23:10:15		tpl_action() is deprecated. It was called from include() in /var/www/html/lib/tpl/arcadebasic/main.php:160 see devel:menus should be used instead!
2025-03-04 23:10:15		tpl_actionlink() is deprecated. It was called from tpl_action() in /var/www/html/inc/template.php:712 see devel:menus should be used instead!
2025-03-04 23:10:15		tpl_get_action() is deprecated. It was called from tpl_actionlink() in /var/www/html/inc/template.php:592 see devel:menus should be used instead!
2025-03-04 23:10:15		tpl_toolsevent() is deprecated. It was called from include() in /var/www/html/lib/tpl/arcadebasic/main.php:160 see devel:menus should be used instead!
2025-03-04 23:10:15		tpl_action() is deprecated. It was called from include() in /var/www/html/lib/tpl/arcadebasic/main.php:184 see devel:menus should be used instead!
2025-03-04 23:10:15		tpl_actionlink() is deprecated. It was called from tpl_action() in /var/www/html/inc/template.php:712 see devel:menus should be used instead!
2025-03-04 23:10:15		tpl_get_action() is deprecated. It was called from tpl_actionlink() in /var/www/html/inc/template.php:592 see devel:menus should be used instead!
2025-03-04 23:10:15		tpl_action() is deprecated. It was called from include() in /var/www/html/lib/tpl/arcadebasic/main.php:186 see devel:menus should be used instead!
2025-03-04 23:10:15		tpl_actionlink() is deprecated. It was called from tpl_action() in /var/www/html/inc/template.php:712 see devel:menus should be used instead!
2025-03-04 23:10:15		tpl_get_action() is deprecated. It was called from tpl_actionlink() in /var/www/html/inc/template.php:592 see devel:menus should be used instead!
2025-03-04 23:10:15		tpl_action() is deprecated. It was called from include() in /var/www/html/lib/tpl/arcadebasic/main.php:187 see devel:menus should be used instead!
2025-03-04 23:10:15		tpl_actionlink() is deprecated. It was called from tpl_action() in /var/www/html/inc/template.php:712 see devel:menus should be used instead!
2025-03-04 23:10:15		tpl_get_action() is deprecated. It was called from tpl_actionlink() in /var/www/html/inc/template.php:592 see devel:menus should be used instead!
2025-03-04 23:10:15		tpl_action() is deprecated. It was called from include() in /var/www/html/lib/tpl/arcadebasic/main.php:188 see devel:menus should be used instead!
2025-03-04 23:10:15		tpl_actionlink() is deprecated. It was called from tpl_action() in /var/www/html/inc/template.php:712 see devel:menus should be used instead!
2025-03-04 23:10:15		tpl_get_action() is deprecated. It was called from tpl_actionlink() in /var/www/html/inc/template.php:592 see devel:menus should be used instead!
2025-03-04 23:10:15		tpl_toolsevent() is deprecated. It was called from include() in /var/www/html/lib/tpl/arcadebasic/main.php:188 see devel:menus should be used instead!
2025-03-04 23:10:15		tpl_action() is deprecated. It was called from include() in /var/www/html/lib/tpl/arcadebasic/main.php:199 see devel:menus should be used instead!
2025-03-04 23:10:15		tpl_actionlink() is deprecated. It was called from tpl_action() in /var/www/html/inc/template.php:712 see devel:menus should be used instead!
2025-03-04 23:10:15		tpl_get_action() is deprecated. It was called from tpl_actionlink() in /var/www/html/inc/template.php:592 see devel:menus should be used instead!
2025-03-04 23:10:15		tpl_action() is deprecated. It was called from include() in /var/www/html/lib/tpl/arcadebasic/main.php:200 see devel:menus should be used instead!
2025-03-04 23:10:15		tpl_actionlink() is deprecated. It was called from tpl_action() in /var/www/html/inc/template.php:712 see devel:menus should be used instead!
2025-03-04 23:10:15		tpl_get_action() is deprecated. It was called from tpl_actionlink() in /var/www/html/inc/template.php:592 see devel:menus should be used instead!
2025-03-04 23:10:15		tpl_action() is deprecated. It was called from include() in /var/www/html/lib/tpl/arcadebasic/main.php:201 see devel:menus should be used instead!
2025-03-04 23:10:15		tpl_actionlink() is deprecated. It was called from tpl_action() in /var/www/html/inc/template.php:712 see devel:menus should be used instead!
2025-03-04 23:10:15		tpl_get_action() is deprecated. It was called from tpl_actionlink() in /var/www/html/inc/template.php:592 see devel:menus should be used instead!
2025-03-04 23:10:15		tpl_toolsevent() is deprecated. It was called from include() in /var/www/html/lib/tpl/arcadebasic/main.php:201 see devel:menus should be used instead!
2025-03-04 23:10:24		tpl_action() is deprecated. It was called from include() in /var/www/html/lib/tpl/arcadebasic/main.php:155 see devel:menus should be used instead!
2025-03-04 23:10:24		tpl_actionlink() is deprecated. It was called from tpl_action() in /var/www/html/inc/template.php:712 see devel:menus should be used instead!
2025-03-04 23:10:24		tpl_get_action() is deprecated. It was called from tpl_actionlink() in /var/www/html/inc/template.php:592 see devel:menus should be used instead!
2025-03-04 23:10:24		tpl_action() is deprecated. It was called from include() in /var/www/html/lib/tpl/arcadebasic/main.php:157 see devel:menus should be used instead!
2025-03-04 23:10:24		tpl_actionlink() is deprecated. It was called from tpl_action() in /var/www/html/inc/template.php:712 see devel:menus should be used instead!
2025-03-04 23:10:24		tpl_get_action() is deprecated. It was called from tpl_actionlink() in /var/www/html/inc/template.php:592 see devel:menus should be used instead!
2025-03-04 23:10:24		tpl_action() is deprecated. It was called from include() in /var/www/html/lib/tpl/arcadebasic/main.php:158 see devel:menus should be used instead!
2025-03-04 23:10:24		tpl_actionlink() is deprecated. It was called from tpl_action() in /var/www/html/inc/template.php:712 see devel:menus should be used instead!
2025-03-04 23:10:24		tpl_get_action() is deprecated. It was called from tpl_actionlink() in /var/www/html/inc/template.php:592 see devel:menus should be used instead!
2025-03-04 23:10:24		tpl_action() is deprecated. It was called from include() in /var/www/html/lib/tpl/arcadebasic/main.php:159 see devel:menus should be used instead!
2025-03-04 23:10:24		tpl_actionlink() is deprecated. It was called from tpl_action() in /var/www/html/inc/template.php:712 see devel:menus should be used instead!
2025-03-04 23:10:24		tpl_get_action() is deprecated. It was called from tpl_actionlink() in /var/www/html/inc/template.php:592 see devel:menus should be used instead!
2025-03-04 23:10:24		tpl_action() is deprecated. It was called from include() in /var/www/html/lib/tpl/arcadebasic/main.php:160 see devel:menus should be used instead!
2025-03-04 23:10:24		tpl_actionlink() is deprecated. It was called from tpl_action() in /var/www/html/inc/template.php:712 see devel:menus should be used instead!
2025-03-04 23:10:24		tpl_get_action() is deprecated. It was called from tpl_actionlink() in /var/www/html/inc/template.php:592 see devel:menus should be used instead!
2025-03-04 23:10:24		tpl_toolsevent() is deprecated. It was called from include() in /var/www/html/lib/tpl/arcadebasic/main.php:160 see devel:menus should be used instead!
2025-03-04 23:10:24		tpl_action() is deprecated. It was called from include() in /var/www/html/lib/tpl/arcadebasic/main.php:184 see devel:menus should be used instead!
2025-03-04 23:10:24		tpl_actionlink() is deprecated. It was called from tpl_action() in /var/www/html/inc/template.php:712 see devel:menus should be used instead!
2025-03-04 23:10:24		tpl_get_action() is deprecated. It was called from tpl_actionlink() in /var/www/html/inc/template.php:592 see devel:menus should be used instead!
2025-03-04 23:10:24		tpl_action() is deprecated. It was called from include() in /var/www/html/lib/tpl/arcadebasic/main.php:186 see devel:menus should be used instead!
2025-03-04 23:10:24		tpl_actionlink() is deprecated. It was called from tpl_action() in /var/www/html/inc/template.php:712 see devel:menus should be used instead!
2025-03-04 23:10:24		tpl_get_action() is deprecated. It was called from tpl_actionlink() in /var/www/html/inc/template.php:592 see devel:menus should be used instead!
2025-03-04 23:10:24		tpl_action() is deprecated. It was called from include() in /var/www/html/lib/tpl/arcadebasic/main.php:187 see devel:menus should be used instead!
2025-03-04 23:10:24		tpl_actionlink() is deprecated. It was called from tpl_action() in /var/www/html/inc/template.php:712 see devel:menus should be used instead!
2025-03-04 23:10:24		tpl_get_action() is deprecated. It was called from tpl_actionlink() in /var/www/html/inc/template.php:592 see devel:menus should be used instead!
2025-03-04 23:10:24		tpl_action() is deprecated. It was called from include() in /var/www/html/lib/tpl/arcadebasic/main.php:188 see devel:menus should be used instead!
2025-03-04 23:10:24		tpl_actionlink() is deprecated. It was called from tpl_action() in /var/www/html/inc/template.php:712 see devel:menus should be used instead!
2025-03-04 23:10:24		tpl_get_action() is deprecated. It was called from tpl_actionlink() in /var/www/html/inc/template.php:592 see devel:menus should be used instead!
2025-03-04 23:10:24		tpl_toolsevent() is deprecated. It was called from include() in /var/www/html/lib/tpl/arcadebasic/main.php:188 see devel:menus should be used instead!
2025-03-04 23:10:24		tpl_action() is deprecated. It was called from include() in /var/www/html/lib/tpl/arcadebasic/main.php:199 see devel:menus should be used instead!
2025-03-04 23:10:24		tpl_actionlink() is deprecated. It was called from tpl_action() in /var/www/html/inc/template.php:712 see devel:menus should be used instead!
2025-03-04 23:10:24		tpl_get_action() is deprecated. It was called from tpl_actionlink() in /var/www/html/inc/template.php:592 see devel:menus should be used instead!
2025-03-04 23:10:24		tpl_action() is deprecated. It was called from include() in /var/www/html/lib/tpl/arcadebasic/main.php:200 see devel:menus should be used instead!
2025-03-04 23:10:24		tpl_actionlink() is deprecated. It was called from tpl_action() in /var/www/html/inc/template.php:712 see devel:menus should be used instead!
2025-03-04 23:10:24		tpl_get_action() is deprecated. It was called from tpl_actionlink() in /var/www/html/inc/template.php:592 see devel:menus should be used instead!
2025-03-04 23:10:24		tpl_action() is deprecated. It was called from include() in /var/www/html/lib/tpl/arcadebasic/main.php:201 see devel:menus should be used instead!
2025-03-04 23:10:24		tpl_actionlink() is deprecated. It was called from tpl_action() in /var/www/html/inc/template.php:712 see devel:menus should be used instead!
2025-03-04 23:10:24		tpl_get_action() is deprecated. It was called from tpl_actionlink() in /var/www/html/inc/template.php:592 see devel:menus should be used instead!
2025-03-04 23:10:24		tpl_toolsevent() is deprecated. It was called from include() in /var/www/html/lib/tpl/arcadebasic/main.php:201 see devel:menus should be used instead!
2025-03-04 23:11:04		tpl_action() is deprecated. It was called from include() in /var/www/html/lib/tpl/arcadebasic/main.php:155 see devel:menus should be used instead!
2025-03-04 23:11:04		tpl_actionlink() is deprecated. It was called from tpl_action() in /var/www/html/inc/template.php:712 see devel:menus should be used instead!
2025-03-04 23:11:04		tpl_get_action() is deprecated. It was called from tpl_actionlink() in /var/www/html/inc/template.php:592 see devel:menus should be used instead!
2025-03-04 23:11:04		tpl_action() is deprecated. It was called from include() in /var/www/html/lib/tpl/arcadebasic/main.php:157 see devel:menus should be used instead!
2025-03-04 23:11:04		tpl_actionlink() is deprecated. It was called from tpl_action() in /var/www/html/inc/template.php:712 see devel:menus should be used instead!
2025-03-04 23:11:04		tpl_get_action() is deprecated. It was called from tpl_actionlink() in /var/www/html/inc/template.php:592 see devel:menus should be used instead!
2025-03-04 23:11:04		tpl_action() is deprecated. It was called from include() in /var/www/html/lib/tpl/arcadebasic/main.php:158 see devel:menus should be used instead!
2025-03-04 23:11:04		tpl_actionlink() is deprecated. It was called from tpl_action() in /var/www/html/inc/template.php:712 see devel:menus should be used instead!
2025-03-04 23:11:04		tpl_get_action() is deprecated. It was called from tpl_actionlink() in /var/www/html/inc/template.php:592 see devel:menus should be used instead!
2025-03-04 23:11:04		tpl_action() is deprecated. It was called from include() in /var/www/html/lib/tpl/arcadebasic/main.php:159 see devel:menus should be used instead!
2025-03-04 23:11:04		tpl_actionlink() is deprecated. It was called from tpl_action() in /var/www/html/inc/template.php:712 see devel:menus should be used instead!
2025-03-04 23:11:04		tpl_get_action() is deprecated. It was called from tpl_actionlink() in /var/www/html/inc/template.php:592 see devel:menus should be used instead!
2025-03-04 23:11:04		tpl_action() is deprecated. It was called from include() in /var/www/html/lib/tpl/arcadebasic/main.php:160 see devel:menus should be used instead!
2025-03-04 23:11:04		tpl_actionlink() is deprecated. It was called from tpl_action() in /var/www/html/inc/template.php:712 see devel:menus should be used instead!
2025-03-04 23:11:04		tpl_get_action() is deprecated. It was called from tpl_actionlink() in /var/www/html/inc/template.php:592 see devel:menus should be used instead!
2025-03-04 23:11:04		tpl_toolsevent() is deprecated. It was called from include() in /var/www/html/lib/tpl/arcadebasic/main.php:160 see devel:menus should be used instead!
2025-03-04 23:11:04		tpl_action() is deprecated. It was called from include() in /var/www/html/lib/tpl/arcadebasic/main.php:184 see devel:menus should be used instead!
2025-03-04 23:11:04		tpl_actionlink() is deprecated. It was called from tpl_action() in /var/www/html/inc/template.php:712 see devel:menus should be used instead!
2025-03-04 23:11:04		tpl_get_action() is deprecated. It was called from tpl_actionlink() in /var/www/html/inc/template.php:592 see devel:menus should be used instead!
2025-03-04 23:11:04		tpl_action() is deprecated. It was called from include() in /var/www/html/lib/tpl/arcadebasic/main.php:186 see devel:menus should be used instead!
2025-03-04 23:11:04		tpl_actionlink() is deprecated. It was called from tpl_action() in /var/www/html/inc/template.php:712 see devel:menus should be used instead!
2025-03-04 23:11:04		tpl_get_action() is deprecated. It was called from tpl_actionlink() in /var/www/html/inc/template.php:592 see devel:menus should be used instead!
2025-03-04 23:11:04		tpl_action() is deprecated. It was called from include() in /var/www/html/lib/tpl/arcadebasic/main.php:187 see devel:menus should be used instead!
2025-03-04 23:11:04		tpl_actionlink() is deprecated. It was called from tpl_action() in /var/www/html/inc/template.php:712 see devel:menus should be used instead!
2025-03-04 23:11:04		tpl_get_action() is deprecated. It was called from tpl_actionlink() in /var/www/html/inc/template.php:592 see devel:menus should be used instead!
2025-03-04 23:11:04		tpl_action() is deprecated. It was called from include() in /var/www/html/lib/tpl/arcadebasic/main.php:188 see devel:menus should be used instead!
2025-03-04 23:11:04		tpl_actionlink() is deprecated. It was called from tpl_action() in /var/www/html/inc/template.php:712 see devel:menus should be used instead!
2025-03-04 23:11:04		tpl_get_action() is deprecated. It was called from tpl_actionlink() in /var/www/html/inc/template.php:592 see devel:menus should be used instead!
2025-03-04 23:11:04		tpl_toolsevent() is deprecated. It was called from include() in /var/www/html/lib/tpl/arcadebasic/main.php:188 see devel:menus should be used instead!
2025-03-04 23:11:04		tpl_action() is deprecated. It was called from include() in /var/www/html/lib/tpl/arcadebasic/main.php:199 see devel:menus should be used instead!
2025-03-04 23:11:04		tpl_actionlink() is deprecated. It was called from tpl_action() in /var/www/html/inc/template.php:712 see devel:menus should be used instead!
2025-03-04 23:11:04		tpl_get_action() is deprecated. It was called from tpl_actionlink() in /var/www/html/inc/template.php:592 see devel:menus should be used instead!
2025-03-04 23:11:04		tpl_action() is deprecated. It was called from include() in /var/www/html/lib/tpl/arcadebasic/main.php:200 see devel:menus should be used instead!
2025-03-04 23:11:04		tpl_actionlink() is deprecated. It was called from tpl_action() in /var/www/html/inc/template.php:712 see devel:menus should be used instead!
2025-03-04 23:11:04		tpl_get_action() is deprecated. It was called from tpl_actionlink() in /var/www/html/inc/template.php:592 see devel:menus should be used instead!
2025-03-04 23:11:04		tpl_action() is deprecated. It was called from include() in /var/www/html/lib/tpl/arcadebasic/main.php:201 see devel:menus should be used instead!
2025-03-04 23:11:04		tpl_actionlink() is deprecated. It was called from tpl_action() in /var/www/html/inc/template.php:712 see devel:menus should be used instead!
2025-03-04 23:11:04		tpl_get_action() is deprecated. It was called from tpl_actionlink() in /var/www/html/inc/template.php:592 see devel:menus should be used instead!
2025-03-04 23:11:04		tpl_toolsevent() is deprecated. It was called from include() in /var/www/html/lib/tpl/arcadebasic/main.php:201 see devel:menus should be used instead!
2025-03-04 23:11:04		tpl_action() is deprecated. It was called from include() in /var/www/html/lib/tpl/arcadebasic/main.php:155 see devel:menus should be used instead!
2025-03-04 23:11:04		tpl_actionlink() is deprecated. It was called from tpl_action() in /var/www/html/inc/template.php:712 see devel:menus should be used instead!
2025-03-04 23:11:04		tpl_get_action() is deprecated. It was called from tpl_actionlink() in /var/www/html/inc/template.php:592 see devel:menus should be used instead!
2025-03-04 23:11:04		tpl_action() is deprecated. It was called from include() in /var/www/html/lib/tpl/arcadebasic/main.php:157 see devel:menus should be used instead!
2025-03-04 23:11:04		tpl_actionlink() is deprecated. It was called from tpl_action() in /var/www/html/inc/template.php:712 see devel:menus should be used instead!
2025-03-04 23:11:04		tpl_get_action() is deprecated. It was called from tpl_actionlink() in /var/www/html/inc/template.php:592 see devel:menus should be used instead!
2025-03-04 23:11:04		tpl_action() is deprecated. It was called from include() in /var/www/html/lib/tpl/arcadebasic/main.php:158 see devel:menus should be used instead!
2025-03-04 23:11:04		tpl_actionlink() is deprecated. It was called from tpl_action() in /var/www/html/inc/template.php:712 see devel:menus should be used instead!
2025-03-04 23:11:04		tpl_get_action() is deprecated. It was called from tpl_actionlink() in /var/www/html/inc/template.php:592 see devel:menus should be used instead!
2025-03-04 23:11:04		tpl_action() is deprecated. It was called from include() in /var/www/html/lib/tpl/arcadebasic/main.php:159 see devel:menus should be used instead!
2025-03-04 23:11:04		tpl_actionlink() is deprecated. It was called from tpl_action() in /var/www/html/inc/template.php:712 see devel:menus should be used instead!
2025-03-04 23:11:04		tpl_get_action() is deprecated. It was called from tpl_actionlink() in /var/www/html/inc/template.php:592 see devel:menus should be used instead!
2025-03-04 23:11:04		tpl_action() is deprecated. It was called from include() in /var/www/html/lib/tpl/arcadebasic/main.php:160 see devel:menus should be used instead!
2025-03-04 23:11:04		tpl_actionlink() is deprecated. It was called from tpl_action() in /var/www/html/inc/template.php:712 see devel:menus should be used instead!
2025-03-04 23:11:04		tpl_get_action() is deprecated. It was called from tpl_actionlink() in /var/www/html/inc/template.php:592 see devel:menus should be used instead!
2025-03-04 23:11:04		tpl_toolsevent() is deprecated. It was called from include() in /var/www/html/lib/tpl/arcadebasic/main.php:160 see devel:menus should be used instead!
2025-03-04 23:11:04		tpl_action() is deprecated. It was called from include() in /var/www/html/lib/tpl/arcadebasic/main.php:184 see devel:menus should be used instead!
2025-03-04 23:11:04		tpl_actionlink() is deprecated. It was called from tpl_action() in /var/www/html/inc/template.php:712 see devel:menus should be used instead!
2025-03-04 23:11:04		tpl_get_action() is deprecated. It was called from tpl_actionlink() in /var/www/html/inc/template.php:592 see devel:menus should be used instead!
2025-03-04 23:11:04		tpl_action() is deprecated. It was called from include() in /var/www/html/lib/tpl/arcadebasic/main.php:186 see devel:menus should be used instead!
2025-03-04 23:11:04		tpl_actionlink() is deprecated. It was called from tpl_action() in /var/www/html/inc/template.php:712 see devel:menus should be used instead!
2025-03-04 23:11:04		tpl_get_action() is deprecated. It was called from tpl_actionlink() in /var/www/html/inc/template.php:592 see devel:menus should be used instead!
2025-03-04 23:11:04		tpl_action() is deprecated. It was called from include() in /var/www/html/lib/tpl/arcadebasic/main.php:187 see devel:menus should be used instead!
2025-03-04 23:11:04		tpl_actionlink() is deprecated. It was called from tpl_action() in /var/www/html/inc/template.php:712 see devel:menus should be used instead!
2025-03-04 23:11:04		tpl_get_action() is deprecated. It was called from tpl_actionlink() in /var/www/html/inc/template.php:592 see devel:menus should be used instead!
2025-03-04 23:11:04		tpl_action() is deprecated. It was called from include() in /var/www/html/lib/tpl/arcadebasic/main.php:188 see devel:menus should be used instead!
2025-03-04 23:11:04		tpl_actionlink() is deprecated. It was called from tpl_action() in /var/www/html/inc/template.php:712 see devel:menus should be used instead!
2025-03-04 23:11:04		tpl_get_action() is deprecated. It was called from tpl_actionlink() in /var/www/html/inc/template.php:592 see devel:menus should be used instead!
2025-03-04 23:11:04		tpl_toolsevent() is deprecated. It was called from include() in /var/www/html/lib/tpl/arcadebasic/main.php:188 see devel:menus should be used instead!
2025-03-04 23:11:04		tpl_action() is deprecated. It was called from include() in /var/www/html/lib/tpl/arcadebasic/main.php:199 see devel:menus should be used instead!
2025-03-04 23:11:04		tpl_actionlink() is deprecated. It was called from tpl_action() in /var/www/html/inc/template.php:712 see devel:menus should be used instead!
2025-03-04 23:11:04		tpl_get_action() is deprecated. It was called from tpl_actionlink() in /var/www/html/inc/template.php:592 see devel:menus should be used instead!
2025-03-04 23:11:04		tpl_action() is deprecated. It was called from include() in /var/www/html/lib/tpl/arcadebasic/main.php:200 see devel:menus should be used instead!
2025-03-04 23:11:04		tpl_actionlink() is deprecated. It was called from tpl_action() in /var/www/html/inc/template.php:712 see devel:menus should be used instead!
2025-03-04 23:11:04		tpl_get_action() is deprecated. It was called from tpl_actionlink() in /var/www/html/inc/template.php:592 see devel:menus should be used instead!
2025-03-04 23:11:04		tpl_action() is deprecated. It was called from include() in /var/www/html/lib/tpl/arcadebasic/main.php:201 see devel:menus should be used instead!
2025-03-04 23:11:04		tpl_actionlink() is deprecated. It was called from tpl_action() in /var/www/html/inc/template.php:712 see devel:menus should be used instead!
2025-03-04 23:11:04		tpl_get_action() is deprecated. It was called from tpl_actionlink() in /var/www/html/inc/template.php:592 see devel:menus should be used instead!
2025-03-04 23:11:04		tpl_toolsevent() is deprecated. It was called from include() in /var/www/html/lib/tpl/arcadebasic/main.php:201 see devel:menus should be used instead!
2025-03-04 23:11:04		tpl_action() is deprecated. It was called from include() in /var/www/html/lib/tpl/arcadebasic/main.php:155 see devel:menus should be used instead!
2025-03-04 23:11:04		tpl_actionlink() is deprecated. It was called from tpl_action() in /var/www/html/inc/template.php:712 see devel:menus should be used instead!
2025-03-04 23:11:04		tpl_get_action() is deprecated. It was called from tpl_actionlink() in /var/www/html/inc/template.php:592 see devel:menus should be used instead!
2025-03-04 23:11:04		tpl_action() is deprecated. It was called from include() in /var/www/html/lib/tpl/arcadebasic/main.php:157 see devel:menus should be used instead!
2025-03-04 23:11:04		tpl_actionlink() is deprecated. It was called from tpl_action() in /var/www/html/inc/template.php:712 see devel:menus should be used instead!
2025-03-04 23:11:04		tpl_get_action() is deprecated. It was called from tpl_actionlink() in /var/www/html/inc/template.php:592 see devel:menus should be used instead!
2025-03-04 23:11:04		tpl_action() is deprecated. It was called from include() in /var/www/html/lib/tpl/arcadebasic/main.php:158 see devel:menus should be used instead!
2025-03-04 23:11:04		tpl_actionlink() is deprecated. It was called from tpl_action() in /var/www/html/inc/template.php:712 see devel:menus should be used instead!
2025-03-04 23:11:04		tpl_get_action() is deprecated. It was called from tpl_actionlink() in /var/www/html/inc/template.php:592 see devel:menus should be used instead!
2025-03-04 23:11:04		tpl_action() is deprecated. It was called from include() in /var/www/html/lib/tpl/arcadebasic/main.php:159 see devel:menus should be used instead!
2025-03-04 23:11:04		tpl_actionlink() is deprecated. It was called from tpl_action() in /var/www/html/inc/template.php:712 see devel:menus should be used instead!
2025-03-04 23:11:04		tpl_get_action() is deprecated. It was called from tpl_actionlink() in /var/www/html/inc/template.php:592 see devel:menus should be used instead!
2025-03-04 23:11:04		tpl_action() is deprecated. It was called from include() in /var/www/html/lib/tpl/arcadebasic/main.php:160 see devel:menus should be used instead!
2025-03-04 23:11:04		tpl_actionlink() is deprecated. It was called from tpl_action() in /var/www/html/inc/template.php:712 see devel:menus should be used instead!
2025-03-04 23:11:04		tpl_get_action() is deprecated. It was called from tpl_actionlink() in /var/www/html/inc/template.php:592 see devel:menus should be used instead!
2025-03-04 23:11:04		tpl_toolsevent() is deprecated. It was called from include() in /var/www/html/lib/tpl/arcadebasic/main.php:160 see devel:menus should be used instead!
2025-03-04 23:11:04		tpl_action() is deprecated. It was called from include() in /var/www/html/lib/tpl/arcadebasic/main.php:184 see devel:menus should be used instead!
2025-03-04 23:11:04		tpl_actionlink() is deprecated. It was called from tpl_action() in /var/www/html/inc/template.php:712 see devel:menus should be used instead!
2025-03-04 23:11:04		tpl_get_action() is deprecated. It was called from tpl_actionlink() in /var/www/html/inc/template.php:592 see devel:menus should be used instead!
2025-03-04 23:11:04		tpl_action() is deprecated. It was called from include() in /var/www/html/lib/tpl/arcadebasic/main.php:186 see devel:menus should be used instead!
2025-03-04 23:11:04		tpl_actionlink() is deprecated. It was called from tpl_action() in /var/www/html/inc/template.php:712 see devel:menus should be used instead!
2025-03-04 23:11:04		tpl_get_action() is deprecated. It was called from tpl_actionlink() in /var/www/html/inc/template.php:592 see devel:menus should be used instead!
2025-03-04 23:11:04		tpl_action() is deprecated. It was called from include() in /var/www/html/lib/tpl/arcadebasic/main.php:187 see devel:menus should be used instead!
2025-03-04 23:11:04		tpl_actionlink() is deprecated. It was called from tpl_action() in /var/www/html/inc/template.php:712 see devel:menus should be used instead!
2025-03-04 23:11:04		tpl_get_action() is deprecated. It was called from tpl_actionlink() in /var/www/html/inc/template.php:592 see devel:menus should be used instead!
2025-03-04 23:11:04		tpl_action() is deprecated. It was called from include() in /var/www/html/lib/tpl/arcadebasic/main.php:188 see devel:menus should be used instead!
2025-03-04 23:11:04		tpl_actionlink() is deprecated. It was called from tpl_action() in /var/www/html/inc/template.php:712 see devel:menus should be used instead!
2025-03-04 23:11:04		tpl_get_action() is deprecated. It was called from tpl_actionlink() in /var/www/html/inc/template.php:592 see devel:menus should be used instead!
2025-03-04 23:11:04		tpl_toolsevent() is deprecated. It was called from include() in /var/www/html/lib/tpl/arcadebasic/main.php:188 see devel:menus should be used instead!
2025-03-04 23:11:04		tpl_action() is deprecated. It was called from include() in /var/www/html/lib/tpl/arcadebasic/main.php:199 see devel:menus should be used instead!
2025-03-04 23:11:04		tpl_actionlink() is deprecated. It was called from tpl_action() in /var/www/html/inc/template.php:712 see devel:menus should be used instead!
2025-03-04 23:11:04		tpl_get_action() is deprecated. It was called from tpl_actionlink() in /var/www/html/inc/template.php:592 see devel:menus should be used instead!
2025-03-04 23:11:04		tpl_action() is deprecated. It was called from include() in /var/www/html/lib/tpl/arcadebasic/main.php:200 see devel:menus should be used instead!
2025-03-04 23:11:04		tpl_actionlink() is deprecated. It was called from tpl_action() in /var/www/html/inc/template.php:712 see devel:menus should be used instead!
2025-03-04 23:11:04		tpl_get_action() is deprecated. It was called from tpl_actionlink() in /var/www/html/inc/template.php:592 see devel:menus should be used instead!
2025-03-04 23:11:04		tpl_action() is deprecated. It was called from include() in /var/www/html/lib/tpl/arcadebasic/main.php:201 see devel:menus should be used instead!
2025-03-04 23:11:04		tpl_actionlink() is deprecated. It was called from tpl_action() in /var/www/html/inc/template.php:712 see devel:menus should be used instead!
2025-03-04 23:11:04		tpl_get_action() is deprecated. It was called from tpl_actionlink() in /var/www/html/inc/template.php:592 see devel:menus should be used instead!
2025-03-04 23:11:04		tpl_toolsevent() is deprecated. It was called from include() in /var/www/html/lib/tpl/arcadebasic/main.php:201 see devel:menus should be used instead!
