2026-06-06 00:14:34		tpl_action() is deprecated. It was called from include() in /var/www/html/lib/tpl/arcadebasic/main.php:159 see devel:menus should be used instead!
2026-06-06 00:14:34		tpl_actionlink() is deprecated. It was called from tpl_action() in /var/www/html/inc/template.php:712 see devel:menus should be used instead!
2026-06-06 00:14:34		tpl_get_action() is deprecated. It was called from tpl_actionlink() in /var/www/html/inc/template.php:592 see devel:menus should be used instead!
2026-06-06 00:14:34		tpl_toolsevent() is deprecated. It was called from include() in /var/www/html/lib/tpl/arcadebasic/main.php:158 see devel:menus should be used instead!
2026-06-06 00:14:34		tpl_action() is deprecated. It was called from include() in /var/www/html/lib/tpl/arcadebasic/main.php:190 see devel:menus should be used instead!
2026-06-06 00:14:34		tpl_actionlink() is deprecated. It was called from tpl_action() in /var/www/html/inc/template.php:712 see devel:menus should be used instead!
2026-06-06 00:14:34		tpl_get_action() is deprecated. It was called from tpl_actionlink() in /var/www/html/inc/template.php:592 see devel:menus should be used instead!
2026-06-06 00:14:34		tpl_action() is deprecated. It was called from include() in /var/www/html/lib/tpl/arcadebasic/main.php:191 see devel:menus should be used instead!
2026-06-06 00:14:34		tpl_actionlink() is deprecated. It was called from tpl_action() in /var/www/html/inc/template.php:712 see devel:menus should be used instead!
2026-06-06 00:14:34		tpl_get_action() is deprecated. It was called from tpl_actionlink() in /var/www/html/inc/template.php:592 see devel:menus should be used instead!
2026-06-06 00:14:34		tpl_action() is deprecated. It was called from include() in /var/www/html/lib/tpl/arcadebasic/main.php:192 see devel:menus should be used instead!
2026-06-06 00:14:34		tpl_actionlink() is deprecated. It was called from tpl_action() in /var/www/html/inc/template.php:712 see devel:menus should be used instead!
2026-06-06 00:14:34		tpl_get_action() is deprecated. It was called from tpl_actionlink() in /var/www/html/inc/template.php:592 see devel:menus should be used instead!
2026-06-06 00:14:34		tpl_toolsevent() is deprecated. It was called from include() in /var/www/html/lib/tpl/arcadebasic/main.php:187 see devel:menus should be used instead!
2026-06-06 00:14:34		tpl_action() is deprecated. It was called from include() in /var/www/html/lib/tpl/arcadebasic/main.php:203 see devel:menus should be used instead!
2026-06-06 00:14:34		tpl_actionlink() is deprecated. It was called from tpl_action() in /var/www/html/inc/template.php:712 see devel:menus should be used instead!
2026-06-06 00:14:34		tpl_get_action() is deprecated. It was called from tpl_actionlink() in /var/www/html/inc/template.php:592 see devel:menus should be used instead!
2026-06-06 00:14:34		tpl_action() is deprecated. It was called from include() in /var/www/html/lib/tpl/arcadebasic/main.php:204 see devel:menus should be used instead!
2026-06-06 00:14:34		tpl_actionlink() is deprecated. It was called from tpl_action() in /var/www/html/inc/template.php:712 see devel:menus should be used instead!
2026-06-06 00:14:34		tpl_get_action() is deprecated. It was called from tpl_actionlink() in /var/www/html/inc/template.php:592 see devel:menus should be used instead!
2026-06-06 00:14:34		tpl_action() is deprecated. It was called from include() in /var/www/html/lib/tpl/arcadebasic/main.php:205 see devel:menus should be used instead!
2026-06-06 00:14:34		tpl_actionlink() is deprecated. It was called from tpl_action() in /var/www/html/inc/template.php:712 see devel:menus should be used instead!
2026-06-06 00:14:34		tpl_get_action() is deprecated. It was called from tpl_actionlink() in /var/www/html/inc/template.php:592 see devel:menus should be used instead!
2026-06-06 00:14:34		tpl_toolsevent() is deprecated. It was called from include() in /var/www/html/lib/tpl/arcadebasic/main.php:202 see devel:menus should be used instead!
2026-06-06 00:31:41		tpl_action() is deprecated. It was called from include() in /var/www/html/lib/tpl/arcadebasic/main.php:159 see devel:menus should be used instead!
2026-06-06 00:31:41		tpl_actionlink() is deprecated. It was called from tpl_action() in /var/www/html/inc/template.php:712 see devel:menus should be used instead!
2026-06-06 00:31:41		tpl_get_action() is deprecated. It was called from tpl_actionlink() in /var/www/html/inc/template.php:592 see devel:menus should be used instead!
2026-06-06 00:31:41		tpl_toolsevent() is deprecated. It was called from include() in /var/www/html/lib/tpl/arcadebasic/main.php:158 see devel:menus should be used instead!
2026-06-06 00:31:41		tpl_action() is deprecated. It was called from include() in /var/www/html/lib/tpl/arcadebasic/main.php:190 see devel:menus should be used instead!
2026-06-06 00:31:41		tpl_actionlink() is deprecated. It was called from tpl_action() in /var/www/html/inc/template.php:712 see devel:menus should be used instead!
2026-06-06 00:31:41		tpl_get_action() is deprecated. It was called from tpl_actionlink() in /var/www/html/inc/template.php:592 see devel:menus should be used instead!
2026-06-06 00:31:41		tpl_action() is deprecated. It was called from include() in /var/www/html/lib/tpl/arcadebasic/main.php:191 see devel:menus should be used instead!
2026-06-06 00:31:41		tpl_actionlink() is deprecated. It was called from tpl_action() in /var/www/html/inc/template.php:712 see devel:menus should be used instead!
2026-06-06 00:31:41		tpl_get_action() is deprecated. It was called from tpl_actionlink() in /var/www/html/inc/template.php:592 see devel:menus should be used instead!
2026-06-06 00:31:41		tpl_action() is deprecated. It was called from include() in /var/www/html/lib/tpl/arcadebasic/main.php:192 see devel:menus should be used instead!
2026-06-06 00:31:41		tpl_actionlink() is deprecated. It was called from tpl_action() in /var/www/html/inc/template.php:712 see devel:menus should be used instead!
2026-06-06 00:31:41		tpl_get_action() is deprecated. It was called from tpl_actionlink() in /var/www/html/inc/template.php:592 see devel:menus should be used instead!
2026-06-06 00:31:41		tpl_toolsevent() is deprecated. It was called from include() in /var/www/html/lib/tpl/arcadebasic/main.php:187 see devel:menus should be used instead!
2026-06-06 00:31:41		tpl_action() is deprecated. It was called from include() in /var/www/html/lib/tpl/arcadebasic/main.php:203 see devel:menus should be used instead!
2026-06-06 00:31:41		tpl_actionlink() is deprecated. It was called from tpl_action() in /var/www/html/inc/template.php:712 see devel:menus should be used instead!
2026-06-06 00:31:41		tpl_get_action() is deprecated. It was called from tpl_actionlink() in /var/www/html/inc/template.php:592 see devel:menus should be used instead!
2026-06-06 00:31:41		tpl_action() is deprecated. It was called from include() in /var/www/html/lib/tpl/arcadebasic/main.php:204 see devel:menus should be used instead!
2026-06-06 00:31:41		tpl_actionlink() is deprecated. It was called from tpl_action() in /var/www/html/inc/template.php:712 see devel:menus should be used instead!
2026-06-06 00:31:41		tpl_get_action() is deprecated. It was called from tpl_actionlink() in /var/www/html/inc/template.php:592 see devel:menus should be used instead!
2026-06-06 00:31:41		tpl_action() is deprecated. It was called from include() in /var/www/html/lib/tpl/arcadebasic/main.php:205 see devel:menus should be used instead!
2026-06-06 00:31:41		tpl_actionlink() is deprecated. It was called from tpl_action() in /var/www/html/inc/template.php:712 see devel:menus should be used instead!
2026-06-06 00:31:41		tpl_get_action() is deprecated. It was called from tpl_actionlink() in /var/www/html/inc/template.php:592 see devel:menus should be used instead!
2026-06-06 00:31:41		tpl_toolsevent() is deprecated. It was called from include() in /var/www/html/lib/tpl/arcadebasic/main.php:202 see devel:menus should be used instead!
2026-06-06 01:21:16		tpl_action() is deprecated. It was called from include() in /var/www/html/lib/tpl/arcadebasic/main.php:159 see devel:menus should be used instead!
2026-06-06 01:21:16		tpl_actionlink() is deprecated. It was called from tpl_action() in /var/www/html/inc/template.php:712 see devel:menus should be used instead!
2026-06-06 01:21:16		tpl_get_action() is deprecated. It was called from tpl_actionlink() in /var/www/html/inc/template.php:592 see devel:menus should be used instead!
2026-06-06 01:21:16		tpl_toolsevent() is deprecated. It was called from include() in /var/www/html/lib/tpl/arcadebasic/main.php:158 see devel:menus should be used instead!
2026-06-06 01:21:16		tpl_action() is deprecated. It was called from include() in /var/www/html/lib/tpl/arcadebasic/main.php:190 see devel:menus should be used instead!
2026-06-06 01:21:16		tpl_actionlink() is deprecated. It was called from tpl_action() in /var/www/html/inc/template.php:712 see devel:menus should be used instead!
2026-06-06 01:21:16		tpl_get_action() is deprecated. It was called from tpl_actionlink() in /var/www/html/inc/template.php:592 see devel:menus should be used instead!
2026-06-06 01:21:16		tpl_action() is deprecated. It was called from include() in /var/www/html/lib/tpl/arcadebasic/main.php:191 see devel:menus should be used instead!
2026-06-06 01:21:16		tpl_actionlink() is deprecated. It was called from tpl_action() in /var/www/html/inc/template.php:712 see devel:menus should be used instead!
2026-06-06 01:21:16		tpl_get_action() is deprecated. It was called from tpl_actionlink() in /var/www/html/inc/template.php:592 see devel:menus should be used instead!
2026-06-06 01:21:16		tpl_action() is deprecated. It was called from include() in /var/www/html/lib/tpl/arcadebasic/main.php:192 see devel:menus should be used instead!
2026-06-06 01:21:16		tpl_actionlink() is deprecated. It was called from tpl_action() in /var/www/html/inc/template.php:712 see devel:menus should be used instead!
2026-06-06 01:21:16		tpl_get_action() is deprecated. It was called from tpl_actionlink() in /var/www/html/inc/template.php:592 see devel:menus should be used instead!
2026-06-06 01:21:16		tpl_toolsevent() is deprecated. It was called from include() in /var/www/html/lib/tpl/arcadebasic/main.php:187 see devel:menus should be used instead!
2026-06-06 01:21:16		tpl_action() is deprecated. It was called from include() in /var/www/html/lib/tpl/arcadebasic/main.php:203 see devel:menus should be used instead!
2026-06-06 01:21:16		tpl_actionlink() is deprecated. It was called from tpl_action() in /var/www/html/inc/template.php:712 see devel:menus should be used instead!
2026-06-06 01:21:16		tpl_get_action() is deprecated. It was called from tpl_actionlink() in /var/www/html/inc/template.php:592 see devel:menus should be used instead!
2026-06-06 01:21:16		tpl_action() is deprecated. It was called from include() in /var/www/html/lib/tpl/arcadebasic/main.php:204 see devel:menus should be used instead!
2026-06-06 01:21:16		tpl_actionlink() is deprecated. It was called from tpl_action() in /var/www/html/inc/template.php:712 see devel:menus should be used instead!
2026-06-06 01:21:16		tpl_get_action() is deprecated. It was called from tpl_actionlink() in /var/www/html/inc/template.php:592 see devel:menus should be used instead!
2026-06-06 01:21:16		tpl_action() is deprecated. It was called from include() in /var/www/html/lib/tpl/arcadebasic/main.php:205 see devel:menus should be used instead!
2026-06-06 01:21:16		tpl_actionlink() is deprecated. It was called from tpl_action() in /var/www/html/inc/template.php:712 see devel:menus should be used instead!
2026-06-06 01:21:16		tpl_get_action() is deprecated. It was called from tpl_actionlink() in /var/www/html/inc/template.php:592 see devel:menus should be used instead!
2026-06-06 01:21:16		tpl_toolsevent() is deprecated. It was called from include() in /var/www/html/lib/tpl/arcadebasic/main.php:202 see devel:menus should be used instead!
2026-06-06 01:39:03		tpl_action() is deprecated. It was called from include() in /var/www/html/lib/tpl/arcadebasic/main.php:159 see devel:menus should be used instead!
2026-06-06 01:39:03		tpl_actionlink() is deprecated. It was called from tpl_action() in /var/www/html/inc/template.php:712 see devel:menus should be used instead!
2026-06-06 01:39:03		tpl_get_action() is deprecated. It was called from tpl_actionlink() in /var/www/html/inc/template.php:592 see devel:menus should be used instead!
2026-06-06 01:39:03		tpl_toolsevent() is deprecated. It was called from include() in /var/www/html/lib/tpl/arcadebasic/main.php:158 see devel:menus should be used instead!
2026-06-06 01:39:03		tpl_action() is deprecated. It was called from include() in /var/www/html/lib/tpl/arcadebasic/main.php:190 see devel:menus should be used instead!
2026-06-06 01:39:03		tpl_actionlink() is deprecated. It was called from tpl_action() in /var/www/html/inc/template.php:712 see devel:menus should be used instead!
2026-06-06 01:39:03		tpl_get_action() is deprecated. It was called from tpl_actionlink() in /var/www/html/inc/template.php:592 see devel:menus should be used instead!
2026-06-06 01:39:03		tpl_action() is deprecated. It was called from include() in /var/www/html/lib/tpl/arcadebasic/main.php:191 see devel:menus should be used instead!
2026-06-06 01:39:03		tpl_actionlink() is deprecated. It was called from tpl_action() in /var/www/html/inc/template.php:712 see devel:menus should be used instead!
2026-06-06 01:39:03		tpl_get_action() is deprecated. It was called from tpl_actionlink() in /var/www/html/inc/template.php:592 see devel:menus should be used instead!
2026-06-06 01:39:03		tpl_action() is deprecated. It was called from include() in /var/www/html/lib/tpl/arcadebasic/main.php:192 see devel:menus should be used instead!
2026-06-06 01:39:03		tpl_actionlink() is deprecated. It was called from tpl_action() in /var/www/html/inc/template.php:712 see devel:menus should be used instead!
2026-06-06 01:39:03		tpl_get_action() is deprecated. It was called from tpl_actionlink() in /var/www/html/inc/template.php:592 see devel:menus should be used instead!
2026-06-06 01:39:03		tpl_toolsevent() is deprecated. It was called from include() in /var/www/html/lib/tpl/arcadebasic/main.php:187 see devel:menus should be used instead!
2026-06-06 01:39:03		tpl_action() is deprecated. It was called from include() in /var/www/html/lib/tpl/arcadebasic/main.php:203 see devel:menus should be used instead!
2026-06-06 01:39:03		tpl_actionlink() is deprecated. It was called from tpl_action() in /var/www/html/inc/template.php:712 see devel:menus should be used instead!
2026-06-06 01:39:03		tpl_get_action() is deprecated. It was called from tpl_actionlink() in /var/www/html/inc/template.php:592 see devel:menus should be used instead!
2026-06-06 01:39:03		tpl_action() is deprecated. It was called from include() in /var/www/html/lib/tpl/arcadebasic/main.php:204 see devel:menus should be used instead!
2026-06-06 01:39:03		tpl_actionlink() is deprecated. It was called from tpl_action() in /var/www/html/inc/template.php:712 see devel:menus should be used instead!
2026-06-06 01:39:03		tpl_get_action() is deprecated. It was called from tpl_actionlink() in /var/www/html/inc/template.php:592 see devel:menus should be used instead!
2026-06-06 01:39:03		tpl_action() is deprecated. It was called from include() in /var/www/html/lib/tpl/arcadebasic/main.php:205 see devel:menus should be used instead!
2026-06-06 01:39:03		tpl_actionlink() is deprecated. It was called from tpl_action() in /var/www/html/inc/template.php:712 see devel:menus should be used instead!
2026-06-06 01:39:03		tpl_get_action() is deprecated. It was called from tpl_actionlink() in /var/www/html/inc/template.php:592 see devel:menus should be used instead!
2026-06-06 01:39:03		tpl_toolsevent() is deprecated. It was called from include() in /var/www/html/lib/tpl/arcadebasic/main.php:202 see devel:menus should be used instead!
2026-06-06 01:48:02		tpl_action() is deprecated. It was called from include() in /var/www/html/lib/tpl/arcadebasic/main.php:159 see devel:menus should be used instead!
2026-06-06 01:48:02		tpl_actionlink() is deprecated. It was called from tpl_action() in /var/www/html/inc/template.php:712 see devel:menus should be used instead!
2026-06-06 01:48:02		tpl_get_action() is deprecated. It was called from tpl_actionlink() in /var/www/html/inc/template.php:592 see devel:menus should be used instead!
2026-06-06 01:48:02		tpl_toolsevent() is deprecated. It was called from include() in /var/www/html/lib/tpl/arcadebasic/main.php:158 see devel:menus should be used instead!
2026-06-06 01:48:02		tpl_action() is deprecated. It was called from include() in /var/www/html/lib/tpl/arcadebasic/main.php:190 see devel:menus should be used instead!
2026-06-06 01:48:02		tpl_actionlink() is deprecated. It was called from tpl_action() in /var/www/html/inc/template.php:712 see devel:menus should be used instead!
2026-06-06 01:48:02		tpl_get_action() is deprecated. It was called from tpl_actionlink() in /var/www/html/inc/template.php:592 see devel:menus should be used instead!
2026-06-06 01:48:02		tpl_action() is deprecated. It was called from include() in /var/www/html/lib/tpl/arcadebasic/main.php:191 see devel:menus should be used instead!
2026-06-06 01:48:02		tpl_actionlink() is deprecated. It was called from tpl_action() in /var/www/html/inc/template.php:712 see devel:menus should be used instead!
2026-06-06 01:48:02		tpl_get_action() is deprecated. It was called from tpl_actionlink() in /var/www/html/inc/template.php:592 see devel:menus should be used instead!
2026-06-06 01:48:02		tpl_action() is deprecated. It was called from include() in /var/www/html/lib/tpl/arcadebasic/main.php:192 see devel:menus should be used instead!
2026-06-06 01:48:02		tpl_actionlink() is deprecated. It was called from tpl_action() in /var/www/html/inc/template.php:712 see devel:menus should be used instead!
2026-06-06 01:48:02		tpl_get_action() is deprecated. It was called from tpl_actionlink() in /var/www/html/inc/template.php:592 see devel:menus should be used instead!
2026-06-06 01:48:02		tpl_toolsevent() is deprecated. It was called from include() in /var/www/html/lib/tpl/arcadebasic/main.php:187 see devel:menus should be used instead!
2026-06-06 01:48:02		tpl_action() is deprecated. It was called from include() in /var/www/html/lib/tpl/arcadebasic/main.php:203 see devel:menus should be used instead!
2026-06-06 01:48:02		tpl_actionlink() is deprecated. It was called from tpl_action() in /var/www/html/inc/template.php:712 see devel:menus should be used instead!
2026-06-06 01:48:02		tpl_get_action() is deprecated. It was called from tpl_actionlink() in /var/www/html/inc/template.php:592 see devel:menus should be used instead!
2026-06-06 01:48:02		tpl_action() is deprecated. It was called from include() in /var/www/html/lib/tpl/arcadebasic/main.php:204 see devel:menus should be used instead!
2026-06-06 01:48:02		tpl_actionlink() is deprecated. It was called from tpl_action() in /var/www/html/inc/template.php:712 see devel:menus should be used instead!
2026-06-06 01:48:02		tpl_get_action() is deprecated. It was called from tpl_actionlink() in /var/www/html/inc/template.php:592 see devel:menus should be used instead!
2026-06-06 01:48:02		tpl_action() is deprecated. It was called from include() in /var/www/html/lib/tpl/arcadebasic/main.php:205 see devel:menus should be used instead!
2026-06-06 01:48:02		tpl_actionlink() is deprecated. It was called from tpl_action() in /var/www/html/inc/template.php:712 see devel:menus should be used instead!
2026-06-06 01:48:02		tpl_get_action() is deprecated. It was called from tpl_actionlink() in /var/www/html/inc/template.php:592 see devel:menus should be used instead!
2026-06-06 01:48:02		tpl_toolsevent() is deprecated. It was called from include() in /var/www/html/lib/tpl/arcadebasic/main.php:202 see devel:menus should be used instead!
2026-06-06 01:55:16		require_once() is deprecated. It was called from require() in /var/www/html/lib/plugins/imagebox/syntax.php:9 Autoloading should be used instead!
2026-06-06 01:55:16		tpl_action() is deprecated. It was called from include() in /var/www/html/lib/tpl/arcadebasic/main.php:159 see devel:menus should be used instead!
2026-06-06 01:55:16		tpl_actionlink() is deprecated. It was called from tpl_action() in /var/www/html/inc/template.php:712 see devel:menus should be used instead!
2026-06-06 01:55:16		tpl_get_action() is deprecated. It was called from tpl_actionlink() in /var/www/html/inc/template.php:592 see devel:menus should be used instead!
2026-06-06 01:55:16		tpl_toolsevent() is deprecated. It was called from include() in /var/www/html/lib/tpl/arcadebasic/main.php:158 see devel:menus should be used instead!
2026-06-06 01:55:16		tpl_action() is deprecated. It was called from include() in /var/www/html/lib/tpl/arcadebasic/main.php:190 see devel:menus should be used instead!
2026-06-06 01:55:16		tpl_actionlink() is deprecated. It was called from tpl_action() in /var/www/html/inc/template.php:712 see devel:menus should be used instead!
2026-06-06 01:55:16		tpl_get_action() is deprecated. It was called from tpl_actionlink() in /var/www/html/inc/template.php:592 see devel:menus should be used instead!
2026-06-06 01:55:16		tpl_action() is deprecated. It was called from include() in /var/www/html/lib/tpl/arcadebasic/main.php:191 see devel:menus should be used instead!
2026-06-06 01:55:16		tpl_actionlink() is deprecated. It was called from tpl_action() in /var/www/html/inc/template.php:712 see devel:menus should be used instead!
2026-06-06 01:55:16		tpl_get_action() is deprecated. It was called from tpl_actionlink() in /var/www/html/inc/template.php:592 see devel:menus should be used instead!
2026-06-06 01:55:16		tpl_action() is deprecated. It was called from include() in /var/www/html/lib/tpl/arcadebasic/main.php:192 see devel:menus should be used instead!
2026-06-06 01:55:16		tpl_actionlink() is deprecated. It was called from tpl_action() in /var/www/html/inc/template.php:712 see devel:menus should be used instead!
2026-06-06 01:55:16		tpl_get_action() is deprecated. It was called from tpl_actionlink() in /var/www/html/inc/template.php:592 see devel:menus should be used instead!
2026-06-06 01:55:16		tpl_toolsevent() is deprecated. It was called from include() in /var/www/html/lib/tpl/arcadebasic/main.php:187 see devel:menus should be used instead!
2026-06-06 01:55:16		tpl_action() is deprecated. It was called from include() in /var/www/html/lib/tpl/arcadebasic/main.php:203 see devel:menus should be used instead!
2026-06-06 01:55:16		tpl_actionlink() is deprecated. It was called from tpl_action() in /var/www/html/inc/template.php:712 see devel:menus should be used instead!
2026-06-06 01:55:16		tpl_get_action() is deprecated. It was called from tpl_actionlink() in /var/www/html/inc/template.php:592 see devel:menus should be used instead!
2026-06-06 01:55:16		tpl_action() is deprecated. It was called from include() in /var/www/html/lib/tpl/arcadebasic/main.php:204 see devel:menus should be used instead!
2026-06-06 01:55:16		tpl_actionlink() is deprecated. It was called from tpl_action() in /var/www/html/inc/template.php:712 see devel:menus should be used instead!
2026-06-06 01:55:16		tpl_get_action() is deprecated. It was called from tpl_actionlink() in /var/www/html/inc/template.php:592 see devel:menus should be used instead!
2026-06-06 01:55:16		tpl_action() is deprecated. It was called from include() in /var/www/html/lib/tpl/arcadebasic/main.php:205 see devel:menus should be used instead!
2026-06-06 01:55:16		tpl_actionlink() is deprecated. It was called from tpl_action() in /var/www/html/inc/template.php:712 see devel:menus should be used instead!
2026-06-06 01:55:16		tpl_get_action() is deprecated. It was called from tpl_actionlink() in /var/www/html/inc/template.php:592 see devel:menus should be used instead!
2026-06-06 01:55:16		tpl_toolsevent() is deprecated. It was called from include() in /var/www/html/lib/tpl/arcadebasic/main.php:202 see devel:menus should be used instead!
2026-06-06 02:06:02		tpl_action() is deprecated. It was called from include() in /var/www/html/lib/tpl/arcadebasic/main.php:159 see devel:menus should be used instead!
2026-06-06 02:06:02		tpl_actionlink() is deprecated. It was called from tpl_action() in /var/www/html/inc/template.php:712 see devel:menus should be used instead!
2026-06-06 02:06:02		tpl_get_action() is deprecated. It was called from tpl_actionlink() in /var/www/html/inc/template.php:592 see devel:menus should be used instead!
2026-06-06 02:06:02		tpl_toolsevent() is deprecated. It was called from include() in /var/www/html/lib/tpl/arcadebasic/main.php:158 see devel:menus should be used instead!
2026-06-06 02:06:02		tpl_action() is deprecated. It was called from include() in /var/www/html/lib/tpl/arcadebasic/main.php:190 see devel:menus should be used instead!
2026-06-06 02:06:02		tpl_actionlink() is deprecated. It was called from tpl_action() in /var/www/html/inc/template.php:712 see devel:menus should be used instead!
2026-06-06 02:06:02		tpl_get_action() is deprecated. It was called from tpl_actionlink() in /var/www/html/inc/template.php:592 see devel:menus should be used instead!
2026-06-06 02:06:02		tpl_action() is deprecated. It was called from include() in /var/www/html/lib/tpl/arcadebasic/main.php:191 see devel:menus should be used instead!
2026-06-06 02:06:02		tpl_actionlink() is deprecated. It was called from tpl_action() in /var/www/html/inc/template.php:712 see devel:menus should be used instead!
2026-06-06 02:06:02		tpl_get_action() is deprecated. It was called from tpl_actionlink() in /var/www/html/inc/template.php:592 see devel:menus should be used instead!
2026-06-06 02:06:02		tpl_action() is deprecated. It was called from include() in /var/www/html/lib/tpl/arcadebasic/main.php:192 see devel:menus should be used instead!
2026-06-06 02:06:02		tpl_actionlink() is deprecated. It was called from tpl_action() in /var/www/html/inc/template.php:712 see devel:menus should be used instead!
2026-06-06 02:06:02		tpl_get_action() is deprecated. It was called from tpl_actionlink() in /var/www/html/inc/template.php:592 see devel:menus should be used instead!
2026-06-06 02:06:02		tpl_toolsevent() is deprecated. It was called from include() in /var/www/html/lib/tpl/arcadebasic/main.php:187 see devel:menus should be used instead!
2026-06-06 02:06:02		tpl_action() is deprecated. It was called from include() in /var/www/html/lib/tpl/arcadebasic/main.php:203 see devel:menus should be used instead!
2026-06-06 02:06:02		tpl_actionlink() is deprecated. It was called from tpl_action() in /var/www/html/inc/template.php:712 see devel:menus should be used instead!
2026-06-06 02:06:02		tpl_get_action() is deprecated. It was called from tpl_actionlink() in /var/www/html/inc/template.php:592 see devel:menus should be used instead!
2026-06-06 02:06:02		tpl_action() is deprecated. It was called from include() in /var/www/html/lib/tpl/arcadebasic/main.php:204 see devel:menus should be used instead!
2026-06-06 02:06:02		tpl_actionlink() is deprecated. It was called from tpl_action() in /var/www/html/inc/template.php:712 see devel:menus should be used instead!
2026-06-06 02:06:02		tpl_get_action() is deprecated. It was called from tpl_actionlink() in /var/www/html/inc/template.php:592 see devel:menus should be used instead!
2026-06-06 02:06:02		tpl_action() is deprecated. It was called from include() in /var/www/html/lib/tpl/arcadebasic/main.php:205 see devel:menus should be used instead!
2026-06-06 02:06:02		tpl_actionlink() is deprecated. It was called from tpl_action() in /var/www/html/inc/template.php:712 see devel:menus should be used instead!
2026-06-06 02:06:02		tpl_get_action() is deprecated. It was called from tpl_actionlink() in /var/www/html/inc/template.php:592 see devel:menus should be used instead!
2026-06-06 02:06:02		tpl_toolsevent() is deprecated. It was called from include() in /var/www/html/lib/tpl/arcadebasic/main.php:202 see devel:menus should be used instead!
2026-06-06 02:17:42		tpl_action() is deprecated. It was called from include() in /var/www/html/lib/tpl/arcadebasic/main.php:159 see devel:menus should be used instead!
2026-06-06 02:17:42		tpl_actionlink() is deprecated. It was called from tpl_action() in /var/www/html/inc/template.php:712 see devel:menus should be used instead!
2026-06-06 02:17:42		tpl_get_action() is deprecated. It was called from tpl_actionlink() in /var/www/html/inc/template.php:592 see devel:menus should be used instead!
2026-06-06 02:17:42		tpl_toolsevent() is deprecated. It was called from include() in /var/www/html/lib/tpl/arcadebasic/main.php:158 see devel:menus should be used instead!
2026-06-06 02:17:42		tpl_action() is deprecated. It was called from include() in /var/www/html/lib/tpl/arcadebasic/main.php:190 see devel:menus should be used instead!
2026-06-06 02:17:42		tpl_actionlink() is deprecated. It was called from tpl_action() in /var/www/html/inc/template.php:712 see devel:menus should be used instead!
2026-06-06 02:17:42		tpl_get_action() is deprecated. It was called from tpl_actionlink() in /var/www/html/inc/template.php:592 see devel:menus should be used instead!
2026-06-06 02:17:42		tpl_action() is deprecated. It was called from include() in /var/www/html/lib/tpl/arcadebasic/main.php:191 see devel:menus should be used instead!
2026-06-06 02:17:42		tpl_actionlink() is deprecated. It was called from tpl_action() in /var/www/html/inc/template.php:712 see devel:menus should be used instead!
2026-06-06 02:17:42		tpl_get_action() is deprecated. It was called from tpl_actionlink() in /var/www/html/inc/template.php:592 see devel:menus should be used instead!
2026-06-06 02:17:42		tpl_action() is deprecated. It was called from include() in /var/www/html/lib/tpl/arcadebasic/main.php:192 see devel:menus should be used instead!
2026-06-06 02:17:42		tpl_actionlink() is deprecated. It was called from tpl_action() in /var/www/html/inc/template.php:712 see devel:menus should be used instead!
2026-06-06 02:17:42		tpl_get_action() is deprecated. It was called from tpl_actionlink() in /var/www/html/inc/template.php:592 see devel:menus should be used instead!
2026-06-06 02:17:42		tpl_toolsevent() is deprecated. It was called from include() in /var/www/html/lib/tpl/arcadebasic/main.php:187 see devel:menus should be used instead!
2026-06-06 02:17:42		tpl_action() is deprecated. It was called from include() in /var/www/html/lib/tpl/arcadebasic/main.php:203 see devel:menus should be used instead!
2026-06-06 02:17:42		tpl_actionlink() is deprecated. It was called from tpl_action() in /var/www/html/inc/template.php:712 see devel:menus should be used instead!
2026-06-06 02:17:42		tpl_get_action() is deprecated. It was called from tpl_actionlink() in /var/www/html/inc/template.php:592 see devel:menus should be used instead!
2026-06-06 02:17:42		tpl_action() is deprecated. It was called from include() in /var/www/html/lib/tpl/arcadebasic/main.php:204 see devel:menus should be used instead!
2026-06-06 02:17:42		tpl_actionlink() is deprecated. It was called from tpl_action() in /var/www/html/inc/template.php:712 see devel:menus should be used instead!
2026-06-06 02:17:42		tpl_get_action() is deprecated. It was called from tpl_actionlink() in /var/www/html/inc/template.php:592 see devel:menus should be used instead!
2026-06-06 02:17:42		tpl_action() is deprecated. It was called from include() in /var/www/html/lib/tpl/arcadebasic/main.php:205 see devel:menus should be used instead!
2026-06-06 02:17:42		tpl_actionlink() is deprecated. It was called from tpl_action() in /var/www/html/inc/template.php:712 see devel:menus should be used instead!
2026-06-06 02:17:42		tpl_get_action() is deprecated. It was called from tpl_actionlink() in /var/www/html/inc/template.php:592 see devel:menus should be used instead!
2026-06-06 02:17:42		tpl_toolsevent() is deprecated. It was called from include() in /var/www/html/lib/tpl/arcadebasic/main.php:202 see devel:menus should be used instead!
2026-06-06 02:26:17		tpl_action() is deprecated. It was called from include() in /var/www/html/lib/tpl/arcadebasic/main.php:159 see devel:menus should be used instead!
2026-06-06 02:26:17		tpl_actionlink() is deprecated. It was called from tpl_action() in /var/www/html/inc/template.php:712 see devel:menus should be used instead!
2026-06-06 02:26:17		tpl_get_action() is deprecated. It was called from tpl_actionlink() in /var/www/html/inc/template.php:592 see devel:menus should be used instead!
2026-06-06 02:26:17		tpl_toolsevent() is deprecated. It was called from include() in /var/www/html/lib/tpl/arcadebasic/main.php:158 see devel:menus should be used instead!
2026-06-06 02:26:17		tpl_action() is deprecated. It was called from include() in /var/www/html/lib/tpl/arcadebasic/main.php:190 see devel:menus should be used instead!
2026-06-06 02:26:17		tpl_actionlink() is deprecated. It was called from tpl_action() in /var/www/html/inc/template.php:712 see devel:menus should be used instead!
2026-06-06 02:26:17		tpl_get_action() is deprecated. It was called from tpl_actionlink() in /var/www/html/inc/template.php:592 see devel:menus should be used instead!
2026-06-06 02:26:17		tpl_action() is deprecated. It was called from include() in /var/www/html/lib/tpl/arcadebasic/main.php:191 see devel:menus should be used instead!
2026-06-06 02:26:17		tpl_actionlink() is deprecated. It was called from tpl_action() in /var/www/html/inc/template.php:712 see devel:menus should be used instead!
2026-06-06 02:26:17		tpl_get_action() is deprecated. It was called from tpl_actionlink() in /var/www/html/inc/template.php:592 see devel:menus should be used instead!
2026-06-06 02:26:17		tpl_action() is deprecated. It was called from include() in /var/www/html/lib/tpl/arcadebasic/main.php:192 see devel:menus should be used instead!
2026-06-06 02:26:17		tpl_actionlink() is deprecated. It was called from tpl_action() in /var/www/html/inc/template.php:712 see devel:menus should be used instead!
2026-06-06 02:26:17		tpl_get_action() is deprecated. It was called from tpl_actionlink() in /var/www/html/inc/template.php:592 see devel:menus should be used instead!
2026-06-06 02:26:17		tpl_toolsevent() is deprecated. It was called from include() in /var/www/html/lib/tpl/arcadebasic/main.php:187 see devel:menus should be used instead!
2026-06-06 02:26:17		tpl_action() is deprecated. It was called from include() in /var/www/html/lib/tpl/arcadebasic/main.php:203 see devel:menus should be used instead!
2026-06-06 02:26:17		tpl_actionlink() is deprecated. It was called from tpl_action() in /var/www/html/inc/template.php:712 see devel:menus should be used instead!
2026-06-06 02:26:17		tpl_get_action() is deprecated. It was called from tpl_actionlink() in /var/www/html/inc/template.php:592 see devel:menus should be used instead!
2026-06-06 02:26:17		tpl_action() is deprecated. It was called from include() in /var/www/html/lib/tpl/arcadebasic/main.php:204 see devel:menus should be used instead!
2026-06-06 02:26:17		tpl_actionlink() is deprecated. It was called from tpl_action() in /var/www/html/inc/template.php:712 see devel:menus should be used instead!
2026-06-06 02:26:17		tpl_get_action() is deprecated. It was called from tpl_actionlink() in /var/www/html/inc/template.php:592 see devel:menus should be used instead!
2026-06-06 02:26:17		tpl_action() is deprecated. It was called from include() in /var/www/html/lib/tpl/arcadebasic/main.php:205 see devel:menus should be used instead!
2026-06-06 02:26:17		tpl_actionlink() is deprecated. It was called from tpl_action() in /var/www/html/inc/template.php:712 see devel:menus should be used instead!
2026-06-06 02:26:17		tpl_get_action() is deprecated. It was called from tpl_actionlink() in /var/www/html/inc/template.php:592 see devel:menus should be used instead!
2026-06-06 02:26:17		tpl_toolsevent() is deprecated. It was called from include() in /var/www/html/lib/tpl/arcadebasic/main.php:202 see devel:menus should be used instead!
2026-06-06 02:35:04		tpl_action() is deprecated. It was called from include() in /var/www/html/lib/tpl/arcadebasic/main.php:159 see devel:menus should be used instead!
2026-06-06 02:35:04		tpl_actionlink() is deprecated. It was called from tpl_action() in /var/www/html/inc/template.php:712 see devel:menus should be used instead!
2026-06-06 02:35:04		tpl_get_action() is deprecated. It was called from tpl_actionlink() in /var/www/html/inc/template.php:592 see devel:menus should be used instead!
2026-06-06 02:35:04		tpl_toolsevent() is deprecated. It was called from include() in /var/www/html/lib/tpl/arcadebasic/main.php:158 see devel:menus should be used instead!
2026-06-06 02:35:04		tpl_action() is deprecated. It was called from include() in /var/www/html/lib/tpl/arcadebasic/main.php:190 see devel:menus should be used instead!
2026-06-06 02:35:04		tpl_actionlink() is deprecated. It was called from tpl_action() in /var/www/html/inc/template.php:712 see devel:menus should be used instead!
2026-06-06 02:35:04		tpl_get_action() is deprecated. It was called from tpl_actionlink() in /var/www/html/inc/template.php:592 see devel:menus should be used instead!
2026-06-06 02:35:04		tpl_action() is deprecated. It was called from include() in /var/www/html/lib/tpl/arcadebasic/main.php:191 see devel:menus should be used instead!
2026-06-06 02:35:04		tpl_actionlink() is deprecated. It was called from tpl_action() in /var/www/html/inc/template.php:712 see devel:menus should be used instead!
2026-06-06 02:35:04		tpl_get_action() is deprecated. It was called from tpl_actionlink() in /var/www/html/inc/template.php:592 see devel:menus should be used instead!
2026-06-06 02:35:04		tpl_action() is deprecated. It was called from include() in /var/www/html/lib/tpl/arcadebasic/main.php:192 see devel:menus should be used instead!
2026-06-06 02:35:04		tpl_actionlink() is deprecated. It was called from tpl_action() in /var/www/html/inc/template.php:712 see devel:menus should be used instead!
2026-06-06 02:35:04		tpl_get_action() is deprecated. It was called from tpl_actionlink() in /var/www/html/inc/template.php:592 see devel:menus should be used instead!
2026-06-06 02:35:04		tpl_toolsevent() is deprecated. It was called from include() in /var/www/html/lib/tpl/arcadebasic/main.php:187 see devel:menus should be used instead!
2026-06-06 02:35:04		tpl_action() is deprecated. It was called from include() in /var/www/html/lib/tpl/arcadebasic/main.php:203 see devel:menus should be used instead!
2026-06-06 02:35:04		tpl_actionlink() is deprecated. It was called from tpl_action() in /var/www/html/inc/template.php:712 see devel:menus should be used instead!
2026-06-06 02:35:04		tpl_get_action() is deprecated. It was called from tpl_actionlink() in /var/www/html/inc/template.php:592 see devel:menus should be used instead!
2026-06-06 02:35:04		tpl_action() is deprecated. It was called from include() in /var/www/html/lib/tpl/arcadebasic/main.php:204 see devel:menus should be used instead!
2026-06-06 02:35:04		tpl_actionlink() is deprecated. It was called from tpl_action() in /var/www/html/inc/template.php:712 see devel:menus should be used instead!
2026-06-06 02:35:04		tpl_get_action() is deprecated. It was called from tpl_actionlink() in /var/www/html/inc/template.php:592 see devel:menus should be used instead!
2026-06-06 02:35:04		tpl_action() is deprecated. It was called from include() in /var/www/html/lib/tpl/arcadebasic/main.php:205 see devel:menus should be used instead!
2026-06-06 02:35:04		tpl_actionlink() is deprecated. It was called from tpl_action() in /var/www/html/inc/template.php:712 see devel:menus should be used instead!
2026-06-06 02:35:04		tpl_get_action() is deprecated. It was called from tpl_actionlink() in /var/www/html/inc/template.php:592 see devel:menus should be used instead!
2026-06-06 02:35:04		tpl_toolsevent() is deprecated. It was called from include() in /var/www/html/lib/tpl/arcadebasic/main.php:202 see devel:menus should be used instead!
2026-06-06 02:47:33		require_once() is deprecated. It was called from require() in /var/www/html/lib/plugins/imagebox/syntax.php:9 Autoloading should be used instead!
2026-06-06 02:47:33		tpl_action() is deprecated. It was called from include() in /var/www/html/lib/tpl/arcadebasic/main.php:159 see devel:menus should be used instead!
2026-06-06 02:47:33		tpl_actionlink() is deprecated. It was called from tpl_action() in /var/www/html/inc/template.php:712 see devel:menus should be used instead!
2026-06-06 02:47:33		tpl_get_action() is deprecated. It was called from tpl_actionlink() in /var/www/html/inc/template.php:592 see devel:menus should be used instead!
2026-06-06 02:47:33		tpl_toolsevent() is deprecated. It was called from include() in /var/www/html/lib/tpl/arcadebasic/main.php:158 see devel:menus should be used instead!
2026-06-06 02:47:33		tpl_action() is deprecated. It was called from include() in /var/www/html/lib/tpl/arcadebasic/main.php:190 see devel:menus should be used instead!
2026-06-06 02:47:33		tpl_actionlink() is deprecated. It was called from tpl_action() in /var/www/html/inc/template.php:712 see devel:menus should be used instead!
2026-06-06 02:47:33		tpl_get_action() is deprecated. It was called from tpl_actionlink() in /var/www/html/inc/template.php:592 see devel:menus should be used instead!
2026-06-06 02:47:33		tpl_action() is deprecated. It was called from include() in /var/www/html/lib/tpl/arcadebasic/main.php:191 see devel:menus should be used instead!
2026-06-06 02:47:33		tpl_actionlink() is deprecated. It was called from tpl_action() in /var/www/html/inc/template.php:712 see devel:menus should be used instead!
2026-06-06 02:47:33		tpl_get_action() is deprecated. It was called from tpl_actionlink() in /var/www/html/inc/template.php:592 see devel:menus should be used instead!
2026-06-06 02:47:33		tpl_action() is deprecated. It was called from include() in /var/www/html/lib/tpl/arcadebasic/main.php:192 see devel:menus should be used instead!
2026-06-06 02:47:33		tpl_actionlink() is deprecated. It was called from tpl_action() in /var/www/html/inc/template.php:712 see devel:menus should be used instead!
2026-06-06 02:47:33		tpl_get_action() is deprecated. It was called from tpl_actionlink() in /var/www/html/inc/template.php:592 see devel:menus should be used instead!
2026-06-06 02:47:33		tpl_toolsevent() is deprecated. It was called from include() in /var/www/html/lib/tpl/arcadebasic/main.php:187 see devel:menus should be used instead!
2026-06-06 02:47:33		tpl_action() is deprecated. It was called from include() in /var/www/html/lib/tpl/arcadebasic/main.php:203 see devel:menus should be used instead!
2026-06-06 02:47:33		tpl_actionlink() is deprecated. It was called from tpl_action() in /var/www/html/inc/template.php:712 see devel:menus should be used instead!
2026-06-06 02:47:33		tpl_get_action() is deprecated. It was called from tpl_actionlink() in /var/www/html/inc/template.php:592 see devel:menus should be used instead!
2026-06-06 02:47:33		tpl_action() is deprecated. It was called from include() in /var/www/html/lib/tpl/arcadebasic/main.php:204 see devel:menus should be used instead!
2026-06-06 02:47:33		tpl_actionlink() is deprecated. It was called from tpl_action() in /var/www/html/inc/template.php:712 see devel:menus should be used instead!
2026-06-06 02:47:33		tpl_get_action() is deprecated. It was called from tpl_actionlink() in /var/www/html/inc/template.php:592 see devel:menus should be used instead!
2026-06-06 02:47:33		tpl_action() is deprecated. It was called from include() in /var/www/html/lib/tpl/arcadebasic/main.php:205 see devel:menus should be used instead!
2026-06-06 02:47:33		tpl_actionlink() is deprecated. It was called from tpl_action() in /var/www/html/inc/template.php:712 see devel:menus should be used instead!
2026-06-06 02:47:33		tpl_get_action() is deprecated. It was called from tpl_actionlink() in /var/www/html/inc/template.php:592 see devel:menus should be used instead!
2026-06-06 02:47:33		tpl_toolsevent() is deprecated. It was called from include() in /var/www/html/lib/tpl/arcadebasic/main.php:202 see devel:menus should be used instead!
2026-06-06 02:56:54		tpl_action() is deprecated. It was called from include() in /var/www/html/lib/tpl/arcadebasic/main.php:159 see devel:menus should be used instead!
2026-06-06 02:56:54		tpl_actionlink() is deprecated. It was called from tpl_action() in /var/www/html/inc/template.php:712 see devel:menus should be used instead!
2026-06-06 02:56:54		tpl_get_action() is deprecated. It was called from tpl_actionlink() in /var/www/html/inc/template.php:592 see devel:menus should be used instead!
2026-06-06 02:56:54		tpl_toolsevent() is deprecated. It was called from include() in /var/www/html/lib/tpl/arcadebasic/main.php:158 see devel:menus should be used instead!
2026-06-06 02:56:54		tpl_action() is deprecated. It was called from include() in /var/www/html/lib/tpl/arcadebasic/main.php:190 see devel:menus should be used instead!
2026-06-06 02:56:54		tpl_actionlink() is deprecated. It was called from tpl_action() in /var/www/html/inc/template.php:712 see devel:menus should be used instead!
2026-06-06 02:56:54		tpl_get_action() is deprecated. It was called from tpl_actionlink() in /var/www/html/inc/template.php:592 see devel:menus should be used instead!
2026-06-06 02:56:54		tpl_action() is deprecated. It was called from include() in /var/www/html/lib/tpl/arcadebasic/main.php:191 see devel:menus should be used instead!
2026-06-06 02:56:54		tpl_actionlink() is deprecated. It was called from tpl_action() in /var/www/html/inc/template.php:712 see devel:menus should be used instead!
2026-06-06 02:56:54		tpl_get_action() is deprecated. It was called from tpl_actionlink() in /var/www/html/inc/template.php:592 see devel:menus should be used instead!
2026-06-06 02:56:54		tpl_action() is deprecated. It was called from include() in /var/www/html/lib/tpl/arcadebasic/main.php:192 see devel:menus should be used instead!
2026-06-06 02:56:54		tpl_actionlink() is deprecated. It was called from tpl_action() in /var/www/html/inc/template.php:712 see devel:menus should be used instead!
2026-06-06 02:56:54		tpl_get_action() is deprecated. It was called from tpl_actionlink() in /var/www/html/inc/template.php:592 see devel:menus should be used instead!
2026-06-06 02:56:54		tpl_toolsevent() is deprecated. It was called from include() in /var/www/html/lib/tpl/arcadebasic/main.php:187 see devel:menus should be used instead!
2026-06-06 02:56:54		tpl_action() is deprecated. It was called from include() in /var/www/html/lib/tpl/arcadebasic/main.php:203 see devel:menus should be used instead!
2026-06-06 02:56:54		tpl_actionlink() is deprecated. It was called from tpl_action() in /var/www/html/inc/template.php:712 see devel:menus should be used instead!
2026-06-06 02:56:54		tpl_get_action() is deprecated. It was called from tpl_actionlink() in /var/www/html/inc/template.php:592 see devel:menus should be used instead!
2026-06-06 02:56:54		tpl_action() is deprecated. It was called from include() in /var/www/html/lib/tpl/arcadebasic/main.php:204 see devel:menus should be used instead!
2026-06-06 02:56:54		tpl_actionlink() is deprecated. It was called from tpl_action() in /var/www/html/inc/template.php:712 see devel:menus should be used instead!
2026-06-06 02:56:54		tpl_get_action() is deprecated. It was called from tpl_actionlink() in /var/www/html/inc/template.php:592 see devel:menus should be used instead!
2026-06-06 02:56:54		tpl_action() is deprecated. It was called from include() in /var/www/html/lib/tpl/arcadebasic/main.php:205 see devel:menus should be used instead!
2026-06-06 02:56:54		tpl_actionlink() is deprecated. It was called from tpl_action() in /var/www/html/inc/template.php:712 see devel:menus should be used instead!
2026-06-06 02:56:54		tpl_get_action() is deprecated. It was called from tpl_actionlink() in /var/www/html/inc/template.php:592 see devel:menus should be used instead!
2026-06-06 02:56:54		tpl_toolsevent() is deprecated. It was called from include() in /var/www/html/lib/tpl/arcadebasic/main.php:202 see devel:menus should be used instead!
2026-06-06 03:06:49		tpl_action() is deprecated. It was called from include() in /var/www/html/lib/tpl/arcadebasic/main.php:159 see devel:menus should be used instead!
2026-06-06 03:06:49		tpl_actionlink() is deprecated. It was called from tpl_action() in /var/www/html/inc/template.php:712 see devel:menus should be used instead!
2026-06-06 03:06:49		tpl_get_action() is deprecated. It was called from tpl_actionlink() in /var/www/html/inc/template.php:592 see devel:menus should be used instead!
2026-06-06 03:06:49		tpl_toolsevent() is deprecated. It was called from include() in /var/www/html/lib/tpl/arcadebasic/main.php:158 see devel:menus should be used instead!
2026-06-06 03:06:49		tpl_action() is deprecated. It was called from include() in /var/www/html/lib/tpl/arcadebasic/main.php:190 see devel:menus should be used instead!
2026-06-06 03:06:49		tpl_actionlink() is deprecated. It was called from tpl_action() in /var/www/html/inc/template.php:712 see devel:menus should be used instead!
2026-06-06 03:06:49		tpl_get_action() is deprecated. It was called from tpl_actionlink() in /var/www/html/inc/template.php:592 see devel:menus should be used instead!
2026-06-06 03:06:49		tpl_action() is deprecated. It was called from include() in /var/www/html/lib/tpl/arcadebasic/main.php:191 see devel:menus should be used instead!
2026-06-06 03:06:49		tpl_actionlink() is deprecated. It was called from tpl_action() in /var/www/html/inc/template.php:712 see devel:menus should be used instead!
2026-06-06 03:06:49		tpl_get_action() is deprecated. It was called from tpl_actionlink() in /var/www/html/inc/template.php:592 see devel:menus should be used instead!
2026-06-06 03:06:49		tpl_action() is deprecated. It was called from include() in /var/www/html/lib/tpl/arcadebasic/main.php:192 see devel:menus should be used instead!
2026-06-06 03:06:49		tpl_actionlink() is deprecated. It was called from tpl_action() in /var/www/html/inc/template.php:712 see devel:menus should be used instead!
2026-06-06 03:06:49		tpl_get_action() is deprecated. It was called from tpl_actionlink() in /var/www/html/inc/template.php:592 see devel:menus should be used instead!
2026-06-06 03:06:49		tpl_toolsevent() is deprecated. It was called from include() in /var/www/html/lib/tpl/arcadebasic/main.php:187 see devel:menus should be used instead!
2026-06-06 03:06:49		tpl_action() is deprecated. It was called from include() in /var/www/html/lib/tpl/arcadebasic/main.php:203 see devel:menus should be used instead!
2026-06-06 03:06:49		tpl_actionlink() is deprecated. It was called from tpl_action() in /var/www/html/inc/template.php:712 see devel:menus should be used instead!
2026-06-06 03:06:49		tpl_get_action() is deprecated. It was called from tpl_actionlink() in /var/www/html/inc/template.php:592 see devel:menus should be used instead!
2026-06-06 03:06:49		tpl_action() is deprecated. It was called from include() in /var/www/html/lib/tpl/arcadebasic/main.php:204 see devel:menus should be used instead!
2026-06-06 03:06:49		tpl_actionlink() is deprecated. It was called from tpl_action() in /var/www/html/inc/template.php:712 see devel:menus should be used instead!
2026-06-06 03:06:49		tpl_get_action() is deprecated. It was called from tpl_actionlink() in /var/www/html/inc/template.php:592 see devel:menus should be used instead!
2026-06-06 03:06:49		tpl_action() is deprecated. It was called from include() in /var/www/html/lib/tpl/arcadebasic/main.php:205 see devel:menus should be used instead!
2026-06-06 03:06:49		tpl_actionlink() is deprecated. It was called from tpl_action() in /var/www/html/inc/template.php:712 see devel:menus should be used instead!
2026-06-06 03:06:49		tpl_get_action() is deprecated. It was called from tpl_actionlink() in /var/www/html/inc/template.php:592 see devel:menus should be used instead!
2026-06-06 03:06:49		tpl_toolsevent() is deprecated. It was called from include() in /var/www/html/lib/tpl/arcadebasic/main.php:202 see devel:menus should be used instead!
2026-06-06 03:15:43		tpl_action() is deprecated. It was called from include() in /var/www/html/lib/tpl/arcadebasic/main.php:159 see devel:menus should be used instead!
2026-06-06 03:15:43		tpl_actionlink() is deprecated. It was called from tpl_action() in /var/www/html/inc/template.php:712 see devel:menus should be used instead!
2026-06-06 03:15:43		tpl_get_action() is deprecated. It was called from tpl_actionlink() in /var/www/html/inc/template.php:592 see devel:menus should be used instead!
2026-06-06 03:15:43		tpl_toolsevent() is deprecated. It was called from include() in /var/www/html/lib/tpl/arcadebasic/main.php:158 see devel:menus should be used instead!
2026-06-06 03:15:43		tpl_action() is deprecated. It was called from include() in /var/www/html/lib/tpl/arcadebasic/main.php:190 see devel:menus should be used instead!
2026-06-06 03:15:43		tpl_actionlink() is deprecated. It was called from tpl_action() in /var/www/html/inc/template.php:712 see devel:menus should be used instead!
2026-06-06 03:15:43		tpl_get_action() is deprecated. It was called from tpl_actionlink() in /var/www/html/inc/template.php:592 see devel:menus should be used instead!
2026-06-06 03:15:43		tpl_action() is deprecated. It was called from include() in /var/www/html/lib/tpl/arcadebasic/main.php:191 see devel:menus should be used instead!
2026-06-06 03:15:43		tpl_actionlink() is deprecated. It was called from tpl_action() in /var/www/html/inc/template.php:712 see devel:menus should be used instead!
2026-06-06 03:15:43		tpl_get_action() is deprecated. It was called from tpl_actionlink() in /var/www/html/inc/template.php:592 see devel:menus should be used instead!
2026-06-06 03:15:43		tpl_action() is deprecated. It was called from include() in /var/www/html/lib/tpl/arcadebasic/main.php:192 see devel:menus should be used instead!
2026-06-06 03:15:43		tpl_actionlink() is deprecated. It was called from tpl_action() in /var/www/html/inc/template.php:712 see devel:menus should be used instead!
2026-06-06 03:15:43		tpl_get_action() is deprecated. It was called from tpl_actionlink() in /var/www/html/inc/template.php:592 see devel:menus should be used instead!
2026-06-06 03:15:43		tpl_toolsevent() is deprecated. It was called from include() in /var/www/html/lib/tpl/arcadebasic/main.php:187 see devel:menus should be used instead!
2026-06-06 03:15:43		tpl_action() is deprecated. It was called from include() in /var/www/html/lib/tpl/arcadebasic/main.php:203 see devel:menus should be used instead!
2026-06-06 03:15:43		tpl_actionlink() is deprecated. It was called from tpl_action() in /var/www/html/inc/template.php:712 see devel:menus should be used instead!
2026-06-06 03:15:43		tpl_get_action() is deprecated. It was called from tpl_actionlink() in /var/www/html/inc/template.php:592 see devel:menus should be used instead!
2026-06-06 03:15:43		tpl_action() is deprecated. It was called from include() in /var/www/html/lib/tpl/arcadebasic/main.php:204 see devel:menus should be used instead!
2026-06-06 03:15:43		tpl_actionlink() is deprecated. It was called from tpl_action() in /var/www/html/inc/template.php:712 see devel:menus should be used instead!
2026-06-06 03:15:43		tpl_get_action() is deprecated. It was called from tpl_actionlink() in /var/www/html/inc/template.php:592 see devel:menus should be used instead!
2026-06-06 03:15:43		tpl_action() is deprecated. It was called from include() in /var/www/html/lib/tpl/arcadebasic/main.php:205 see devel:menus should be used instead!
2026-06-06 03:15:43		tpl_actionlink() is deprecated. It was called from tpl_action() in /var/www/html/inc/template.php:712 see devel:menus should be used instead!
2026-06-06 03:15:43		tpl_get_action() is deprecated. It was called from tpl_actionlink() in /var/www/html/inc/template.php:592 see devel:menus should be used instead!
2026-06-06 03:15:43		tpl_toolsevent() is deprecated. It was called from include() in /var/www/html/lib/tpl/arcadebasic/main.php:202 see devel:menus should be used instead!
2026-06-06 03:26:54		require_once() is deprecated. It was called from require() in /var/www/html/lib/plugins/imagebox/syntax.php:9 Autoloading should be used instead!
2026-06-06 03:26:54		tpl_action() is deprecated. It was called from include() in /var/www/html/lib/tpl/arcadebasic/main.php:159 see devel:menus should be used instead!
2026-06-06 03:26:54		tpl_actionlink() is deprecated. It was called from tpl_action() in /var/www/html/inc/template.php:712 see devel:menus should be used instead!
2026-06-06 03:26:54		tpl_get_action() is deprecated. It was called from tpl_actionlink() in /var/www/html/inc/template.php:592 see devel:menus should be used instead!
2026-06-06 03:26:54		tpl_toolsevent() is deprecated. It was called from include() in /var/www/html/lib/tpl/arcadebasic/main.php:158 see devel:menus should be used instead!
2026-06-06 03:26:54		tpl_action() is deprecated. It was called from include() in /var/www/html/lib/tpl/arcadebasic/main.php:190 see devel:menus should be used instead!
2026-06-06 03:26:54		tpl_actionlink() is deprecated. It was called from tpl_action() in /var/www/html/inc/template.php:712 see devel:menus should be used instead!
2026-06-06 03:26:54		tpl_get_action() is deprecated. It was called from tpl_actionlink() in /var/www/html/inc/template.php:592 see devel:menus should be used instead!
2026-06-06 03:26:54		tpl_action() is deprecated. It was called from include() in /var/www/html/lib/tpl/arcadebasic/main.php:191 see devel:menus should be used instead!
2026-06-06 03:26:54		tpl_actionlink() is deprecated. It was called from tpl_action() in /var/www/html/inc/template.php:712 see devel:menus should be used instead!
2026-06-06 03:26:54		tpl_get_action() is deprecated. It was called from tpl_actionlink() in /var/www/html/inc/template.php:592 see devel:menus should be used instead!
2026-06-06 03:26:54		tpl_action() is deprecated. It was called from include() in /var/www/html/lib/tpl/arcadebasic/main.php:192 see devel:menus should be used instead!
2026-06-06 03:26:54		tpl_actionlink() is deprecated. It was called from tpl_action() in /var/www/html/inc/template.php:712 see devel:menus should be used instead!
2026-06-06 03:26:54		tpl_get_action() is deprecated. It was called from tpl_actionlink() in /var/www/html/inc/template.php:592 see devel:menus should be used instead!
2026-06-06 03:26:54		tpl_toolsevent() is deprecated. It was called from include() in /var/www/html/lib/tpl/arcadebasic/main.php:187 see devel:menus should be used instead!
2026-06-06 03:26:54		tpl_action() is deprecated. It was called from include() in /var/www/html/lib/tpl/arcadebasic/main.php:203 see devel:menus should be used instead!
2026-06-06 03:26:54		tpl_actionlink() is deprecated. It was called from tpl_action() in /var/www/html/inc/template.php:712 see devel:menus should be used instead!
2026-06-06 03:26:54		tpl_get_action() is deprecated. It was called from tpl_actionlink() in /var/www/html/inc/template.php:592 see devel:menus should be used instead!
2026-06-06 03:26:54		tpl_action() is deprecated. It was called from include() in /var/www/html/lib/tpl/arcadebasic/main.php:204 see devel:menus should be used instead!
2026-06-06 03:26:54		tpl_actionlink() is deprecated. It was called from tpl_action() in /var/www/html/inc/template.php:712 see devel:menus should be used instead!
2026-06-06 03:26:54		tpl_get_action() is deprecated. It was called from tpl_actionlink() in /var/www/html/inc/template.php:592 see devel:menus should be used instead!
2026-06-06 03:26:54		tpl_action() is deprecated. It was called from include() in /var/www/html/lib/tpl/arcadebasic/main.php:205 see devel:menus should be used instead!
2026-06-06 03:26:54		tpl_actionlink() is deprecated. It was called from tpl_action() in /var/www/html/inc/template.php:712 see devel:menus should be used instead!
2026-06-06 03:26:54		tpl_get_action() is deprecated. It was called from tpl_actionlink() in /var/www/html/inc/template.php:592 see devel:menus should be used instead!
2026-06-06 03:26:54		tpl_toolsevent() is deprecated. It was called from include() in /var/www/html/lib/tpl/arcadebasic/main.php:202 see devel:menus should be used instead!
2026-06-06 03:35:19		tpl_action() is deprecated. It was called from include() in /var/www/html/lib/tpl/arcadebasic/main.php:159 see devel:menus should be used instead!
2026-06-06 03:35:19		tpl_actionlink() is deprecated. It was called from tpl_action() in /var/www/html/inc/template.php:712 see devel:menus should be used instead!
2026-06-06 03:35:19		tpl_get_action() is deprecated. It was called from tpl_actionlink() in /var/www/html/inc/template.php:592 see devel:menus should be used instead!
2026-06-06 03:35:19		tpl_toolsevent() is deprecated. It was called from include() in /var/www/html/lib/tpl/arcadebasic/main.php:158 see devel:menus should be used instead!
2026-06-06 03:35:19		tpl_action() is deprecated. It was called from include() in /var/www/html/lib/tpl/arcadebasic/main.php:190 see devel:menus should be used instead!
2026-06-06 03:35:19		tpl_actionlink() is deprecated. It was called from tpl_action() in /var/www/html/inc/template.php:712 see devel:menus should be used instead!
2026-06-06 03:35:19		tpl_get_action() is deprecated. It was called from tpl_actionlink() in /var/www/html/inc/template.php:592 see devel:menus should be used instead!
2026-06-06 03:35:19		tpl_action() is deprecated. It was called from include() in /var/www/html/lib/tpl/arcadebasic/main.php:191 see devel:menus should be used instead!
2026-06-06 03:35:19		tpl_actionlink() is deprecated. It was called from tpl_action() in /var/www/html/inc/template.php:712 see devel:menus should be used instead!
2026-06-06 03:35:19		tpl_get_action() is deprecated. It was called from tpl_actionlink() in /var/www/html/inc/template.php:592 see devel:menus should be used instead!
2026-06-06 03:35:19		tpl_action() is deprecated. It was called from include() in /var/www/html/lib/tpl/arcadebasic/main.php:192 see devel:menus should be used instead!
2026-06-06 03:35:19		tpl_actionlink() is deprecated. It was called from tpl_action() in /var/www/html/inc/template.php:712 see devel:menus should be used instead!
2026-06-06 03:35:19		tpl_get_action() is deprecated. It was called from tpl_actionlink() in /var/www/html/inc/template.php:592 see devel:menus should be used instead!
2026-06-06 03:35:19		tpl_toolsevent() is deprecated. It was called from include() in /var/www/html/lib/tpl/arcadebasic/main.php:187 see devel:menus should be used instead!
2026-06-06 03:35:19		tpl_action() is deprecated. It was called from include() in /var/www/html/lib/tpl/arcadebasic/main.php:203 see devel:menus should be used instead!
2026-06-06 03:35:19		tpl_actionlink() is deprecated. It was called from tpl_action() in /var/www/html/inc/template.php:712 see devel:menus should be used instead!
2026-06-06 03:35:19		tpl_get_action() is deprecated. It was called from tpl_actionlink() in /var/www/html/inc/template.php:592 see devel:menus should be used instead!
2026-06-06 03:35:19		tpl_action() is deprecated. It was called from include() in /var/www/html/lib/tpl/arcadebasic/main.php:204 see devel:menus should be used instead!
2026-06-06 03:35:19		tpl_actionlink() is deprecated. It was called from tpl_action() in /var/www/html/inc/template.php:712 see devel:menus should be used instead!
2026-06-06 03:35:19		tpl_get_action() is deprecated. It was called from tpl_actionlink() in /var/www/html/inc/template.php:592 see devel:menus should be used instead!
2026-06-06 03:35:19		tpl_action() is deprecated. It was called from include() in /var/www/html/lib/tpl/arcadebasic/main.php:205 see devel:menus should be used instead!
2026-06-06 03:35:19		tpl_actionlink() is deprecated. It was called from tpl_action() in /var/www/html/inc/template.php:712 see devel:menus should be used instead!
2026-06-06 03:35:19		tpl_get_action() is deprecated. It was called from tpl_actionlink() in /var/www/html/inc/template.php:592 see devel:menus should be used instead!
2026-06-06 03:35:19		tpl_toolsevent() is deprecated. It was called from include() in /var/www/html/lib/tpl/arcadebasic/main.php:202 see devel:menus should be used instead!
2026-06-06 03:37:55		tpl_action() is deprecated. It was called from include() in /var/www/html/lib/tpl/arcadebasic/main.php:159 see devel:menus should be used instead!
2026-06-06 03:37:55		tpl_actionlink() is deprecated. It was called from tpl_action() in /var/www/html/inc/template.php:712 see devel:menus should be used instead!
2026-06-06 03:37:55		tpl_get_action() is deprecated. It was called from tpl_actionlink() in /var/www/html/inc/template.php:592 see devel:menus should be used instead!
2026-06-06 03:37:55		tpl_toolsevent() is deprecated. It was called from include() in /var/www/html/lib/tpl/arcadebasic/main.php:158 see devel:menus should be used instead!
2026-06-06 03:37:55		tpl_action() is deprecated. It was called from include() in /var/www/html/lib/tpl/arcadebasic/main.php:190 see devel:menus should be used instead!
2026-06-06 03:37:55		tpl_actionlink() is deprecated. It was called from tpl_action() in /var/www/html/inc/template.php:712 see devel:menus should be used instead!
2026-06-06 03:37:55		tpl_get_action() is deprecated. It was called from tpl_actionlink() in /var/www/html/inc/template.php:592 see devel:menus should be used instead!
2026-06-06 03:37:55		tpl_action() is deprecated. It was called from include() in /var/www/html/lib/tpl/arcadebasic/main.php:191 see devel:menus should be used instead!
2026-06-06 03:37:55		tpl_actionlink() is deprecated. It was called from tpl_action() in /var/www/html/inc/template.php:712 see devel:menus should be used instead!
2026-06-06 03:37:55		tpl_get_action() is deprecated. It was called from tpl_actionlink() in /var/www/html/inc/template.php:592 see devel:menus should be used instead!
2026-06-06 03:37:55		tpl_action() is deprecated. It was called from include() in /var/www/html/lib/tpl/arcadebasic/main.php:192 see devel:menus should be used instead!
2026-06-06 03:37:55		tpl_actionlink() is deprecated. It was called from tpl_action() in /var/www/html/inc/template.php:712 see devel:menus should be used instead!
2026-06-06 03:37:55		tpl_get_action() is deprecated. It was called from tpl_actionlink() in /var/www/html/inc/template.php:592 see devel:menus should be used instead!
2026-06-06 03:37:55		tpl_toolsevent() is deprecated. It was called from include() in /var/www/html/lib/tpl/arcadebasic/main.php:187 see devel:menus should be used instead!
2026-06-06 03:37:55		tpl_action() is deprecated. It was called from include() in /var/www/html/lib/tpl/arcadebasic/main.php:203 see devel:menus should be used instead!
2026-06-06 03:37:55		tpl_actionlink() is deprecated. It was called from tpl_action() in /var/www/html/inc/template.php:712 see devel:menus should be used instead!
2026-06-06 03:37:55		tpl_get_action() is deprecated. It was called from tpl_actionlink() in /var/www/html/inc/template.php:592 see devel:menus should be used instead!
2026-06-06 03:37:55		tpl_action() is deprecated. It was called from include() in /var/www/html/lib/tpl/arcadebasic/main.php:204 see devel:menus should be used instead!
2026-06-06 03:37:55		tpl_actionlink() is deprecated. It was called from tpl_action() in /var/www/html/inc/template.php:712 see devel:menus should be used instead!
2026-06-06 03:37:55		tpl_get_action() is deprecated. It was called from tpl_actionlink() in /var/www/html/inc/template.php:592 see devel:menus should be used instead!
2026-06-06 03:37:55		tpl_action() is deprecated. It was called from include() in /var/www/html/lib/tpl/arcadebasic/main.php:205 see devel:menus should be used instead!
2026-06-06 03:37:55		tpl_actionlink() is deprecated. It was called from tpl_action() in /var/www/html/inc/template.php:712 see devel:menus should be used instead!
2026-06-06 03:37:55		tpl_get_action() is deprecated. It was called from tpl_actionlink() in /var/www/html/inc/template.php:592 see devel:menus should be used instead!
2026-06-06 03:37:55		tpl_toolsevent() is deprecated. It was called from include() in /var/www/html/lib/tpl/arcadebasic/main.php:202 see devel:menus should be used instead!
2026-06-06 03:49:42		tpl_action() is deprecated. It was called from include() in /var/www/html/lib/tpl/arcadebasic/main.php:159 see devel:menus should be used instead!
2026-06-06 03:49:42		tpl_actionlink() is deprecated. It was called from tpl_action() in /var/www/html/inc/template.php:712 see devel:menus should be used instead!
2026-06-06 03:49:42		tpl_get_action() is deprecated. It was called from tpl_actionlink() in /var/www/html/inc/template.php:592 see devel:menus should be used instead!
2026-06-06 03:49:42		tpl_toolsevent() is deprecated. It was called from include() in /var/www/html/lib/tpl/arcadebasic/main.php:158 see devel:menus should be used instead!
2026-06-06 03:49:42		tpl_action() is deprecated. It was called from include() in /var/www/html/lib/tpl/arcadebasic/main.php:190 see devel:menus should be used instead!
2026-06-06 03:49:42		tpl_actionlink() is deprecated. It was called from tpl_action() in /var/www/html/inc/template.php:712 see devel:menus should be used instead!
2026-06-06 03:49:42		tpl_get_action() is deprecated. It was called from tpl_actionlink() in /var/www/html/inc/template.php:592 see devel:menus should be used instead!
2026-06-06 03:49:42		tpl_action() is deprecated. It was called from include() in /var/www/html/lib/tpl/arcadebasic/main.php:191 see devel:menus should be used instead!
2026-06-06 03:49:42		tpl_actionlink() is deprecated. It was called from tpl_action() in /var/www/html/inc/template.php:712 see devel:menus should be used instead!
2026-06-06 03:49:42		tpl_get_action() is deprecated. It was called from tpl_actionlink() in /var/www/html/inc/template.php:592 see devel:menus should be used instead!
2026-06-06 03:49:42		tpl_action() is deprecated. It was called from include() in /var/www/html/lib/tpl/arcadebasic/main.php:192 see devel:menus should be used instead!
2026-06-06 03:49:42		tpl_actionlink() is deprecated. It was called from tpl_action() in /var/www/html/inc/template.php:712 see devel:menus should be used instead!
2026-06-06 03:49:42		tpl_get_action() is deprecated. It was called from tpl_actionlink() in /var/www/html/inc/template.php:592 see devel:menus should be used instead!
2026-06-06 03:49:42		tpl_toolsevent() is deprecated. It was called from include() in /var/www/html/lib/tpl/arcadebasic/main.php:187 see devel:menus should be used instead!
2026-06-06 03:49:42		tpl_action() is deprecated. It was called from include() in /var/www/html/lib/tpl/arcadebasic/main.php:203 see devel:menus should be used instead!
2026-06-06 03:49:42		tpl_actionlink() is deprecated. It was called from tpl_action() in /var/www/html/inc/template.php:712 see devel:menus should be used instead!
2026-06-06 03:49:42		tpl_get_action() is deprecated. It was called from tpl_actionlink() in /var/www/html/inc/template.php:592 see devel:menus should be used instead!
2026-06-06 03:49:42		tpl_action() is deprecated. It was called from include() in /var/www/html/lib/tpl/arcadebasic/main.php:204 see devel:menus should be used instead!
2026-06-06 03:49:42		tpl_actionlink() is deprecated. It was called from tpl_action() in /var/www/html/inc/template.php:712 see devel:menus should be used instead!
2026-06-06 03:49:42		tpl_get_action() is deprecated. It was called from tpl_actionlink() in /var/www/html/inc/template.php:592 see devel:menus should be used instead!
2026-06-06 03:49:42		tpl_action() is deprecated. It was called from include() in /var/www/html/lib/tpl/arcadebasic/main.php:205 see devel:menus should be used instead!
2026-06-06 03:49:42		tpl_actionlink() is deprecated. It was called from tpl_action() in /var/www/html/inc/template.php:712 see devel:menus should be used instead!
2026-06-06 03:49:42		tpl_get_action() is deprecated. It was called from tpl_actionlink() in /var/www/html/inc/template.php:592 see devel:menus should be used instead!
2026-06-06 03:49:42		tpl_toolsevent() is deprecated. It was called from include() in /var/www/html/lib/tpl/arcadebasic/main.php:202 see devel:menus should be used instead!
2026-06-06 03:56:12		tpl_action() is deprecated. It was called from include() in /var/www/html/lib/tpl/arcadebasic/main.php:159 see devel:menus should be used instead!
2026-06-06 03:56:12		tpl_actionlink() is deprecated. It was called from tpl_action() in /var/www/html/inc/template.php:712 see devel:menus should be used instead!
2026-06-06 03:56:12		tpl_get_action() is deprecated. It was called from tpl_actionlink() in /var/www/html/inc/template.php:592 see devel:menus should be used instead!
2026-06-06 03:56:12		tpl_toolsevent() is deprecated. It was called from include() in /var/www/html/lib/tpl/arcadebasic/main.php:158 see devel:menus should be used instead!
2026-06-06 03:56:12		tpl_action() is deprecated. It was called from include() in /var/www/html/lib/tpl/arcadebasic/main.php:190 see devel:menus should be used instead!
2026-06-06 03:56:12		tpl_actionlink() is deprecated. It was called from tpl_action() in /var/www/html/inc/template.php:712 see devel:menus should be used instead!
2026-06-06 03:56:12		tpl_get_action() is deprecated. It was called from tpl_actionlink() in /var/www/html/inc/template.php:592 see devel:menus should be used instead!
2026-06-06 03:56:12		tpl_action() is deprecated. It was called from include() in /var/www/html/lib/tpl/arcadebasic/main.php:191 see devel:menus should be used instead!
2026-06-06 03:56:12		tpl_actionlink() is deprecated. It was called from tpl_action() in /var/www/html/inc/template.php:712 see devel:menus should be used instead!
2026-06-06 03:56:12		tpl_get_action() is deprecated. It was called from tpl_actionlink() in /var/www/html/inc/template.php:592 see devel:menus should be used instead!
2026-06-06 03:56:12		tpl_action() is deprecated. It was called from include() in /var/www/html/lib/tpl/arcadebasic/main.php:192 see devel:menus should be used instead!
2026-06-06 03:56:12		tpl_actionlink() is deprecated. It was called from tpl_action() in /var/www/html/inc/template.php:712 see devel:menus should be used instead!
2026-06-06 03:56:12		tpl_get_action() is deprecated. It was called from tpl_actionlink() in /var/www/html/inc/template.php:592 see devel:menus should be used instead!
2026-06-06 03:56:12		tpl_toolsevent() is deprecated. It was called from include() in /var/www/html/lib/tpl/arcadebasic/main.php:187 see devel:menus should be used instead!
2026-06-06 03:56:12		tpl_action() is deprecated. It was called from include() in /var/www/html/lib/tpl/arcadebasic/main.php:203 see devel:menus should be used instead!
2026-06-06 03:56:12		tpl_actionlink() is deprecated. It was called from tpl_action() in /var/www/html/inc/template.php:712 see devel:menus should be used instead!
2026-06-06 03:56:12		tpl_get_action() is deprecated. It was called from tpl_actionlink() in /var/www/html/inc/template.php:592 see devel:menus should be used instead!
2026-06-06 03:56:12		tpl_action() is deprecated. It was called from include() in /var/www/html/lib/tpl/arcadebasic/main.php:204 see devel:menus should be used instead!
2026-06-06 03:56:12		tpl_actionlink() is deprecated. It was called from tpl_action() in /var/www/html/inc/template.php:712 see devel:menus should be used instead!
2026-06-06 03:56:12		tpl_get_action() is deprecated. It was called from tpl_actionlink() in /var/www/html/inc/template.php:592 see devel:menus should be used instead!
2026-06-06 03:56:12		tpl_action() is deprecated. It was called from include() in /var/www/html/lib/tpl/arcadebasic/main.php:205 see devel:menus should be used instead!
2026-06-06 03:56:12		tpl_actionlink() is deprecated. It was called from tpl_action() in /var/www/html/inc/template.php:712 see devel:menus should be used instead!
2026-06-06 03:56:12		tpl_get_action() is deprecated. It was called from tpl_actionlink() in /var/www/html/inc/template.php:592 see devel:menus should be used instead!
2026-06-06 03:56:12		tpl_toolsevent() is deprecated. It was called from include() in /var/www/html/lib/tpl/arcadebasic/main.php:202 see devel:menus should be used instead!
2026-06-06 04:07:07		require_once() is deprecated. It was called from require() in /var/www/html/lib/plugins/imagebox/syntax.php:9 Autoloading should be used instead!
2026-06-06 04:07:07		tpl_action() is deprecated. It was called from include() in /var/www/html/lib/tpl/arcadebasic/main.php:159 see devel:menus should be used instead!
2026-06-06 04:07:07		tpl_actionlink() is deprecated. It was called from tpl_action() in /var/www/html/inc/template.php:712 see devel:menus should be used instead!
2026-06-06 04:07:07		tpl_get_action() is deprecated. It was called from tpl_actionlink() in /var/www/html/inc/template.php:592 see devel:menus should be used instead!
2026-06-06 04:07:07		tpl_toolsevent() is deprecated. It was called from include() in /var/www/html/lib/tpl/arcadebasic/main.php:158 see devel:menus should be used instead!
2026-06-06 04:07:07		tpl_action() is deprecated. It was called from include() in /var/www/html/lib/tpl/arcadebasic/main.php:190 see devel:menus should be used instead!
2026-06-06 04:07:07		tpl_actionlink() is deprecated. It was called from tpl_action() in /var/www/html/inc/template.php:712 see devel:menus should be used instead!
2026-06-06 04:07:07		tpl_get_action() is deprecated. It was called from tpl_actionlink() in /var/www/html/inc/template.php:592 see devel:menus should be used instead!
2026-06-06 04:07:07		tpl_action() is deprecated. It was called from include() in /var/www/html/lib/tpl/arcadebasic/main.php:191 see devel:menus should be used instead!
2026-06-06 04:07:07		tpl_actionlink() is deprecated. It was called from tpl_action() in /var/www/html/inc/template.php:712 see devel:menus should be used instead!
2026-06-06 04:07:07		tpl_get_action() is deprecated. It was called from tpl_actionlink() in /var/www/html/inc/template.php:592 see devel:menus should be used instead!
2026-06-06 04:07:07		tpl_action() is deprecated. It was called from include() in /var/www/html/lib/tpl/arcadebasic/main.php:192 see devel:menus should be used instead!
2026-06-06 04:07:07		tpl_actionlink() is deprecated. It was called from tpl_action() in /var/www/html/inc/template.php:712 see devel:menus should be used instead!
2026-06-06 04:07:07		tpl_get_action() is deprecated. It was called from tpl_actionlink() in /var/www/html/inc/template.php:592 see devel:menus should be used instead!
2026-06-06 04:07:07		tpl_toolsevent() is deprecated. It was called from include() in /var/www/html/lib/tpl/arcadebasic/main.php:187 see devel:menus should be used instead!
2026-06-06 04:07:07		tpl_action() is deprecated. It was called from include() in /var/www/html/lib/tpl/arcadebasic/main.php:203 see devel:menus should be used instead!
2026-06-06 04:07:07		tpl_actionlink() is deprecated. It was called from tpl_action() in /var/www/html/inc/template.php:712 see devel:menus should be used instead!
2026-06-06 04:07:07		tpl_get_action() is deprecated. It was called from tpl_actionlink() in /var/www/html/inc/template.php:592 see devel:menus should be used instead!
2026-06-06 04:07:07		tpl_action() is deprecated. It was called from include() in /var/www/html/lib/tpl/arcadebasic/main.php:204 see devel:menus should be used instead!
2026-06-06 04:07:07		tpl_actionlink() is deprecated. It was called from tpl_action() in /var/www/html/inc/template.php:712 see devel:menus should be used instead!
2026-06-06 04:07:07		tpl_get_action() is deprecated. It was called from tpl_actionlink() in /var/www/html/inc/template.php:592 see devel:menus should be used instead!
2026-06-06 04:07:07		tpl_action() is deprecated. It was called from include() in /var/www/html/lib/tpl/arcadebasic/main.php:205 see devel:menus should be used instead!
2026-06-06 04:07:07		tpl_actionlink() is deprecated. It was called from tpl_action() in /var/www/html/inc/template.php:712 see devel:menus should be used instead!
2026-06-06 04:07:07		tpl_get_action() is deprecated. It was called from tpl_actionlink() in /var/www/html/inc/template.php:592 see devel:menus should be used instead!
2026-06-06 04:07:07		tpl_toolsevent() is deprecated. It was called from include() in /var/www/html/lib/tpl/arcadebasic/main.php:202 see devel:menus should be used instead!
2026-06-06 04:17:13		require_once() is deprecated. It was called from require() in /var/www/html/lib/plugins/imagebox/syntax.php:9 Autoloading should be used instead!
2026-06-06 04:17:13		tpl_action() is deprecated. It was called from include() in /var/www/html/lib/tpl/arcadebasic/main.php:159 see devel:menus should be used instead!
2026-06-06 04:17:13		tpl_actionlink() is deprecated. It was called from tpl_action() in /var/www/html/inc/template.php:712 see devel:menus should be used instead!
2026-06-06 04:17:13		tpl_get_action() is deprecated. It was called from tpl_actionlink() in /var/www/html/inc/template.php:592 see devel:menus should be used instead!
2026-06-06 04:17:13		tpl_toolsevent() is deprecated. It was called from include() in /var/www/html/lib/tpl/arcadebasic/main.php:158 see devel:menus should be used instead!
2026-06-06 04:17:13		tpl_action() is deprecated. It was called from include() in /var/www/html/lib/tpl/arcadebasic/main.php:190 see devel:menus should be used instead!
2026-06-06 04:17:13		tpl_actionlink() is deprecated. It was called from tpl_action() in /var/www/html/inc/template.php:712 see devel:menus should be used instead!
2026-06-06 04:17:13		tpl_get_action() is deprecated. It was called from tpl_actionlink() in /var/www/html/inc/template.php:592 see devel:menus should be used instead!
2026-06-06 04:17:13		tpl_action() is deprecated. It was called from include() in /var/www/html/lib/tpl/arcadebasic/main.php:191 see devel:menus should be used instead!
2026-06-06 04:17:13		tpl_actionlink() is deprecated. It was called from tpl_action() in /var/www/html/inc/template.php:712 see devel:menus should be used instead!
2026-06-06 04:17:13		tpl_get_action() is deprecated. It was called from tpl_actionlink() in /var/www/html/inc/template.php:592 see devel:menus should be used instead!
2026-06-06 04:17:13		tpl_action() is deprecated. It was called from include() in /var/www/html/lib/tpl/arcadebasic/main.php:192 see devel:menus should be used instead!
2026-06-06 04:17:13		tpl_actionlink() is deprecated. It was called from tpl_action() in /var/www/html/inc/template.php:712 see devel:menus should be used instead!
2026-06-06 04:17:13		tpl_get_action() is deprecated. It was called from tpl_actionlink() in /var/www/html/inc/template.php:592 see devel:menus should be used instead!
2026-06-06 04:17:13		tpl_toolsevent() is deprecated. It was called from include() in /var/www/html/lib/tpl/arcadebasic/main.php:187 see devel:menus should be used instead!
2026-06-06 04:17:13		tpl_action() is deprecated. It was called from include() in /var/www/html/lib/tpl/arcadebasic/main.php:203 see devel:menus should be used instead!
2026-06-06 04:17:13		tpl_actionlink() is deprecated. It was called from tpl_action() in /var/www/html/inc/template.php:712 see devel:menus should be used instead!
2026-06-06 04:17:13		tpl_get_action() is deprecated. It was called from tpl_actionlink() in /var/www/html/inc/template.php:592 see devel:menus should be used instead!
2026-06-06 04:17:13		tpl_action() is deprecated. It was called from include() in /var/www/html/lib/tpl/arcadebasic/main.php:204 see devel:menus should be used instead!
2026-06-06 04:17:13		tpl_actionlink() is deprecated. It was called from tpl_action() in /var/www/html/inc/template.php:712 see devel:menus should be used instead!
2026-06-06 04:17:13		tpl_get_action() is deprecated. It was called from tpl_actionlink() in /var/www/html/inc/template.php:592 see devel:menus should be used instead!
2026-06-06 04:17:13		tpl_action() is deprecated. It was called from include() in /var/www/html/lib/tpl/arcadebasic/main.php:205 see devel:menus should be used instead!
2026-06-06 04:17:13		tpl_actionlink() is deprecated. It was called from tpl_action() in /var/www/html/inc/template.php:712 see devel:menus should be used instead!
2026-06-06 04:17:13		tpl_get_action() is deprecated. It was called from tpl_actionlink() in /var/www/html/inc/template.php:592 see devel:menus should be used instead!
2026-06-06 04:17:13		tpl_toolsevent() is deprecated. It was called from include() in /var/www/html/lib/tpl/arcadebasic/main.php:202 see devel:menus should be used instead!
2026-06-06 04:22:52		tpl_action() is deprecated. It was called from include() in /var/www/html/lib/tpl/arcadebasic/main.php:159 see devel:menus should be used instead!
2026-06-06 04:22:52		tpl_actionlink() is deprecated. It was called from tpl_action() in /var/www/html/inc/template.php:712 see devel:menus should be used instead!
2026-06-06 04:22:52		tpl_get_action() is deprecated. It was called from tpl_actionlink() in /var/www/html/inc/template.php:592 see devel:menus should be used instead!
2026-06-06 04:22:52		tpl_toolsevent() is deprecated. It was called from include() in /var/www/html/lib/tpl/arcadebasic/main.php:158 see devel:menus should be used instead!
2026-06-06 04:22:52		tpl_action() is deprecated. It was called from include() in /var/www/html/lib/tpl/arcadebasic/main.php:190 see devel:menus should be used instead!
2026-06-06 04:22:52		tpl_actionlink() is deprecated. It was called from tpl_action() in /var/www/html/inc/template.php:712 see devel:menus should be used instead!
2026-06-06 04:22:52		tpl_get_action() is deprecated. It was called from tpl_actionlink() in /var/www/html/inc/template.php:592 see devel:menus should be used instead!
2026-06-06 04:22:52		tpl_action() is deprecated. It was called from include() in /var/www/html/lib/tpl/arcadebasic/main.php:191 see devel:menus should be used instead!
2026-06-06 04:22:52		tpl_actionlink() is deprecated. It was called from tpl_action() in /var/www/html/inc/template.php:712 see devel:menus should be used instead!
2026-06-06 04:22:52		tpl_get_action() is deprecated. It was called from tpl_actionlink() in /var/www/html/inc/template.php:592 see devel:menus should be used instead!
2026-06-06 04:22:52		tpl_action() is deprecated. It was called from include() in /var/www/html/lib/tpl/arcadebasic/main.php:192 see devel:menus should be used instead!
2026-06-06 04:22:52		tpl_actionlink() is deprecated. It was called from tpl_action() in /var/www/html/inc/template.php:712 see devel:menus should be used instead!
2026-06-06 04:22:52		tpl_get_action() is deprecated. It was called from tpl_actionlink() in /var/www/html/inc/template.php:592 see devel:menus should be used instead!
2026-06-06 04:22:52		tpl_toolsevent() is deprecated. It was called from include() in /var/www/html/lib/tpl/arcadebasic/main.php:187 see devel:menus should be used instead!
2026-06-06 04:22:52		tpl_action() is deprecated. It was called from include() in /var/www/html/lib/tpl/arcadebasic/main.php:203 see devel:menus should be used instead!
2026-06-06 04:22:52		tpl_actionlink() is deprecated. It was called from tpl_action() in /var/www/html/inc/template.php:712 see devel:menus should be used instead!
2026-06-06 04:22:52		tpl_get_action() is deprecated. It was called from tpl_actionlink() in /var/www/html/inc/template.php:592 see devel:menus should be used instead!
2026-06-06 04:22:52		tpl_action() is deprecated. It was called from include() in /var/www/html/lib/tpl/arcadebasic/main.php:204 see devel:menus should be used instead!
2026-06-06 04:22:52		tpl_actionlink() is deprecated. It was called from tpl_action() in /var/www/html/inc/template.php:712 see devel:menus should be used instead!
2026-06-06 04:22:52		tpl_get_action() is deprecated. It was called from tpl_actionlink() in /var/www/html/inc/template.php:592 see devel:menus should be used instead!
2026-06-06 04:22:52		tpl_action() is deprecated. It was called from include() in /var/www/html/lib/tpl/arcadebasic/main.php:205 see devel:menus should be used instead!
2026-06-06 04:22:52		tpl_actionlink() is deprecated. It was called from tpl_action() in /var/www/html/inc/template.php:712 see devel:menus should be used instead!
2026-06-06 04:22:52		tpl_get_action() is deprecated. It was called from tpl_actionlink() in /var/www/html/inc/template.php:592 see devel:menus should be used instead!
2026-06-06 04:22:52		tpl_toolsevent() is deprecated. It was called from include() in /var/www/html/lib/tpl/arcadebasic/main.php:202 see devel:menus should be used instead!
2026-06-06 04:28:35		tpl_action() is deprecated. It was called from include() in /var/www/html/lib/tpl/arcadebasic/main.php:159 see devel:menus should be used instead!
2026-06-06 04:28:35		tpl_actionlink() is deprecated. It was called from tpl_action() in /var/www/html/inc/template.php:712 see devel:menus should be used instead!
2026-06-06 04:28:35		tpl_get_action() is deprecated. It was called from tpl_actionlink() in /var/www/html/inc/template.php:592 see devel:menus should be used instead!
2026-06-06 04:28:35		tpl_toolsevent() is deprecated. It was called from include() in /var/www/html/lib/tpl/arcadebasic/main.php:158 see devel:menus should be used instead!
2026-06-06 04:28:35		tpl_action() is deprecated. It was called from include() in /var/www/html/lib/tpl/arcadebasic/main.php:190 see devel:menus should be used instead!
2026-06-06 04:28:35		tpl_actionlink() is deprecated. It was called from tpl_action() in /var/www/html/inc/template.php:712 see devel:menus should be used instead!
2026-06-06 04:28:35		tpl_get_action() is deprecated. It was called from tpl_actionlink() in /var/www/html/inc/template.php:592 see devel:menus should be used instead!
2026-06-06 04:28:35		tpl_action() is deprecated. It was called from include() in /var/www/html/lib/tpl/arcadebasic/main.php:191 see devel:menus should be used instead!
2026-06-06 04:28:35		tpl_actionlink() is deprecated. It was called from tpl_action() in /var/www/html/inc/template.php:712 see devel:menus should be used instead!
2026-06-06 04:28:35		tpl_get_action() is deprecated. It was called from tpl_actionlink() in /var/www/html/inc/template.php:592 see devel:menus should be used instead!
2026-06-06 04:28:35		tpl_action() is deprecated. It was called from include() in /var/www/html/lib/tpl/arcadebasic/main.php:192 see devel:menus should be used instead!
2026-06-06 04:28:35		tpl_actionlink() is deprecated. It was called from tpl_action() in /var/www/html/inc/template.php:712 see devel:menus should be used instead!
2026-06-06 04:28:35		tpl_get_action() is deprecated. It was called from tpl_actionlink() in /var/www/html/inc/template.php:592 see devel:menus should be used instead!
2026-06-06 04:28:35		tpl_toolsevent() is deprecated. It was called from include() in /var/www/html/lib/tpl/arcadebasic/main.php:187 see devel:menus should be used instead!
2026-06-06 04:28:35		tpl_action() is deprecated. It was called from include() in /var/www/html/lib/tpl/arcadebasic/main.php:203 see devel:menus should be used instead!
2026-06-06 04:28:35		tpl_actionlink() is deprecated. It was called from tpl_action() in /var/www/html/inc/template.php:712 see devel:menus should be used instead!
2026-06-06 04:28:35		tpl_get_action() is deprecated. It was called from tpl_actionlink() in /var/www/html/inc/template.php:592 see devel:menus should be used instead!
2026-06-06 04:28:35		tpl_action() is deprecated. It was called from include() in /var/www/html/lib/tpl/arcadebasic/main.php:204 see devel:menus should be used instead!
2026-06-06 04:28:35		tpl_actionlink() is deprecated. It was called from tpl_action() in /var/www/html/inc/template.php:712 see devel:menus should be used instead!
2026-06-06 04:28:35		tpl_get_action() is deprecated. It was called from tpl_actionlink() in /var/www/html/inc/template.php:592 see devel:menus should be used instead!
2026-06-06 04:28:35		tpl_action() is deprecated. It was called from include() in /var/www/html/lib/tpl/arcadebasic/main.php:205 see devel:menus should be used instead!
2026-06-06 04:28:35		tpl_actionlink() is deprecated. It was called from tpl_action() in /var/www/html/inc/template.php:712 see devel:menus should be used instead!
2026-06-06 04:28:35		tpl_get_action() is deprecated. It was called from tpl_actionlink() in /var/www/html/inc/template.php:592 see devel:menus should be used instead!
2026-06-06 04:28:35		tpl_toolsevent() is deprecated. It was called from include() in /var/www/html/lib/tpl/arcadebasic/main.php:202 see devel:menus should be used instead!
2026-06-06 06:11:38		tpl_action() is deprecated. It was called from include() in /var/www/html/lib/tpl/arcadebasic/main.php:159 see devel:menus should be used instead!
2026-06-06 06:11:38		tpl_actionlink() is deprecated. It was called from tpl_action() in /var/www/html/inc/template.php:712 see devel:menus should be used instead!
2026-06-06 06:11:38		tpl_get_action() is deprecated. It was called from tpl_actionlink() in /var/www/html/inc/template.php:592 see devel:menus should be used instead!
2026-06-06 06:11:38		tpl_toolsevent() is deprecated. It was called from include() in /var/www/html/lib/tpl/arcadebasic/main.php:158 see devel:menus should be used instead!
2026-06-06 06:11:38		tpl_action() is deprecated. It was called from include() in /var/www/html/lib/tpl/arcadebasic/main.php:190 see devel:menus should be used instead!
2026-06-06 06:11:38		tpl_actionlink() is deprecated. It was called from tpl_action() in /var/www/html/inc/template.php:712 see devel:menus should be used instead!
2026-06-06 06:11:38		tpl_get_action() is deprecated. It was called from tpl_actionlink() in /var/www/html/inc/template.php:592 see devel:menus should be used instead!
2026-06-06 06:11:38		tpl_action() is deprecated. It was called from include() in /var/www/html/lib/tpl/arcadebasic/main.php:191 see devel:menus should be used instead!
2026-06-06 06:11:38		tpl_actionlink() is deprecated. It was called from tpl_action() in /var/www/html/inc/template.php:712 see devel:menus should be used instead!
2026-06-06 06:11:38		tpl_get_action() is deprecated. It was called from tpl_actionlink() in /var/www/html/inc/template.php:592 see devel:menus should be used instead!
2026-06-06 06:11:38		tpl_action() is deprecated. It was called from include() in /var/www/html/lib/tpl/arcadebasic/main.php:192 see devel:menus should be used instead!
2026-06-06 06:11:38		tpl_actionlink() is deprecated. It was called from tpl_action() in /var/www/html/inc/template.php:712 see devel:menus should be used instead!
2026-06-06 06:11:38		tpl_get_action() is deprecated. It was called from tpl_actionlink() in /var/www/html/inc/template.php:592 see devel:menus should be used instead!
2026-06-06 06:11:38		tpl_toolsevent() is deprecated. It was called from include() in /var/www/html/lib/tpl/arcadebasic/main.php:187 see devel:menus should be used instead!
2026-06-06 06:11:38		tpl_action() is deprecated. It was called from include() in /var/www/html/lib/tpl/arcadebasic/main.php:203 see devel:menus should be used instead!
2026-06-06 06:11:38		tpl_actionlink() is deprecated. It was called from tpl_action() in /var/www/html/inc/template.php:712 see devel:menus should be used instead!
2026-06-06 06:11:38		tpl_get_action() is deprecated. It was called from tpl_actionlink() in /var/www/html/inc/template.php:592 see devel:menus should be used instead!
2026-06-06 06:11:38		tpl_action() is deprecated. It was called from include() in /var/www/html/lib/tpl/arcadebasic/main.php:204 see devel:menus should be used instead!
2026-06-06 06:11:38		tpl_actionlink() is deprecated. It was called from tpl_action() in /var/www/html/inc/template.php:712 see devel:menus should be used instead!
2026-06-06 06:11:38		tpl_get_action() is deprecated. It was called from tpl_actionlink() in /var/www/html/inc/template.php:592 see devel:menus should be used instead!
2026-06-06 06:11:38		tpl_action() is deprecated. It was called from include() in /var/www/html/lib/tpl/arcadebasic/main.php:205 see devel:menus should be used instead!
2026-06-06 06:11:38		tpl_actionlink() is deprecated. It was called from tpl_action() in /var/www/html/inc/template.php:712 see devel:menus should be used instead!
2026-06-06 06:11:38		tpl_get_action() is deprecated. It was called from tpl_actionlink() in /var/www/html/inc/template.php:592 see devel:menus should be used instead!
2026-06-06 06:11:38		tpl_toolsevent() is deprecated. It was called from include() in /var/www/html/lib/tpl/arcadebasic/main.php:202 see devel:menus should be used instead!
2026-06-06 06:26:14		tpl_action() is deprecated. It was called from include() in /var/www/html/lib/tpl/arcadebasic/main.php:159 see devel:menus should be used instead!
2026-06-06 06:26:14		tpl_actionlink() is deprecated. It was called from tpl_action() in /var/www/html/inc/template.php:712 see devel:menus should be used instead!
2026-06-06 06:26:14		tpl_get_action() is deprecated. It was called from tpl_actionlink() in /var/www/html/inc/template.php:592 see devel:menus should be used instead!
2026-06-06 06:26:14		tpl_toolsevent() is deprecated. It was called from include() in /var/www/html/lib/tpl/arcadebasic/main.php:158 see devel:menus should be used instead!
2026-06-06 06:26:14		tpl_action() is deprecated. It was called from include() in /var/www/html/lib/tpl/arcadebasic/main.php:190 see devel:menus should be used instead!
2026-06-06 06:26:14		tpl_actionlink() is deprecated. It was called from tpl_action() in /var/www/html/inc/template.php:712 see devel:menus should be used instead!
2026-06-06 06:26:14		tpl_get_action() is deprecated. It was called from tpl_actionlink() in /var/www/html/inc/template.php:592 see devel:menus should be used instead!
2026-06-06 06:26:14		tpl_action() is deprecated. It was called from include() in /var/www/html/lib/tpl/arcadebasic/main.php:191 see devel:menus should be used instead!
2026-06-06 06:26:14		tpl_actionlink() is deprecated. It was called from tpl_action() in /var/www/html/inc/template.php:712 see devel:menus should be used instead!
2026-06-06 06:26:14		tpl_get_action() is deprecated. It was called from tpl_actionlink() in /var/www/html/inc/template.php:592 see devel:menus should be used instead!
2026-06-06 06:26:14		tpl_action() is deprecated. It was called from include() in /var/www/html/lib/tpl/arcadebasic/main.php:192 see devel:menus should be used instead!
2026-06-06 06:26:14		tpl_actionlink() is deprecated. It was called from tpl_action() in /var/www/html/inc/template.php:712 see devel:menus should be used instead!
2026-06-06 06:26:14		tpl_get_action() is deprecated. It was called from tpl_actionlink() in /var/www/html/inc/template.php:592 see devel:menus should be used instead!
2026-06-06 06:26:14		tpl_toolsevent() is deprecated. It was called from include() in /var/www/html/lib/tpl/arcadebasic/main.php:187 see devel:menus should be used instead!
2026-06-06 06:26:14		tpl_action() is deprecated. It was called from include() in /var/www/html/lib/tpl/arcadebasic/main.php:203 see devel:menus should be used instead!
2026-06-06 06:26:14		tpl_actionlink() is deprecated. It was called from tpl_action() in /var/www/html/inc/template.php:712 see devel:menus should be used instead!
2026-06-06 06:26:14		tpl_get_action() is deprecated. It was called from tpl_actionlink() in /var/www/html/inc/template.php:592 see devel:menus should be used instead!
2026-06-06 06:26:14		tpl_action() is deprecated. It was called from include() in /var/www/html/lib/tpl/arcadebasic/main.php:204 see devel:menus should be used instead!
2026-06-06 06:26:14		tpl_actionlink() is deprecated. It was called from tpl_action() in /var/www/html/inc/template.php:712 see devel:menus should be used instead!
2026-06-06 06:26:14		tpl_get_action() is deprecated. It was called from tpl_actionlink() in /var/www/html/inc/template.php:592 see devel:menus should be used instead!
2026-06-06 06:26:14		tpl_action() is deprecated. It was called from include() in /var/www/html/lib/tpl/arcadebasic/main.php:205 see devel:menus should be used instead!
2026-06-06 06:26:14		tpl_actionlink() is deprecated. It was called from tpl_action() in /var/www/html/inc/template.php:712 see devel:menus should be used instead!
2026-06-06 06:26:14		tpl_get_action() is deprecated. It was called from tpl_actionlink() in /var/www/html/inc/template.php:592 see devel:menus should be used instead!
2026-06-06 06:26:14		tpl_toolsevent() is deprecated. It was called from include() in /var/www/html/lib/tpl/arcadebasic/main.php:202 see devel:menus should be used instead!
2026-06-06 06:35:52		tpl_action() is deprecated. It was called from include() in /var/www/html/lib/tpl/arcadebasic/main.php:159 see devel:menus should be used instead!
2026-06-06 06:35:52		tpl_actionlink() is deprecated. It was called from tpl_action() in /var/www/html/inc/template.php:712 see devel:menus should be used instead!
2026-06-06 06:35:52		tpl_get_action() is deprecated. It was called from tpl_actionlink() in /var/www/html/inc/template.php:592 see devel:menus should be used instead!
2026-06-06 06:35:52		tpl_toolsevent() is deprecated. It was called from include() in /var/www/html/lib/tpl/arcadebasic/main.php:158 see devel:menus should be used instead!
2026-06-06 06:35:52		tpl_action() is deprecated. It was called from include() in /var/www/html/lib/tpl/arcadebasic/main.php:190 see devel:menus should be used instead!
2026-06-06 06:35:52		tpl_actionlink() is deprecated. It was called from tpl_action() in /var/www/html/inc/template.php:712 see devel:menus should be used instead!
2026-06-06 06:35:52		tpl_get_action() is deprecated. It was called from tpl_actionlink() in /var/www/html/inc/template.php:592 see devel:menus should be used instead!
2026-06-06 06:35:52		tpl_action() is deprecated. It was called from include() in /var/www/html/lib/tpl/arcadebasic/main.php:191 see devel:menus should be used instead!
2026-06-06 06:35:52		tpl_actionlink() is deprecated. It was called from tpl_action() in /var/www/html/inc/template.php:712 see devel:menus should be used instead!
2026-06-06 06:35:52		tpl_get_action() is deprecated. It was called from tpl_actionlink() in /var/www/html/inc/template.php:592 see devel:menus should be used instead!
2026-06-06 06:35:52		tpl_action() is deprecated. It was called from include() in /var/www/html/lib/tpl/arcadebasic/main.php:192 see devel:menus should be used instead!
2026-06-06 06:35:52		tpl_actionlink() is deprecated. It was called from tpl_action() in /var/www/html/inc/template.php:712 see devel:menus should be used instead!
2026-06-06 06:35:52		tpl_get_action() is deprecated. It was called from tpl_actionlink() in /var/www/html/inc/template.php:592 see devel:menus should be used instead!
2026-06-06 06:35:52		tpl_toolsevent() is deprecated. It was called from include() in /var/www/html/lib/tpl/arcadebasic/main.php:187 see devel:menus should be used instead!
2026-06-06 06:35:52		tpl_action() is deprecated. It was called from include() in /var/www/html/lib/tpl/arcadebasic/main.php:203 see devel:menus should be used instead!
2026-06-06 06:35:52		tpl_actionlink() is deprecated. It was called from tpl_action() in /var/www/html/inc/template.php:712 see devel:menus should be used instead!
2026-06-06 06:35:52		tpl_get_action() is deprecated. It was called from tpl_actionlink() in /var/www/html/inc/template.php:592 see devel:menus should be used instead!
2026-06-06 06:35:52		tpl_action() is deprecated. It was called from include() in /var/www/html/lib/tpl/arcadebasic/main.php:204 see devel:menus should be used instead!
2026-06-06 06:35:52		tpl_actionlink() is deprecated. It was called from tpl_action() in /var/www/html/inc/template.php:712 see devel:menus should be used instead!
2026-06-06 06:35:52		tpl_get_action() is deprecated. It was called from tpl_actionlink() in /var/www/html/inc/template.php:592 see devel:menus should be used instead!
2026-06-06 06:35:52		tpl_action() is deprecated. It was called from include() in /var/www/html/lib/tpl/arcadebasic/main.php:205 see devel:menus should be used instead!
2026-06-06 06:35:52		tpl_actionlink() is deprecated. It was called from tpl_action() in /var/www/html/inc/template.php:712 see devel:menus should be used instead!
2026-06-06 06:35:52		tpl_get_action() is deprecated. It was called from tpl_actionlink() in /var/www/html/inc/template.php:592 see devel:menus should be used instead!
2026-06-06 06:35:52		tpl_toolsevent() is deprecated. It was called from include() in /var/www/html/lib/tpl/arcadebasic/main.php:202 see devel:menus should be used instead!
2026-06-06 06:46:27		tpl_action() is deprecated. It was called from include() in /var/www/html/lib/tpl/arcadebasic/main.php:159 see devel:menus should be used instead!
2026-06-06 06:46:27		tpl_actionlink() is deprecated. It was called from tpl_action() in /var/www/html/inc/template.php:712 see devel:menus should be used instead!
2026-06-06 06:46:27		tpl_get_action() is deprecated. It was called from tpl_actionlink() in /var/www/html/inc/template.php:592 see devel:menus should be used instead!
2026-06-06 06:46:27		tpl_toolsevent() is deprecated. It was called from include() in /var/www/html/lib/tpl/arcadebasic/main.php:158 see devel:menus should be used instead!
2026-06-06 06:46:27		tpl_action() is deprecated. It was called from include() in /var/www/html/lib/tpl/arcadebasic/main.php:190 see devel:menus should be used instead!
2026-06-06 06:46:27		tpl_actionlink() is deprecated. It was called from tpl_action() in /var/www/html/inc/template.php:712 see devel:menus should be used instead!
2026-06-06 06:46:27		tpl_get_action() is deprecated. It was called from tpl_actionlink() in /var/www/html/inc/template.php:592 see devel:menus should be used instead!
2026-06-06 06:46:27		tpl_action() is deprecated. It was called from include() in /var/www/html/lib/tpl/arcadebasic/main.php:191 see devel:menus should be used instead!
2026-06-06 06:46:27		tpl_actionlink() is deprecated. It was called from tpl_action() in /var/www/html/inc/template.php:712 see devel:menus should be used instead!
2026-06-06 06:46:27		tpl_get_action() is deprecated. It was called from tpl_actionlink() in /var/www/html/inc/template.php:592 see devel:menus should be used instead!
2026-06-06 06:46:27		tpl_action() is deprecated. It was called from include() in /var/www/html/lib/tpl/arcadebasic/main.php:192 see devel:menus should be used instead!
2026-06-06 06:46:27		tpl_actionlink() is deprecated. It was called from tpl_action() in /var/www/html/inc/template.php:712 see devel:menus should be used instead!
2026-06-06 06:46:27		tpl_get_action() is deprecated. It was called from tpl_actionlink() in /var/www/html/inc/template.php:592 see devel:menus should be used instead!
2026-06-06 06:46:27		tpl_toolsevent() is deprecated. It was called from include() in /var/www/html/lib/tpl/arcadebasic/main.php:187 see devel:menus should be used instead!
2026-06-06 06:46:27		tpl_action() is deprecated. It was called from include() in /var/www/html/lib/tpl/arcadebasic/main.php:203 see devel:menus should be used instead!
2026-06-06 06:46:27		tpl_actionlink() is deprecated. It was called from tpl_action() in /var/www/html/inc/template.php:712 see devel:menus should be used instead!
2026-06-06 06:46:27		tpl_get_action() is deprecated. It was called from tpl_actionlink() in /var/www/html/inc/template.php:592 see devel:menus should be used instead!
2026-06-06 06:46:27		tpl_action() is deprecated. It was called from include() in /var/www/html/lib/tpl/arcadebasic/main.php:204 see devel:menus should be used instead!
2026-06-06 06:46:27		tpl_actionlink() is deprecated. It was called from tpl_action() in /var/www/html/inc/template.php:712 see devel:menus should be used instead!
2026-06-06 06:46:27		tpl_get_action() is deprecated. It was called from tpl_actionlink() in /var/www/html/inc/template.php:592 see devel:menus should be used instead!
2026-06-06 06:46:27		tpl_action() is deprecated. It was called from include() in /var/www/html/lib/tpl/arcadebasic/main.php:205 see devel:menus should be used instead!
2026-06-06 06:46:27		tpl_actionlink() is deprecated. It was called from tpl_action() in /var/www/html/inc/template.php:712 see devel:menus should be used instead!
2026-06-06 06:46:27		tpl_get_action() is deprecated. It was called from tpl_actionlink() in /var/www/html/inc/template.php:592 see devel:menus should be used instead!
2026-06-06 06:46:27		tpl_toolsevent() is deprecated. It was called from include() in /var/www/html/lib/tpl/arcadebasic/main.php:202 see devel:menus should be used instead!
2026-06-06 07:05:09		tpl_action() is deprecated. It was called from include() in /var/www/html/lib/tpl/arcadebasic/main.php:159 see devel:menus should be used instead!
2026-06-06 07:05:09		tpl_actionlink() is deprecated. It was called from tpl_action() in /var/www/html/inc/template.php:712 see devel:menus should be used instead!
2026-06-06 07:05:09		tpl_get_action() is deprecated. It was called from tpl_actionlink() in /var/www/html/inc/template.php:592 see devel:menus should be used instead!
2026-06-06 07:05:09		tpl_toolsevent() is deprecated. It was called from include() in /var/www/html/lib/tpl/arcadebasic/main.php:158 see devel:menus should be used instead!
2026-06-06 07:05:09		tpl_action() is deprecated. It was called from include() in /var/www/html/lib/tpl/arcadebasic/main.php:190 see devel:menus should be used instead!
2026-06-06 07:05:09		tpl_actionlink() is deprecated. It was called from tpl_action() in /var/www/html/inc/template.php:712 see devel:menus should be used instead!
2026-06-06 07:05:09		tpl_get_action() is deprecated. It was called from tpl_actionlink() in /var/www/html/inc/template.php:592 see devel:menus should be used instead!
2026-06-06 07:05:09		tpl_action() is deprecated. It was called from include() in /var/www/html/lib/tpl/arcadebasic/main.php:191 see devel:menus should be used instead!
2026-06-06 07:05:09		tpl_actionlink() is deprecated. It was called from tpl_action() in /var/www/html/inc/template.php:712 see devel:menus should be used instead!
2026-06-06 07:05:09		tpl_get_action() is deprecated. It was called from tpl_actionlink() in /var/www/html/inc/template.php:592 see devel:menus should be used instead!
2026-06-06 07:05:09		tpl_action() is deprecated. It was called from include() in /var/www/html/lib/tpl/arcadebasic/main.php:192 see devel:menus should be used instead!
2026-06-06 07:05:09		tpl_actionlink() is deprecated. It was called from tpl_action() in /var/www/html/inc/template.php:712 see devel:menus should be used instead!
2026-06-06 07:05:09		tpl_get_action() is deprecated. It was called from tpl_actionlink() in /var/www/html/inc/template.php:592 see devel:menus should be used instead!
2026-06-06 07:05:09		tpl_toolsevent() is deprecated. It was called from include() in /var/www/html/lib/tpl/arcadebasic/main.php:187 see devel:menus should be used instead!
2026-06-06 07:05:09		tpl_action() is deprecated. It was called from include() in /var/www/html/lib/tpl/arcadebasic/main.php:203 see devel:menus should be used instead!
2026-06-06 07:05:09		tpl_actionlink() is deprecated. It was called from tpl_action() in /var/www/html/inc/template.php:712 see devel:menus should be used instead!
2026-06-06 07:05:09		tpl_get_action() is deprecated. It was called from tpl_actionlink() in /var/www/html/inc/template.php:592 see devel:menus should be used instead!
2026-06-06 07:05:09		tpl_action() is deprecated. It was called from include() in /var/www/html/lib/tpl/arcadebasic/main.php:204 see devel:menus should be used instead!
2026-06-06 07:05:09		tpl_actionlink() is deprecated. It was called from tpl_action() in /var/www/html/inc/template.php:712 see devel:menus should be used instead!
2026-06-06 07:05:09		tpl_get_action() is deprecated. It was called from tpl_actionlink() in /var/www/html/inc/template.php:592 see devel:menus should be used instead!
2026-06-06 07:05:09		tpl_action() is deprecated. It was called from include() in /var/www/html/lib/tpl/arcadebasic/main.php:205 see devel:menus should be used instead!
2026-06-06 07:05:09		tpl_actionlink() is deprecated. It was called from tpl_action() in /var/www/html/inc/template.php:712 see devel:menus should be used instead!
2026-06-06 07:05:09		tpl_get_action() is deprecated. It was called from tpl_actionlink() in /var/www/html/inc/template.php:592 see devel:menus should be used instead!
2026-06-06 07:05:09		tpl_toolsevent() is deprecated. It was called from include() in /var/www/html/lib/tpl/arcadebasic/main.php:202 see devel:menus should be used instead!
2026-06-06 07:09:04		tpl_action() is deprecated. It was called from include() in /var/www/html/lib/tpl/arcadebasic/main.php:159 see devel:menus should be used instead!
2026-06-06 07:09:04		tpl_actionlink() is deprecated. It was called from tpl_action() in /var/www/html/inc/template.php:712 see devel:menus should be used instead!
2026-06-06 07:09:04		tpl_get_action() is deprecated. It was called from tpl_actionlink() in /var/www/html/inc/template.php:592 see devel:menus should be used instead!
2026-06-06 07:09:04		tpl_toolsevent() is deprecated. It was called from include() in /var/www/html/lib/tpl/arcadebasic/main.php:158 see devel:menus should be used instead!
2026-06-06 07:09:04		tpl_action() is deprecated. It was called from include() in /var/www/html/lib/tpl/arcadebasic/main.php:190 see devel:menus should be used instead!
2026-06-06 07:09:04		tpl_actionlink() is deprecated. It was called from tpl_action() in /var/www/html/inc/template.php:712 see devel:menus should be used instead!
2026-06-06 07:09:04		tpl_get_action() is deprecated. It was called from tpl_actionlink() in /var/www/html/inc/template.php:592 see devel:menus should be used instead!
2026-06-06 07:09:04		tpl_action() is deprecated. It was called from include() in /var/www/html/lib/tpl/arcadebasic/main.php:191 see devel:menus should be used instead!
2026-06-06 07:09:04		tpl_actionlink() is deprecated. It was called from tpl_action() in /var/www/html/inc/template.php:712 see devel:menus should be used instead!
2026-06-06 07:09:04		tpl_get_action() is deprecated. It was called from tpl_actionlink() in /var/www/html/inc/template.php:592 see devel:menus should be used instead!
2026-06-06 07:09:04		tpl_action() is deprecated. It was called from include() in /var/www/html/lib/tpl/arcadebasic/main.php:192 see devel:menus should be used instead!
2026-06-06 07:09:04		tpl_actionlink() is deprecated. It was called from tpl_action() in /var/www/html/inc/template.php:712 see devel:menus should be used instead!
2026-06-06 07:09:04		tpl_get_action() is deprecated. It was called from tpl_actionlink() in /var/www/html/inc/template.php:592 see devel:menus should be used instead!
2026-06-06 07:09:04		tpl_toolsevent() is deprecated. It was called from include() in /var/www/html/lib/tpl/arcadebasic/main.php:187 see devel:menus should be used instead!
2026-06-06 07:09:04		tpl_action() is deprecated. It was called from include() in /var/www/html/lib/tpl/arcadebasic/main.php:203 see devel:menus should be used instead!
2026-06-06 07:09:04		tpl_actionlink() is deprecated. It was called from tpl_action() in /var/www/html/inc/template.php:712 see devel:menus should be used instead!
2026-06-06 07:09:04		tpl_get_action() is deprecated. It was called from tpl_actionlink() in /var/www/html/inc/template.php:592 see devel:menus should be used instead!
2026-06-06 07:09:04		tpl_action() is deprecated. It was called from include() in /var/www/html/lib/tpl/arcadebasic/main.php:204 see devel:menus should be used instead!
2026-06-06 07:09:04		tpl_actionlink() is deprecated. It was called from tpl_action() in /var/www/html/inc/template.php:712 see devel:menus should be used instead!
2026-06-06 07:09:04		tpl_get_action() is deprecated. It was called from tpl_actionlink() in /var/www/html/inc/template.php:592 see devel:menus should be used instead!
2026-06-06 07:09:04		tpl_action() is deprecated. It was called from include() in /var/www/html/lib/tpl/arcadebasic/main.php:205 see devel:menus should be used instead!
2026-06-06 07:09:04		tpl_actionlink() is deprecated. It was called from tpl_action() in /var/www/html/inc/template.php:712 see devel:menus should be used instead!
2026-06-06 07:09:04		tpl_get_action() is deprecated. It was called from tpl_actionlink() in /var/www/html/inc/template.php:592 see devel:menus should be used instead!
2026-06-06 07:09:04		tpl_toolsevent() is deprecated. It was called from include() in /var/www/html/lib/tpl/arcadebasic/main.php:202 see devel:menus should be used instead!
2026-06-06 07:15:54		tpl_action() is deprecated. It was called from include() in /var/www/html/lib/tpl/arcadebasic/main.php:159 see devel:menus should be used instead!
2026-06-06 07:15:54		tpl_actionlink() is deprecated. It was called from tpl_action() in /var/www/html/inc/template.php:712 see devel:menus should be used instead!
2026-06-06 07:15:54		tpl_get_action() is deprecated. It was called from tpl_actionlink() in /var/www/html/inc/template.php:592 see devel:menus should be used instead!
2026-06-06 07:15:54		tpl_toolsevent() is deprecated. It was called from include() in /var/www/html/lib/tpl/arcadebasic/main.php:158 see devel:menus should be used instead!
2026-06-06 07:15:54		tpl_action() is deprecated. It was called from include() in /var/www/html/lib/tpl/arcadebasic/main.php:190 see devel:menus should be used instead!
2026-06-06 07:15:54		tpl_actionlink() is deprecated. It was called from tpl_action() in /var/www/html/inc/template.php:712 see devel:menus should be used instead!
2026-06-06 07:15:54		tpl_get_action() is deprecated. It was called from tpl_actionlink() in /var/www/html/inc/template.php:592 see devel:menus should be used instead!
2026-06-06 07:15:54		tpl_action() is deprecated. It was called from include() in /var/www/html/lib/tpl/arcadebasic/main.php:191 see devel:menus should be used instead!
2026-06-06 07:15:54		tpl_actionlink() is deprecated. It was called from tpl_action() in /var/www/html/inc/template.php:712 see devel:menus should be used instead!
2026-06-06 07:15:54		tpl_get_action() is deprecated. It was called from tpl_actionlink() in /var/www/html/inc/template.php:592 see devel:menus should be used instead!
2026-06-06 07:15:54		tpl_action() is deprecated. It was called from include() in /var/www/html/lib/tpl/arcadebasic/main.php:192 see devel:menus should be used instead!
2026-06-06 07:15:54		tpl_actionlink() is deprecated. It was called from tpl_action() in /var/www/html/inc/template.php:712 see devel:menus should be used instead!
2026-06-06 07:15:54		tpl_get_action() is deprecated. It was called from tpl_actionlink() in /var/www/html/inc/template.php:592 see devel:menus should be used instead!
2026-06-06 07:15:54		tpl_toolsevent() is deprecated. It was called from include() in /var/www/html/lib/tpl/arcadebasic/main.php:187 see devel:menus should be used instead!
2026-06-06 07:15:54		tpl_action() is deprecated. It was called from include() in /var/www/html/lib/tpl/arcadebasic/main.php:203 see devel:menus should be used instead!
2026-06-06 07:15:54		tpl_actionlink() is deprecated. It was called from tpl_action() in /var/www/html/inc/template.php:712 see devel:menus should be used instead!
2026-06-06 07:15:54		tpl_get_action() is deprecated. It was called from tpl_actionlink() in /var/www/html/inc/template.php:592 see devel:menus should be used instead!
2026-06-06 07:15:54		tpl_action() is deprecated. It was called from include() in /var/www/html/lib/tpl/arcadebasic/main.php:204 see devel:menus should be used instead!
2026-06-06 07:15:54		tpl_actionlink() is deprecated. It was called from tpl_action() in /var/www/html/inc/template.php:712 see devel:menus should be used instead!
2026-06-06 07:15:54		tpl_get_action() is deprecated. It was called from tpl_actionlink() in /var/www/html/inc/template.php:592 see devel:menus should be used instead!
2026-06-06 07:15:54		tpl_action() is deprecated. It was called from include() in /var/www/html/lib/tpl/arcadebasic/main.php:205 see devel:menus should be used instead!
2026-06-06 07:15:54		tpl_actionlink() is deprecated. It was called from tpl_action() in /var/www/html/inc/template.php:712 see devel:menus should be used instead!
2026-06-06 07:15:54		tpl_get_action() is deprecated. It was called from tpl_actionlink() in /var/www/html/inc/template.php:592 see devel:menus should be used instead!
2026-06-06 07:15:54		tpl_toolsevent() is deprecated. It was called from include() in /var/www/html/lib/tpl/arcadebasic/main.php:202 see devel:menus should be used instead!
2026-06-06 07:25:31		tpl_action() is deprecated. It was called from include() in /var/www/html/lib/tpl/arcadebasic/detail.php:87 see devel:menus should be used instead!
2026-06-06 07:25:31		tpl_actionlink() is deprecated. It was called from tpl_action() in /var/www/html/inc/template.php:712 see devel:menus should be used instead!
2026-06-06 07:25:31		tpl_get_action() is deprecated. It was called from tpl_actionlink() in /var/www/html/inc/template.php:592 see devel:menus should be used instead!
2026-06-06 07:25:31		tpl_action() is deprecated. It was called from include() in /var/www/html/lib/tpl/arcadebasic/detail.php:88 see devel:menus should be used instead!
2026-06-06 07:25:31		tpl_actionlink() is deprecated. It was called from tpl_action() in /var/www/html/inc/template.php:712 see devel:menus should be used instead!
2026-06-06 07:25:31		tpl_get_action() is deprecated. It was called from tpl_actionlink() in /var/www/html/inc/template.php:592 see devel:menus should be used instead!
2026-06-06 07:37:09		tpl_action() is deprecated. It was called from include() in /var/www/html/lib/tpl/arcadebasic/main.php:159 see devel:menus should be used instead!
2026-06-06 07:37:09		tpl_actionlink() is deprecated. It was called from tpl_action() in /var/www/html/inc/template.php:712 see devel:menus should be used instead!
2026-06-06 07:37:09		tpl_get_action() is deprecated. It was called from tpl_actionlink() in /var/www/html/inc/template.php:592 see devel:menus should be used instead!
2026-06-06 07:37:09		tpl_toolsevent() is deprecated. It was called from include() in /var/www/html/lib/tpl/arcadebasic/main.php:158 see devel:menus should be used instead!
2026-06-06 07:37:09		tpl_action() is deprecated. It was called from include() in /var/www/html/lib/tpl/arcadebasic/main.php:190 see devel:menus should be used instead!
2026-06-06 07:37:09		tpl_actionlink() is deprecated. It was called from tpl_action() in /var/www/html/inc/template.php:712 see devel:menus should be used instead!
2026-06-06 07:37:09		tpl_get_action() is deprecated. It was called from tpl_actionlink() in /var/www/html/inc/template.php:592 see devel:menus should be used instead!
2026-06-06 07:37:09		tpl_action() is deprecated. It was called from include() in /var/www/html/lib/tpl/arcadebasic/main.php:191 see devel:menus should be used instead!
2026-06-06 07:37:09		tpl_actionlink() is deprecated. It was called from tpl_action() in /var/www/html/inc/template.php:712 see devel:menus should be used instead!
2026-06-06 07:37:09		tpl_get_action() is deprecated. It was called from tpl_actionlink() in /var/www/html/inc/template.php:592 see devel:menus should be used instead!
2026-06-06 07:37:09		tpl_action() is deprecated. It was called from include() in /var/www/html/lib/tpl/arcadebasic/main.php:192 see devel:menus should be used instead!
2026-06-06 07:37:09		tpl_actionlink() is deprecated. It was called from tpl_action() in /var/www/html/inc/template.php:712 see devel:menus should be used instead!
2026-06-06 07:37:09		tpl_get_action() is deprecated. It was called from tpl_actionlink() in /var/www/html/inc/template.php:592 see devel:menus should be used instead!
2026-06-06 07:37:09		tpl_toolsevent() is deprecated. It was called from include() in /var/www/html/lib/tpl/arcadebasic/main.php:187 see devel:menus should be used instead!
2026-06-06 07:37:09		tpl_action() is deprecated. It was called from include() in /var/www/html/lib/tpl/arcadebasic/main.php:203 see devel:menus should be used instead!
2026-06-06 07:37:09		tpl_actionlink() is deprecated. It was called from tpl_action() in /var/www/html/inc/template.php:712 see devel:menus should be used instead!
2026-06-06 07:37:09		tpl_get_action() is deprecated. It was called from tpl_actionlink() in /var/www/html/inc/template.php:592 see devel:menus should be used instead!
2026-06-06 07:37:09		tpl_action() is deprecated. It was called from include() in /var/www/html/lib/tpl/arcadebasic/main.php:204 see devel:menus should be used instead!
2026-06-06 07:37:09		tpl_actionlink() is deprecated. It was called from tpl_action() in /var/www/html/inc/template.php:712 see devel:menus should be used instead!
2026-06-06 07:37:09		tpl_get_action() is deprecated. It was called from tpl_actionlink() in /var/www/html/inc/template.php:592 see devel:menus should be used instead!
2026-06-06 07:37:09		tpl_action() is deprecated. It was called from include() in /var/www/html/lib/tpl/arcadebasic/main.php:205 see devel:menus should be used instead!
2026-06-06 07:37:09		tpl_actionlink() is deprecated. It was called from tpl_action() in /var/www/html/inc/template.php:712 see devel:menus should be used instead!
2026-06-06 07:37:09		tpl_get_action() is deprecated. It was called from tpl_actionlink() in /var/www/html/inc/template.php:592 see devel:menus should be used instead!
2026-06-06 07:37:09		tpl_toolsevent() is deprecated. It was called from include() in /var/www/html/lib/tpl/arcadebasic/main.php:202 see devel:menus should be used instead!
2026-06-06 07:45:21		tpl_action() is deprecated. It was called from include() in /var/www/html/lib/tpl/arcadebasic/main.php:159 see devel:menus should be used instead!
2026-06-06 07:45:21		tpl_actionlink() is deprecated. It was called from tpl_action() in /var/www/html/inc/template.php:712 see devel:menus should be used instead!
2026-06-06 07:45:21		tpl_get_action() is deprecated. It was called from tpl_actionlink() in /var/www/html/inc/template.php:592 see devel:menus should be used instead!
2026-06-06 07:45:21		tpl_toolsevent() is deprecated. It was called from include() in /var/www/html/lib/tpl/arcadebasic/main.php:158 see devel:menus should be used instead!
2026-06-06 07:45:21		tpl_action() is deprecated. It was called from include() in /var/www/html/lib/tpl/arcadebasic/main.php:190 see devel:menus should be used instead!
2026-06-06 07:45:21		tpl_actionlink() is deprecated. It was called from tpl_action() in /var/www/html/inc/template.php:712 see devel:menus should be used instead!
2026-06-06 07:45:21		tpl_get_action() is deprecated. It was called from tpl_actionlink() in /var/www/html/inc/template.php:592 see devel:menus should be used instead!
2026-06-06 07:45:21		tpl_action() is deprecated. It was called from include() in /var/www/html/lib/tpl/arcadebasic/main.php:191 see devel:menus should be used instead!
2026-06-06 07:45:21		tpl_actionlink() is deprecated. It was called from tpl_action() in /var/www/html/inc/template.php:712 see devel:menus should be used instead!
2026-06-06 07:45:21		tpl_get_action() is deprecated. It was called from tpl_actionlink() in /var/www/html/inc/template.php:592 see devel:menus should be used instead!
2026-06-06 07:45:21		tpl_action() is deprecated. It was called from include() in /var/www/html/lib/tpl/arcadebasic/main.php:192 see devel:menus should be used instead!
2026-06-06 07:45:21		tpl_actionlink() is deprecated. It was called from tpl_action() in /var/www/html/inc/template.php:712 see devel:menus should be used instead!
2026-06-06 07:45:21		tpl_get_action() is deprecated. It was called from tpl_actionlink() in /var/www/html/inc/template.php:592 see devel:menus should be used instead!
2026-06-06 07:45:21		tpl_toolsevent() is deprecated. It was called from include() in /var/www/html/lib/tpl/arcadebasic/main.php:187 see devel:menus should be used instead!
2026-06-06 07:45:21		tpl_action() is deprecated. It was called from include() in /var/www/html/lib/tpl/arcadebasic/main.php:203 see devel:menus should be used instead!
2026-06-06 07:45:21		tpl_actionlink() is deprecated. It was called from tpl_action() in /var/www/html/inc/template.php:712 see devel:menus should be used instead!
2026-06-06 07:45:21		tpl_get_action() is deprecated. It was called from tpl_actionlink() in /var/www/html/inc/template.php:592 see devel:menus should be used instead!
2026-06-06 07:45:21		tpl_action() is deprecated. It was called from include() in /var/www/html/lib/tpl/arcadebasic/main.php:204 see devel:menus should be used instead!
2026-06-06 07:45:21		tpl_actionlink() is deprecated. It was called from tpl_action() in /var/www/html/inc/template.php:712 see devel:menus should be used instead!
2026-06-06 07:45:21		tpl_get_action() is deprecated. It was called from tpl_actionlink() in /var/www/html/inc/template.php:592 see devel:menus should be used instead!
2026-06-06 07:45:21		tpl_action() is deprecated. It was called from include() in /var/www/html/lib/tpl/arcadebasic/main.php:205 see devel:menus should be used instead!
2026-06-06 07:45:21		tpl_actionlink() is deprecated. It was called from tpl_action() in /var/www/html/inc/template.php:712 see devel:menus should be used instead!
2026-06-06 07:45:21		tpl_get_action() is deprecated. It was called from tpl_actionlink() in /var/www/html/inc/template.php:592 see devel:menus should be used instead!
2026-06-06 07:45:21		tpl_toolsevent() is deprecated. It was called from include() in /var/www/html/lib/tpl/arcadebasic/main.php:202 see devel:menus should be used instead!
2026-06-06 07:57:27		tpl_action() is deprecated. It was called from include() in /var/www/html/lib/tpl/arcadebasic/main.php:159 see devel:menus should be used instead!
2026-06-06 07:57:27		tpl_actionlink() is deprecated. It was called from tpl_action() in /var/www/html/inc/template.php:712 see devel:menus should be used instead!
2026-06-06 07:57:27		tpl_get_action() is deprecated. It was called from tpl_actionlink() in /var/www/html/inc/template.php:592 see devel:menus should be used instead!
2026-06-06 07:57:27		tpl_toolsevent() is deprecated. It was called from include() in /var/www/html/lib/tpl/arcadebasic/main.php:158 see devel:menus should be used instead!
2026-06-06 07:57:27		tpl_action() is deprecated. It was called from include() in /var/www/html/lib/tpl/arcadebasic/main.php:190 see devel:menus should be used instead!
2026-06-06 07:57:27		tpl_actionlink() is deprecated. It was called from tpl_action() in /var/www/html/inc/template.php:712 see devel:menus should be used instead!
2026-06-06 07:57:27		tpl_get_action() is deprecated. It was called from tpl_actionlink() in /var/www/html/inc/template.php:592 see devel:menus should be used instead!
2026-06-06 07:57:27		tpl_action() is deprecated. It was called from include() in /var/www/html/lib/tpl/arcadebasic/main.php:191 see devel:menus should be used instead!
2026-06-06 07:57:27		tpl_actionlink() is deprecated. It was called from tpl_action() in /var/www/html/inc/template.php:712 see devel:menus should be used instead!
2026-06-06 07:57:27		tpl_get_action() is deprecated. It was called from tpl_actionlink() in /var/www/html/inc/template.php:592 see devel:menus should be used instead!
2026-06-06 07:57:27		tpl_action() is deprecated. It was called from include() in /var/www/html/lib/tpl/arcadebasic/main.php:192 see devel:menus should be used instead!
2026-06-06 07:57:27		tpl_actionlink() is deprecated. It was called from tpl_action() in /var/www/html/inc/template.php:712 see devel:menus should be used instead!
2026-06-06 07:57:27		tpl_get_action() is deprecated. It was called from tpl_actionlink() in /var/www/html/inc/template.php:592 see devel:menus should be used instead!
2026-06-06 07:57:27		tpl_toolsevent() is deprecated. It was called from include() in /var/www/html/lib/tpl/arcadebasic/main.php:187 see devel:menus should be used instead!
2026-06-06 07:57:27		tpl_action() is deprecated. It was called from include() in /var/www/html/lib/tpl/arcadebasic/main.php:203 see devel:menus should be used instead!
2026-06-06 07:57:27		tpl_actionlink() is deprecated. It was called from tpl_action() in /var/www/html/inc/template.php:712 see devel:menus should be used instead!
2026-06-06 07:57:27		tpl_get_action() is deprecated. It was called from tpl_actionlink() in /var/www/html/inc/template.php:592 see devel:menus should be used instead!
2026-06-06 07:57:27		tpl_action() is deprecated. It was called from include() in /var/www/html/lib/tpl/arcadebasic/main.php:204 see devel:menus should be used instead!
2026-06-06 07:57:27		tpl_actionlink() is deprecated. It was called from tpl_action() in /var/www/html/inc/template.php:712 see devel:menus should be used instead!
2026-06-06 07:57:27		tpl_get_action() is deprecated. It was called from tpl_actionlink() in /var/www/html/inc/template.php:592 see devel:menus should be used instead!
2026-06-06 07:57:27		tpl_action() is deprecated. It was called from include() in /var/www/html/lib/tpl/arcadebasic/main.php:205 see devel:menus should be used instead!
2026-06-06 07:57:27		tpl_actionlink() is deprecated. It was called from tpl_action() in /var/www/html/inc/template.php:712 see devel:menus should be used instead!
2026-06-06 07:57:27		tpl_get_action() is deprecated. It was called from tpl_actionlink() in /var/www/html/inc/template.php:592 see devel:menus should be used instead!
2026-06-06 07:57:27		tpl_toolsevent() is deprecated. It was called from include() in /var/www/html/lib/tpl/arcadebasic/main.php:202 see devel:menus should be used instead!
2026-06-06 08:05:27		tpl_action() is deprecated. It was called from include() in /var/www/html/lib/tpl/arcadebasic/main.php:159 see devel:menus should be used instead!
2026-06-06 08:05:27		tpl_actionlink() is deprecated. It was called from tpl_action() in /var/www/html/inc/template.php:712 see devel:menus should be used instead!
2026-06-06 08:05:27		tpl_get_action() is deprecated. It was called from tpl_actionlink() in /var/www/html/inc/template.php:592 see devel:menus should be used instead!
2026-06-06 08:05:27		tpl_toolsevent() is deprecated. It was called from include() in /var/www/html/lib/tpl/arcadebasic/main.php:158 see devel:menus should be used instead!
2026-06-06 08:05:27		tpl_action() is deprecated. It was called from include() in /var/www/html/lib/tpl/arcadebasic/main.php:190 see devel:menus should be used instead!
2026-06-06 08:05:27		tpl_actionlink() is deprecated. It was called from tpl_action() in /var/www/html/inc/template.php:712 see devel:menus should be used instead!
2026-06-06 08:05:27		tpl_get_action() is deprecated. It was called from tpl_actionlink() in /var/www/html/inc/template.php:592 see devel:menus should be used instead!
2026-06-06 08:05:27		tpl_action() is deprecated. It was called from include() in /var/www/html/lib/tpl/arcadebasic/main.php:191 see devel:menus should be used instead!
2026-06-06 08:05:27		tpl_actionlink() is deprecated. It was called from tpl_action() in /var/www/html/inc/template.php:712 see devel:menus should be used instead!
2026-06-06 08:05:27		tpl_get_action() is deprecated. It was called from tpl_actionlink() in /var/www/html/inc/template.php:592 see devel:menus should be used instead!
2026-06-06 08:05:27		tpl_action() is deprecated. It was called from include() in /var/www/html/lib/tpl/arcadebasic/main.php:192 see devel:menus should be used instead!
2026-06-06 08:05:27		tpl_actionlink() is deprecated. It was called from tpl_action() in /var/www/html/inc/template.php:712 see devel:menus should be used instead!
2026-06-06 08:05:27		tpl_get_action() is deprecated. It was called from tpl_actionlink() in /var/www/html/inc/template.php:592 see devel:menus should be used instead!
2026-06-06 08:05:27		tpl_toolsevent() is deprecated. It was called from include() in /var/www/html/lib/tpl/arcadebasic/main.php:187 see devel:menus should be used instead!
2026-06-06 08:05:27		tpl_action() is deprecated. It was called from include() in /var/www/html/lib/tpl/arcadebasic/main.php:203 see devel:menus should be used instead!
2026-06-06 08:05:27		tpl_actionlink() is deprecated. It was called from tpl_action() in /var/www/html/inc/template.php:712 see devel:menus should be used instead!
2026-06-06 08:05:27		tpl_get_action() is deprecated. It was called from tpl_actionlink() in /var/www/html/inc/template.php:592 see devel:menus should be used instead!
2026-06-06 08:05:27		tpl_action() is deprecated. It was called from include() in /var/www/html/lib/tpl/arcadebasic/main.php:204 see devel:menus should be used instead!
2026-06-06 08:05:27		tpl_actionlink() is deprecated. It was called from tpl_action() in /var/www/html/inc/template.php:712 see devel:menus should be used instead!
2026-06-06 08:05:27		tpl_get_action() is deprecated. It was called from tpl_actionlink() in /var/www/html/inc/template.php:592 see devel:menus should be used instead!
2026-06-06 08:05:27		tpl_action() is deprecated. It was called from include() in /var/www/html/lib/tpl/arcadebasic/main.php:205 see devel:menus should be used instead!
2026-06-06 08:05:27		tpl_actionlink() is deprecated. It was called from tpl_action() in /var/www/html/inc/template.php:712 see devel:menus should be used instead!
2026-06-06 08:05:27		tpl_get_action() is deprecated. It was called from tpl_actionlink() in /var/www/html/inc/template.php:592 see devel:menus should be used instead!
2026-06-06 08:05:27		tpl_toolsevent() is deprecated. It was called from include() in /var/www/html/lib/tpl/arcadebasic/main.php:202 see devel:menus should be used instead!
2026-06-06 08:08:18		require_once() is deprecated. It was called from require() in /var/www/html/lib/plugins/imagebox/syntax.php:9 Autoloading should be used instead!
2026-06-06 08:08:18		tpl_action() is deprecated. It was called from include() in /var/www/html/lib/tpl/arcadebasic/main.php:159 see devel:menus should be used instead!
2026-06-06 08:08:18		tpl_actionlink() is deprecated. It was called from tpl_action() in /var/www/html/inc/template.php:712 see devel:menus should be used instead!
2026-06-06 08:08:18		tpl_get_action() is deprecated. It was called from tpl_actionlink() in /var/www/html/inc/template.php:592 see devel:menus should be used instead!
2026-06-06 08:08:18		tpl_toolsevent() is deprecated. It was called from include() in /var/www/html/lib/tpl/arcadebasic/main.php:158 see devel:menus should be used instead!
2026-06-06 08:08:18		tpl_action() is deprecated. It was called from include() in /var/www/html/lib/tpl/arcadebasic/main.php:190 see devel:menus should be used instead!
2026-06-06 08:08:18		tpl_actionlink() is deprecated. It was called from tpl_action() in /var/www/html/inc/template.php:712 see devel:menus should be used instead!
2026-06-06 08:08:18		tpl_get_action() is deprecated. It was called from tpl_actionlink() in /var/www/html/inc/template.php:592 see devel:menus should be used instead!
2026-06-06 08:08:18		tpl_action() is deprecated. It was called from include() in /var/www/html/lib/tpl/arcadebasic/main.php:191 see devel:menus should be used instead!
2026-06-06 08:08:18		tpl_actionlink() is deprecated. It was called from tpl_action() in /var/www/html/inc/template.php:712 see devel:menus should be used instead!
2026-06-06 08:08:18		tpl_get_action() is deprecated. It was called from tpl_actionlink() in /var/www/html/inc/template.php:592 see devel:menus should be used instead!
2026-06-06 08:08:18		tpl_action() is deprecated. It was called from include() in /var/www/html/lib/tpl/arcadebasic/main.php:192 see devel:menus should be used instead!
2026-06-06 08:08:18		tpl_actionlink() is deprecated. It was called from tpl_action() in /var/www/html/inc/template.php:712 see devel:menus should be used instead!
2026-06-06 08:08:18		tpl_get_action() is deprecated. It was called from tpl_actionlink() in /var/www/html/inc/template.php:592 see devel:menus should be used instead!
2026-06-06 08:08:18		tpl_toolsevent() is deprecated. It was called from include() in /var/www/html/lib/tpl/arcadebasic/main.php:187 see devel:menus should be used instead!
2026-06-06 08:08:18		tpl_action() is deprecated. It was called from include() in /var/www/html/lib/tpl/arcadebasic/main.php:203 see devel:menus should be used instead!
2026-06-06 08:08:18		tpl_actionlink() is deprecated. It was called from tpl_action() in /var/www/html/inc/template.php:712 see devel:menus should be used instead!
2026-06-06 08:08:18		tpl_get_action() is deprecated. It was called from tpl_actionlink() in /var/www/html/inc/template.php:592 see devel:menus should be used instead!
2026-06-06 08:08:18		tpl_action() is deprecated. It was called from include() in /var/www/html/lib/tpl/arcadebasic/main.php:204 see devel:menus should be used instead!
2026-06-06 08:08:18		tpl_actionlink() is deprecated. It was called from tpl_action() in /var/www/html/inc/template.php:712 see devel:menus should be used instead!
2026-06-06 08:08:18		tpl_get_action() is deprecated. It was called from tpl_actionlink() in /var/www/html/inc/template.php:592 see devel:menus should be used instead!
2026-06-06 08:08:18		tpl_action() is deprecated. It was called from include() in /var/www/html/lib/tpl/arcadebasic/main.php:205 see devel:menus should be used instead!
2026-06-06 08:08:18		tpl_actionlink() is deprecated. It was called from tpl_action() in /var/www/html/inc/template.php:712 see devel:menus should be used instead!
2026-06-06 08:08:18		tpl_get_action() is deprecated. It was called from tpl_actionlink() in /var/www/html/inc/template.php:592 see devel:menus should be used instead!
2026-06-06 08:08:18		tpl_toolsevent() is deprecated. It was called from include() in /var/www/html/lib/tpl/arcadebasic/main.php:202 see devel:menus should be used instead!
2026-06-06 08:17:56		tpl_action() is deprecated. It was called from include() in /var/www/html/lib/tpl/arcadebasic/main.php:159 see devel:menus should be used instead!
2026-06-06 08:17:56		tpl_actionlink() is deprecated. It was called from tpl_action() in /var/www/html/inc/template.php:712 see devel:menus should be used instead!
2026-06-06 08:17:56		tpl_get_action() is deprecated. It was called from tpl_actionlink() in /var/www/html/inc/template.php:592 see devel:menus should be used instead!
2026-06-06 08:17:56		tpl_toolsevent() is deprecated. It was called from include() in /var/www/html/lib/tpl/arcadebasic/main.php:158 see devel:menus should be used instead!
2026-06-06 08:17:56		tpl_action() is deprecated. It was called from include() in /var/www/html/lib/tpl/arcadebasic/main.php:190 see devel:menus should be used instead!
2026-06-06 08:17:56		tpl_actionlink() is deprecated. It was called from tpl_action() in /var/www/html/inc/template.php:712 see devel:menus should be used instead!
2026-06-06 08:17:56		tpl_get_action() is deprecated. It was called from tpl_actionlink() in /var/www/html/inc/template.php:592 see devel:menus should be used instead!
2026-06-06 08:17:56		tpl_action() is deprecated. It was called from include() in /var/www/html/lib/tpl/arcadebasic/main.php:191 see devel:menus should be used instead!
2026-06-06 08:17:56		tpl_actionlink() is deprecated. It was called from tpl_action() in /var/www/html/inc/template.php:712 see devel:menus should be used instead!
2026-06-06 08:17:56		tpl_get_action() is deprecated. It was called from tpl_actionlink() in /var/www/html/inc/template.php:592 see devel:menus should be used instead!
2026-06-06 08:17:56		tpl_action() is deprecated. It was called from include() in /var/www/html/lib/tpl/arcadebasic/main.php:192 see devel:menus should be used instead!
2026-06-06 08:17:56		tpl_actionlink() is deprecated. It was called from tpl_action() in /var/www/html/inc/template.php:712 see devel:menus should be used instead!
2026-06-06 08:17:56		tpl_get_action() is deprecated. It was called from tpl_actionlink() in /var/www/html/inc/template.php:592 see devel:menus should be used instead!
2026-06-06 08:17:56		tpl_toolsevent() is deprecated. It was called from include() in /var/www/html/lib/tpl/arcadebasic/main.php:187 see devel:menus should be used instead!
2026-06-06 08:17:56		tpl_action() is deprecated. It was called from include() in /var/www/html/lib/tpl/arcadebasic/main.php:203 see devel:menus should be used instead!
2026-06-06 08:17:56		tpl_actionlink() is deprecated. It was called from tpl_action() in /var/www/html/inc/template.php:712 see devel:menus should be used instead!
2026-06-06 08:17:56		tpl_get_action() is deprecated. It was called from tpl_actionlink() in /var/www/html/inc/template.php:592 see devel:menus should be used instead!
2026-06-06 08:17:56		tpl_action() is deprecated. It was called from include() in /var/www/html/lib/tpl/arcadebasic/main.php:204 see devel:menus should be used instead!
2026-06-06 08:17:56		tpl_actionlink() is deprecated. It was called from tpl_action() in /var/www/html/inc/template.php:712 see devel:menus should be used instead!
2026-06-06 08:17:56		tpl_get_action() is deprecated. It was called from tpl_actionlink() in /var/www/html/inc/template.php:592 see devel:menus should be used instead!
2026-06-06 08:17:56		tpl_action() is deprecated. It was called from include() in /var/www/html/lib/tpl/arcadebasic/main.php:205 see devel:menus should be used instead!
2026-06-06 08:17:56		tpl_actionlink() is deprecated. It was called from tpl_action() in /var/www/html/inc/template.php:712 see devel:menus should be used instead!
2026-06-06 08:17:56		tpl_get_action() is deprecated. It was called from tpl_actionlink() in /var/www/html/inc/template.php:592 see devel:menus should be used instead!
2026-06-06 08:17:56		tpl_toolsevent() is deprecated. It was called from include() in /var/www/html/lib/tpl/arcadebasic/main.php:202 see devel:menus should be used instead!
2026-06-06 08:34:56		tpl_action() is deprecated. It was called from include() in /var/www/html/lib/tpl/arcadebasic/main.php:159 see devel:menus should be used instead!
2026-06-06 08:34:56		tpl_actionlink() is deprecated. It was called from tpl_action() in /var/www/html/inc/template.php:712 see devel:menus should be used instead!
2026-06-06 08:34:56		tpl_get_action() is deprecated. It was called from tpl_actionlink() in /var/www/html/inc/template.php:592 see devel:menus should be used instead!
2026-06-06 08:34:56		tpl_toolsevent() is deprecated. It was called from include() in /var/www/html/lib/tpl/arcadebasic/main.php:158 see devel:menus should be used instead!
2026-06-06 08:34:56		tpl_action() is deprecated. It was called from include() in /var/www/html/lib/tpl/arcadebasic/main.php:190 see devel:menus should be used instead!
2026-06-06 08:34:56		tpl_actionlink() is deprecated. It was called from tpl_action() in /var/www/html/inc/template.php:712 see devel:menus should be used instead!
2026-06-06 08:34:56		tpl_get_action() is deprecated. It was called from tpl_actionlink() in /var/www/html/inc/template.php:592 see devel:menus should be used instead!
2026-06-06 08:34:56		tpl_action() is deprecated. It was called from include() in /var/www/html/lib/tpl/arcadebasic/main.php:191 see devel:menus should be used instead!
2026-06-06 08:34:56		tpl_actionlink() is deprecated. It was called from tpl_action() in /var/www/html/inc/template.php:712 see devel:menus should be used instead!
2026-06-06 08:34:56		tpl_get_action() is deprecated. It was called from tpl_actionlink() in /var/www/html/inc/template.php:592 see devel:menus should be used instead!
2026-06-06 08:34:56		tpl_action() is deprecated. It was called from include() in /var/www/html/lib/tpl/arcadebasic/main.php:192 see devel:menus should be used instead!
2026-06-06 08:34:56		tpl_actionlink() is deprecated. It was called from tpl_action() in /var/www/html/inc/template.php:712 see devel:menus should be used instead!
2026-06-06 08:34:56		tpl_get_action() is deprecated. It was called from tpl_actionlink() in /var/www/html/inc/template.php:592 see devel:menus should be used instead!
2026-06-06 08:34:56		tpl_toolsevent() is deprecated. It was called from include() in /var/www/html/lib/tpl/arcadebasic/main.php:187 see devel:menus should be used instead!
2026-06-06 08:34:56		tpl_action() is deprecated. It was called from include() in /var/www/html/lib/tpl/arcadebasic/main.php:203 see devel:menus should be used instead!
2026-06-06 08:34:56		tpl_actionlink() is deprecated. It was called from tpl_action() in /var/www/html/inc/template.php:712 see devel:menus should be used instead!
2026-06-06 08:34:56		tpl_get_action() is deprecated. It was called from tpl_actionlink() in /var/www/html/inc/template.php:592 see devel:menus should be used instead!
2026-06-06 08:34:56		tpl_action() is deprecated. It was called from include() in /var/www/html/lib/tpl/arcadebasic/main.php:204 see devel:menus should be used instead!
2026-06-06 08:34:56		tpl_actionlink() is deprecated. It was called from tpl_action() in /var/www/html/inc/template.php:712 see devel:menus should be used instead!
2026-06-06 08:34:56		tpl_get_action() is deprecated. It was called from tpl_actionlink() in /var/www/html/inc/template.php:592 see devel:menus should be used instead!
2026-06-06 08:34:56		tpl_action() is deprecated. It was called from include() in /var/www/html/lib/tpl/arcadebasic/main.php:205 see devel:menus should be used instead!
2026-06-06 08:34:56		tpl_actionlink() is deprecated. It was called from tpl_action() in /var/www/html/inc/template.php:712 see devel:menus should be used instead!
2026-06-06 08:34:56		tpl_get_action() is deprecated. It was called from tpl_actionlink() in /var/www/html/inc/template.php:592 see devel:menus should be used instead!
2026-06-06 08:34:56		tpl_toolsevent() is deprecated. It was called from include() in /var/www/html/lib/tpl/arcadebasic/main.php:202 see devel:menus should be used instead!
2026-06-06 08:45:22		tpl_action() is deprecated. It was called from include() in /var/www/html/lib/tpl/arcadebasic/main.php:159 see devel:menus should be used instead!
2026-06-06 08:45:22		tpl_actionlink() is deprecated. It was called from tpl_action() in /var/www/html/inc/template.php:712 see devel:menus should be used instead!
2026-06-06 08:45:22		tpl_get_action() is deprecated. It was called from tpl_actionlink() in /var/www/html/inc/template.php:592 see devel:menus should be used instead!
2026-06-06 08:45:22		tpl_toolsevent() is deprecated. It was called from include() in /var/www/html/lib/tpl/arcadebasic/main.php:158 see devel:menus should be used instead!
2026-06-06 08:45:22		tpl_action() is deprecated. It was called from include() in /var/www/html/lib/tpl/arcadebasic/main.php:190 see devel:menus should be used instead!
2026-06-06 08:45:22		tpl_actionlink() is deprecated. It was called from tpl_action() in /var/www/html/inc/template.php:712 see devel:menus should be used instead!
2026-06-06 08:45:22		tpl_get_action() is deprecated. It was called from tpl_actionlink() in /var/www/html/inc/template.php:592 see devel:menus should be used instead!
2026-06-06 08:45:22		tpl_action() is deprecated. It was called from include() in /var/www/html/lib/tpl/arcadebasic/main.php:191 see devel:menus should be used instead!
2026-06-06 08:45:22		tpl_actionlink() is deprecated. It was called from tpl_action() in /var/www/html/inc/template.php:712 see devel:menus should be used instead!
2026-06-06 08:45:22		tpl_get_action() is deprecated. It was called from tpl_actionlink() in /var/www/html/inc/template.php:592 see devel:menus should be used instead!
2026-06-06 08:45:22		tpl_action() is deprecated. It was called from include() in /var/www/html/lib/tpl/arcadebasic/main.php:192 see devel:menus should be used instead!
2026-06-06 08:45:22		tpl_actionlink() is deprecated. It was called from tpl_action() in /var/www/html/inc/template.php:712 see devel:menus should be used instead!
2026-06-06 08:45:22		tpl_get_action() is deprecated. It was called from tpl_actionlink() in /var/www/html/inc/template.php:592 see devel:menus should be used instead!
2026-06-06 08:45:22		tpl_toolsevent() is deprecated. It was called from include() in /var/www/html/lib/tpl/arcadebasic/main.php:187 see devel:menus should be used instead!
2026-06-06 08:45:22		tpl_action() is deprecated. It was called from include() in /var/www/html/lib/tpl/arcadebasic/main.php:203 see devel:menus should be used instead!
2026-06-06 08:45:22		tpl_actionlink() is deprecated. It was called from tpl_action() in /var/www/html/inc/template.php:712 see devel:menus should be used instead!
2026-06-06 08:45:22		tpl_get_action() is deprecated. It was called from tpl_actionlink() in /var/www/html/inc/template.php:592 see devel:menus should be used instead!
2026-06-06 08:45:22		tpl_action() is deprecated. It was called from include() in /var/www/html/lib/tpl/arcadebasic/main.php:204 see devel:menus should be used instead!
2026-06-06 08:45:22		tpl_actionlink() is deprecated. It was called from tpl_action() in /var/www/html/inc/template.php:712 see devel:menus should be used instead!
2026-06-06 08:45:22		tpl_get_action() is deprecated. It was called from tpl_actionlink() in /var/www/html/inc/template.php:592 see devel:menus should be used instead!
2026-06-06 08:45:22		tpl_action() is deprecated. It was called from include() in /var/www/html/lib/tpl/arcadebasic/main.php:205 see devel:menus should be used instead!
2026-06-06 08:45:22		tpl_actionlink() is deprecated. It was called from tpl_action() in /var/www/html/inc/template.php:712 see devel:menus should be used instead!
2026-06-06 08:45:22		tpl_get_action() is deprecated. It was called from tpl_actionlink() in /var/www/html/inc/template.php:592 see devel:menus should be used instead!
2026-06-06 08:45:22		tpl_toolsevent() is deprecated. It was called from include() in /var/www/html/lib/tpl/arcadebasic/main.php:202 see devel:menus should be used instead!
2026-06-06 08:56:17		tpl_action() is deprecated. It was called from include() in /var/www/html/lib/tpl/arcadebasic/main.php:159 see devel:menus should be used instead!
2026-06-06 08:56:17		tpl_actionlink() is deprecated. It was called from tpl_action() in /var/www/html/inc/template.php:712 see devel:menus should be used instead!
2026-06-06 08:56:17		tpl_get_action() is deprecated. It was called from tpl_actionlink() in /var/www/html/inc/template.php:592 see devel:menus should be used instead!
2026-06-06 08:56:17		tpl_toolsevent() is deprecated. It was called from include() in /var/www/html/lib/tpl/arcadebasic/main.php:158 see devel:menus should be used instead!
2026-06-06 08:56:17		tpl_action() is deprecated. It was called from include() in /var/www/html/lib/tpl/arcadebasic/main.php:190 see devel:menus should be used instead!
2026-06-06 08:56:17		tpl_actionlink() is deprecated. It was called from tpl_action() in /var/www/html/inc/template.php:712 see devel:menus should be used instead!
2026-06-06 08:56:17		tpl_get_action() is deprecated. It was called from tpl_actionlink() in /var/www/html/inc/template.php:592 see devel:menus should be used instead!
2026-06-06 08:56:17		tpl_action() is deprecated. It was called from include() in /var/www/html/lib/tpl/arcadebasic/main.php:191 see devel:menus should be used instead!
2026-06-06 08:56:17		tpl_actionlink() is deprecated. It was called from tpl_action() in /var/www/html/inc/template.php:712 see devel:menus should be used instead!
2026-06-06 08:56:17		tpl_get_action() is deprecated. It was called from tpl_actionlink() in /var/www/html/inc/template.php:592 see devel:menus should be used instead!
2026-06-06 08:56:17		tpl_action() is deprecated. It was called from include() in /var/www/html/lib/tpl/arcadebasic/main.php:192 see devel:menus should be used instead!
2026-06-06 08:56:17		tpl_actionlink() is deprecated. It was called from tpl_action() in /var/www/html/inc/template.php:712 see devel:menus should be used instead!
2026-06-06 08:56:17		tpl_get_action() is deprecated. It was called from tpl_actionlink() in /var/www/html/inc/template.php:592 see devel:menus should be used instead!
2026-06-06 08:56:17		tpl_toolsevent() is deprecated. It was called from include() in /var/www/html/lib/tpl/arcadebasic/main.php:187 see devel:menus should be used instead!
2026-06-06 08:56:17		tpl_action() is deprecated. It was called from include() in /var/www/html/lib/tpl/arcadebasic/main.php:203 see devel:menus should be used instead!
2026-06-06 08:56:17		tpl_actionlink() is deprecated. It was called from tpl_action() in /var/www/html/inc/template.php:712 see devel:menus should be used instead!
2026-06-06 08:56:17		tpl_get_action() is deprecated. It was called from tpl_actionlink() in /var/www/html/inc/template.php:592 see devel:menus should be used instead!
2026-06-06 08:56:17		tpl_action() is deprecated. It was called from include() in /var/www/html/lib/tpl/arcadebasic/main.php:204 see devel:menus should be used instead!
2026-06-06 08:56:17		tpl_actionlink() is deprecated. It was called from tpl_action() in /var/www/html/inc/template.php:712 see devel:menus should be used instead!
2026-06-06 08:56:17		tpl_get_action() is deprecated. It was called from tpl_actionlink() in /var/www/html/inc/template.php:592 see devel:menus should be used instead!
2026-06-06 08:56:17		tpl_action() is deprecated. It was called from include() in /var/www/html/lib/tpl/arcadebasic/main.php:205 see devel:menus should be used instead!
2026-06-06 08:56:17		tpl_actionlink() is deprecated. It was called from tpl_action() in /var/www/html/inc/template.php:712 see devel:menus should be used instead!
2026-06-06 08:56:17		tpl_get_action() is deprecated. It was called from tpl_actionlink() in /var/www/html/inc/template.php:592 see devel:menus should be used instead!
2026-06-06 08:56:17		tpl_toolsevent() is deprecated. It was called from include() in /var/www/html/lib/tpl/arcadebasic/main.php:202 see devel:menus should be used instead!
2026-06-06 08:58:41		tpl_action() is deprecated. It was called from include() in /var/www/html/lib/tpl/arcadebasic/main.php:159 see devel:menus should be used instead!
2026-06-06 08:58:41		tpl_actionlink() is deprecated. It was called from tpl_action() in /var/www/html/inc/template.php:712 see devel:menus should be used instead!
2026-06-06 08:58:41		tpl_get_action() is deprecated. It was called from tpl_actionlink() in /var/www/html/inc/template.php:592 see devel:menus should be used instead!
2026-06-06 08:58:41		tpl_toolsevent() is deprecated. It was called from include() in /var/www/html/lib/tpl/arcadebasic/main.php:158 see devel:menus should be used instead!
2026-06-06 08:58:41		tpl_action() is deprecated. It was called from include() in /var/www/html/lib/tpl/arcadebasic/main.php:190 see devel:menus should be used instead!
2026-06-06 08:58:41		tpl_actionlink() is deprecated. It was called from tpl_action() in /var/www/html/inc/template.php:712 see devel:menus should be used instead!
2026-06-06 08:58:41		tpl_get_action() is deprecated. It was called from tpl_actionlink() in /var/www/html/inc/template.php:592 see devel:menus should be used instead!
2026-06-06 08:58:41		tpl_action() is deprecated. It was called from include() in /var/www/html/lib/tpl/arcadebasic/main.php:191 see devel:menus should be used instead!
2026-06-06 08:58:41		tpl_actionlink() is deprecated. It was called from tpl_action() in /var/www/html/inc/template.php:712 see devel:menus should be used instead!
2026-06-06 08:58:41		tpl_get_action() is deprecated. It was called from tpl_actionlink() in /var/www/html/inc/template.php:592 see devel:menus should be used instead!
2026-06-06 08:58:41		tpl_action() is deprecated. It was called from include() in /var/www/html/lib/tpl/arcadebasic/main.php:192 see devel:menus should be used instead!
2026-06-06 08:58:41		tpl_actionlink() is deprecated. It was called from tpl_action() in /var/www/html/inc/template.php:712 see devel:menus should be used instead!
2026-06-06 08:58:41		tpl_get_action() is deprecated. It was called from tpl_actionlink() in /var/www/html/inc/template.php:592 see devel:menus should be used instead!
2026-06-06 08:58:41		tpl_toolsevent() is deprecated. It was called from include() in /var/www/html/lib/tpl/arcadebasic/main.php:187 see devel:menus should be used instead!
2026-06-06 08:58:41		tpl_action() is deprecated. It was called from include() in /var/www/html/lib/tpl/arcadebasic/main.php:203 see devel:menus should be used instead!
2026-06-06 08:58:41		tpl_actionlink() is deprecated. It was called from tpl_action() in /var/www/html/inc/template.php:712 see devel:menus should be used instead!
2026-06-06 08:58:41		tpl_get_action() is deprecated. It was called from tpl_actionlink() in /var/www/html/inc/template.php:592 see devel:menus should be used instead!
2026-06-06 08:58:41		tpl_action() is deprecated. It was called from include() in /var/www/html/lib/tpl/arcadebasic/main.php:204 see devel:menus should be used instead!
2026-06-06 08:58:41		tpl_actionlink() is deprecated. It was called from tpl_action() in /var/www/html/inc/template.php:712 see devel:menus should be used instead!
2026-06-06 08:58:41		tpl_get_action() is deprecated. It was called from tpl_actionlink() in /var/www/html/inc/template.php:592 see devel:menus should be used instead!
2026-06-06 08:58:41		tpl_action() is deprecated. It was called from include() in /var/www/html/lib/tpl/arcadebasic/main.php:205 see devel:menus should be used instead!
2026-06-06 08:58:41		tpl_actionlink() is deprecated. It was called from tpl_action() in /var/www/html/inc/template.php:712 see devel:menus should be used instead!
2026-06-06 08:58:41		tpl_get_action() is deprecated. It was called from tpl_actionlink() in /var/www/html/inc/template.php:592 see devel:menus should be used instead!
2026-06-06 08:58:41		tpl_toolsevent() is deprecated. It was called from include() in /var/www/html/lib/tpl/arcadebasic/main.php:202 see devel:menus should be used instead!
2026-06-06 09:05:56		tpl_action() is deprecated. It was called from include() in /var/www/html/lib/tpl/arcadebasic/main.php:159 see devel:menus should be used instead!
2026-06-06 09:05:56		tpl_actionlink() is deprecated. It was called from tpl_action() in /var/www/html/inc/template.php:712 see devel:menus should be used instead!
2026-06-06 09:05:56		tpl_get_action() is deprecated. It was called from tpl_actionlink() in /var/www/html/inc/template.php:592 see devel:menus should be used instead!
2026-06-06 09:05:56		tpl_toolsevent() is deprecated. It was called from include() in /var/www/html/lib/tpl/arcadebasic/main.php:158 see devel:menus should be used instead!
2026-06-06 09:05:56		tpl_action() is deprecated. It was called from include() in /var/www/html/lib/tpl/arcadebasic/main.php:190 see devel:menus should be used instead!
2026-06-06 09:05:56		tpl_actionlink() is deprecated. It was called from tpl_action() in /var/www/html/inc/template.php:712 see devel:menus should be used instead!
2026-06-06 09:05:56		tpl_get_action() is deprecated. It was called from tpl_actionlink() in /var/www/html/inc/template.php:592 see devel:menus should be used instead!
2026-06-06 09:05:56		tpl_action() is deprecated. It was called from include() in /var/www/html/lib/tpl/arcadebasic/main.php:191 see devel:menus should be used instead!
2026-06-06 09:05:56		tpl_actionlink() is deprecated. It was called from tpl_action() in /var/www/html/inc/template.php:712 see devel:menus should be used instead!
2026-06-06 09:05:56		tpl_get_action() is deprecated. It was called from tpl_actionlink() in /var/www/html/inc/template.php:592 see devel:menus should be used instead!
2026-06-06 09:05:56		tpl_action() is deprecated. It was called from include() in /var/www/html/lib/tpl/arcadebasic/main.php:192 see devel:menus should be used instead!
2026-06-06 09:05:56		tpl_actionlink() is deprecated. It was called from tpl_action() in /var/www/html/inc/template.php:712 see devel:menus should be used instead!
2026-06-06 09:05:56		tpl_get_action() is deprecated. It was called from tpl_actionlink() in /var/www/html/inc/template.php:592 see devel:menus should be used instead!
2026-06-06 09:05:56		tpl_toolsevent() is deprecated. It was called from include() in /var/www/html/lib/tpl/arcadebasic/main.php:187 see devel:menus should be used instead!
2026-06-06 09:05:56		tpl_action() is deprecated. It was called from include() in /var/www/html/lib/tpl/arcadebasic/main.php:203 see devel:menus should be used instead!
2026-06-06 09:05:56		tpl_actionlink() is deprecated. It was called from tpl_action() in /var/www/html/inc/template.php:712 see devel:menus should be used instead!
2026-06-06 09:05:56		tpl_get_action() is deprecated. It was called from tpl_actionlink() in /var/www/html/inc/template.php:592 see devel:menus should be used instead!
2026-06-06 09:05:56		tpl_action() is deprecated. It was called from include() in /var/www/html/lib/tpl/arcadebasic/main.php:204 see devel:menus should be used instead!
2026-06-06 09:05:56		tpl_actionlink() is deprecated. It was called from tpl_action() in /var/www/html/inc/template.php:712 see devel:menus should be used instead!
2026-06-06 09:05:56		tpl_get_action() is deprecated. It was called from tpl_actionlink() in /var/www/html/inc/template.php:592 see devel:menus should be used instead!
2026-06-06 09:05:56		tpl_action() is deprecated. It was called from include() in /var/www/html/lib/tpl/arcadebasic/main.php:205 see devel:menus should be used instead!
2026-06-06 09:05:56		tpl_actionlink() is deprecated. It was called from tpl_action() in /var/www/html/inc/template.php:712 see devel:menus should be used instead!
2026-06-06 09:05:56		tpl_get_action() is deprecated. It was called from tpl_actionlink() in /var/www/html/inc/template.php:592 see devel:menus should be used instead!
2026-06-06 09:05:56		tpl_toolsevent() is deprecated. It was called from include() in /var/www/html/lib/tpl/arcadebasic/main.php:202 see devel:menus should be used instead!
2026-06-06 09:15:16		tpl_action() is deprecated. It was called from include() in /var/www/html/lib/tpl/arcadebasic/main.php:159 see devel:menus should be used instead!
2026-06-06 09:15:16		tpl_actionlink() is deprecated. It was called from tpl_action() in /var/www/html/inc/template.php:712 see devel:menus should be used instead!
2026-06-06 09:15:16		tpl_get_action() is deprecated. It was called from tpl_actionlink() in /var/www/html/inc/template.php:592 see devel:menus should be used instead!
2026-06-06 09:15:16		tpl_toolsevent() is deprecated. It was called from include() in /var/www/html/lib/tpl/arcadebasic/main.php:158 see devel:menus should be used instead!
2026-06-06 09:15:16		tpl_action() is deprecated. It was called from include() in /var/www/html/lib/tpl/arcadebasic/main.php:190 see devel:menus should be used instead!
2026-06-06 09:15:16		tpl_actionlink() is deprecated. It was called from tpl_action() in /var/www/html/inc/template.php:712 see devel:menus should be used instead!
2026-06-06 09:15:16		tpl_get_action() is deprecated. It was called from tpl_actionlink() in /var/www/html/inc/template.php:592 see devel:menus should be used instead!
2026-06-06 09:15:16		tpl_action() is deprecated. It was called from include() in /var/www/html/lib/tpl/arcadebasic/main.php:191 see devel:menus should be used instead!
2026-06-06 09:15:16		tpl_actionlink() is deprecated. It was called from tpl_action() in /var/www/html/inc/template.php:712 see devel:menus should be used instead!
2026-06-06 09:15:16		tpl_get_action() is deprecated. It was called from tpl_actionlink() in /var/www/html/inc/template.php:592 see devel:menus should be used instead!
2026-06-06 09:15:16		tpl_action() is deprecated. It was called from include() in /var/www/html/lib/tpl/arcadebasic/main.php:192 see devel:menus should be used instead!
2026-06-06 09:15:16		tpl_actionlink() is deprecated. It was called from tpl_action() in /var/www/html/inc/template.php:712 see devel:menus should be used instead!
2026-06-06 09:15:16		tpl_get_action() is deprecated. It was called from tpl_actionlink() in /var/www/html/inc/template.php:592 see devel:menus should be used instead!
2026-06-06 09:15:16		tpl_toolsevent() is deprecated. It was called from include() in /var/www/html/lib/tpl/arcadebasic/main.php:187 see devel:menus should be used instead!
2026-06-06 09:15:16		tpl_action() is deprecated. It was called from include() in /var/www/html/lib/tpl/arcadebasic/main.php:203 see devel:menus should be used instead!
2026-06-06 09:15:16		tpl_actionlink() is deprecated. It was called from tpl_action() in /var/www/html/inc/template.php:712 see devel:menus should be used instead!
2026-06-06 09:15:16		tpl_get_action() is deprecated. It was called from tpl_actionlink() in /var/www/html/inc/template.php:592 see devel:menus should be used instead!
2026-06-06 09:15:16		tpl_action() is deprecated. It was called from include() in /var/www/html/lib/tpl/arcadebasic/main.php:204 see devel:menus should be used instead!
2026-06-06 09:15:16		tpl_actionlink() is deprecated. It was called from tpl_action() in /var/www/html/inc/template.php:712 see devel:menus should be used instead!
2026-06-06 09:15:16		tpl_get_action() is deprecated. It was called from tpl_actionlink() in /var/www/html/inc/template.php:592 see devel:menus should be used instead!
2026-06-06 09:15:16		tpl_action() is deprecated. It was called from include() in /var/www/html/lib/tpl/arcadebasic/main.php:205 see devel:menus should be used instead!
2026-06-06 09:15:16		tpl_actionlink() is deprecated. It was called from tpl_action() in /var/www/html/inc/template.php:712 see devel:menus should be used instead!
2026-06-06 09:15:16		tpl_get_action() is deprecated. It was called from tpl_actionlink() in /var/www/html/inc/template.php:592 see devel:menus should be used instead!
2026-06-06 09:15:16		tpl_toolsevent() is deprecated. It was called from include() in /var/www/html/lib/tpl/arcadebasic/main.php:202 see devel:menus should be used instead!
2026-06-06 09:26:43		tpl_action() is deprecated. It was called from include() in /var/www/html/lib/tpl/arcadebasic/main.php:159 see devel:menus should be used instead!
2026-06-06 09:26:43		tpl_actionlink() is deprecated. It was called from tpl_action() in /var/www/html/inc/template.php:712 see devel:menus should be used instead!
2026-06-06 09:26:43		tpl_get_action() is deprecated. It was called from tpl_actionlink() in /var/www/html/inc/template.php:592 see devel:menus should be used instead!
2026-06-06 09:26:43		tpl_toolsevent() is deprecated. It was called from include() in /var/www/html/lib/tpl/arcadebasic/main.php:158 see devel:menus should be used instead!
2026-06-06 09:26:43		tpl_action() is deprecated. It was called from include() in /var/www/html/lib/tpl/arcadebasic/main.php:190 see devel:menus should be used instead!
2026-06-06 09:26:43		tpl_actionlink() is deprecated. It was called from tpl_action() in /var/www/html/inc/template.php:712 see devel:menus should be used instead!
2026-06-06 09:26:43		tpl_get_action() is deprecated. It was called from tpl_actionlink() in /var/www/html/inc/template.php:592 see devel:menus should be used instead!
2026-06-06 09:26:43		tpl_action() is deprecated. It was called from include() in /var/www/html/lib/tpl/arcadebasic/main.php:191 see devel:menus should be used instead!
2026-06-06 09:26:43		tpl_actionlink() is deprecated. It was called from tpl_action() in /var/www/html/inc/template.php:712 see devel:menus should be used instead!
2026-06-06 09:26:43		tpl_get_action() is deprecated. It was called from tpl_actionlink() in /var/www/html/inc/template.php:592 see devel:menus should be used instead!
2026-06-06 09:26:43		tpl_action() is deprecated. It was called from include() in /var/www/html/lib/tpl/arcadebasic/main.php:192 see devel:menus should be used instead!
2026-06-06 09:26:43		tpl_actionlink() is deprecated. It was called from tpl_action() in /var/www/html/inc/template.php:712 see devel:menus should be used instead!
2026-06-06 09:26:43		tpl_get_action() is deprecated. It was called from tpl_actionlink() in /var/www/html/inc/template.php:592 see devel:menus should be used instead!
2026-06-06 09:26:43		tpl_toolsevent() is deprecated. It was called from include() in /var/www/html/lib/tpl/arcadebasic/main.php:187 see devel:menus should be used instead!
2026-06-06 09:26:43		tpl_action() is deprecated. It was called from include() in /var/www/html/lib/tpl/arcadebasic/main.php:203 see devel:menus should be used instead!
2026-06-06 09:26:43		tpl_actionlink() is deprecated. It was called from tpl_action() in /var/www/html/inc/template.php:712 see devel:menus should be used instead!
2026-06-06 09:26:43		tpl_get_action() is deprecated. It was called from tpl_actionlink() in /var/www/html/inc/template.php:592 see devel:menus should be used instead!
2026-06-06 09:26:43		tpl_action() is deprecated. It was called from include() in /var/www/html/lib/tpl/arcadebasic/main.php:204 see devel:menus should be used instead!
2026-06-06 09:26:43		tpl_actionlink() is deprecated. It was called from tpl_action() in /var/www/html/inc/template.php:712 see devel:menus should be used instead!
2026-06-06 09:26:43		tpl_get_action() is deprecated. It was called from tpl_actionlink() in /var/www/html/inc/template.php:592 see devel:menus should be used instead!
2026-06-06 09:26:43		tpl_action() is deprecated. It was called from include() in /var/www/html/lib/tpl/arcadebasic/main.php:205 see devel:menus should be used instead!
2026-06-06 09:26:43		tpl_actionlink() is deprecated. It was called from tpl_action() in /var/www/html/inc/template.php:712 see devel:menus should be used instead!
2026-06-06 09:26:43		tpl_get_action() is deprecated. It was called from tpl_actionlink() in /var/www/html/inc/template.php:592 see devel:menus should be used instead!
2026-06-06 09:26:43		tpl_toolsevent() is deprecated. It was called from include() in /var/www/html/lib/tpl/arcadebasic/main.php:202 see devel:menus should be used instead!
2026-06-06 09:37:27		tpl_action() is deprecated. It was called from include() in /var/www/html/lib/tpl/arcadebasic/detail.php:87 see devel:menus should be used instead!
2026-06-06 09:37:27		tpl_actionlink() is deprecated. It was called from tpl_action() in /var/www/html/inc/template.php:712 see devel:menus should be used instead!
2026-06-06 09:37:27		tpl_get_action() is deprecated. It was called from tpl_actionlink() in /var/www/html/inc/template.php:592 see devel:menus should be used instead!
2026-06-06 09:37:27		tpl_action() is deprecated. It was called from include() in /var/www/html/lib/tpl/arcadebasic/detail.php:88 see devel:menus should be used instead!
2026-06-06 09:37:27		tpl_actionlink() is deprecated. It was called from tpl_action() in /var/www/html/inc/template.php:712 see devel:menus should be used instead!
2026-06-06 09:37:27		tpl_get_action() is deprecated. It was called from tpl_actionlink() in /var/www/html/inc/template.php:592 see devel:menus should be used instead!
2026-06-06 09:45:24		tpl_action() is deprecated. It was called from include() in /var/www/html/lib/tpl/arcadebasic/main.php:159 see devel:menus should be used instead!
2026-06-06 09:45:24		tpl_actionlink() is deprecated. It was called from tpl_action() in /var/www/html/inc/template.php:712 see devel:menus should be used instead!
2026-06-06 09:45:24		tpl_get_action() is deprecated. It was called from tpl_actionlink() in /var/www/html/inc/template.php:592 see devel:menus should be used instead!
2026-06-06 09:45:24		tpl_toolsevent() is deprecated. It was called from include() in /var/www/html/lib/tpl/arcadebasic/main.php:158 see devel:menus should be used instead!
2026-06-06 09:45:24		tpl_action() is deprecated. It was called from include() in /var/www/html/lib/tpl/arcadebasic/main.php:190 see devel:menus should be used instead!
2026-06-06 09:45:24		tpl_actionlink() is deprecated. It was called from tpl_action() in /var/www/html/inc/template.php:712 see devel:menus should be used instead!
2026-06-06 09:45:24		tpl_get_action() is deprecated. It was called from tpl_actionlink() in /var/www/html/inc/template.php:592 see devel:menus should be used instead!
2026-06-06 09:45:24		tpl_action() is deprecated. It was called from include() in /var/www/html/lib/tpl/arcadebasic/main.php:191 see devel:menus should be used instead!
2026-06-06 09:45:24		tpl_actionlink() is deprecated. It was called from tpl_action() in /var/www/html/inc/template.php:712 see devel:menus should be used instead!
2026-06-06 09:45:24		tpl_get_action() is deprecated. It was called from tpl_actionlink() in /var/www/html/inc/template.php:592 see devel:menus should be used instead!
2026-06-06 09:45:24		tpl_action() is deprecated. It was called from include() in /var/www/html/lib/tpl/arcadebasic/main.php:192 see devel:menus should be used instead!
2026-06-06 09:45:24		tpl_actionlink() is deprecated. It was called from tpl_action() in /var/www/html/inc/template.php:712 see devel:menus should be used instead!
2026-06-06 09:45:24		tpl_get_action() is deprecated. It was called from tpl_actionlink() in /var/www/html/inc/template.php:592 see devel:menus should be used instead!
2026-06-06 09:45:24		tpl_toolsevent() is deprecated. It was called from include() in /var/www/html/lib/tpl/arcadebasic/main.php:187 see devel:menus should be used instead!
2026-06-06 09:45:24		tpl_action() is deprecated. It was called from include() in /var/www/html/lib/tpl/arcadebasic/main.php:203 see devel:menus should be used instead!
2026-06-06 09:45:24		tpl_actionlink() is deprecated. It was called from tpl_action() in /var/www/html/inc/template.php:712 see devel:menus should be used instead!
2026-06-06 09:45:24		tpl_get_action() is deprecated. It was called from tpl_actionlink() in /var/www/html/inc/template.php:592 see devel:menus should be used instead!
2026-06-06 09:45:24		tpl_action() is deprecated. It was called from include() in /var/www/html/lib/tpl/arcadebasic/main.php:204 see devel:menus should be used instead!
2026-06-06 09:45:24		tpl_actionlink() is deprecated. It was called from tpl_action() in /var/www/html/inc/template.php:712 see devel:menus should be used instead!
2026-06-06 09:45:24		tpl_get_action() is deprecated. It was called from tpl_actionlink() in /var/www/html/inc/template.php:592 see devel:menus should be used instead!
2026-06-06 09:45:24		tpl_action() is deprecated. It was called from include() in /var/www/html/lib/tpl/arcadebasic/main.php:205 see devel:menus should be used instead!
2026-06-06 09:45:24		tpl_actionlink() is deprecated. It was called from tpl_action() in /var/www/html/inc/template.php:712 see devel:menus should be used instead!
2026-06-06 09:45:24		tpl_get_action() is deprecated. It was called from tpl_actionlink() in /var/www/html/inc/template.php:592 see devel:menus should be used instead!
2026-06-06 09:45:24		tpl_toolsevent() is deprecated. It was called from include() in /var/www/html/lib/tpl/arcadebasic/main.php:202 see devel:menus should be used instead!
2026-06-06 09:48:34		tpl_action() is deprecated. It was called from include() in /var/www/html/lib/tpl/arcadebasic/main.php:159 see devel:menus should be used instead!
2026-06-06 09:48:34		tpl_actionlink() is deprecated. It was called from tpl_action() in /var/www/html/inc/template.php:712 see devel:menus should be used instead!
2026-06-06 09:48:34		tpl_get_action() is deprecated. It was called from tpl_actionlink() in /var/www/html/inc/template.php:592 see devel:menus should be used instead!
2026-06-06 09:48:34		tpl_toolsevent() is deprecated. It was called from include() in /var/www/html/lib/tpl/arcadebasic/main.php:158 see devel:menus should be used instead!
2026-06-06 09:48:34		tpl_action() is deprecated. It was called from include() in /var/www/html/lib/tpl/arcadebasic/main.php:190 see devel:menus should be used instead!
2026-06-06 09:48:34		tpl_actionlink() is deprecated. It was called from tpl_action() in /var/www/html/inc/template.php:712 see devel:menus should be used instead!
2026-06-06 09:48:34		tpl_get_action() is deprecated. It was called from tpl_actionlink() in /var/www/html/inc/template.php:592 see devel:menus should be used instead!
2026-06-06 09:48:34		tpl_action() is deprecated. It was called from include() in /var/www/html/lib/tpl/arcadebasic/main.php:191 see devel:menus should be used instead!
2026-06-06 09:48:34		tpl_actionlink() is deprecated. It was called from tpl_action() in /var/www/html/inc/template.php:712 see devel:menus should be used instead!
2026-06-06 09:48:34		tpl_get_action() is deprecated. It was called from tpl_actionlink() in /var/www/html/inc/template.php:592 see devel:menus should be used instead!
2026-06-06 09:48:34		tpl_action() is deprecated. It was called from include() in /var/www/html/lib/tpl/arcadebasic/main.php:192 see devel:menus should be used instead!
2026-06-06 09:48:34		tpl_actionlink() is deprecated. It was called from tpl_action() in /var/www/html/inc/template.php:712 see devel:menus should be used instead!
2026-06-06 09:48:34		tpl_get_action() is deprecated. It was called from tpl_actionlink() in /var/www/html/inc/template.php:592 see devel:menus should be used instead!
2026-06-06 09:48:34		tpl_toolsevent() is deprecated. It was called from include() in /var/www/html/lib/tpl/arcadebasic/main.php:187 see devel:menus should be used instead!
2026-06-06 09:48:34		tpl_action() is deprecated. It was called from include() in /var/www/html/lib/tpl/arcadebasic/main.php:203 see devel:menus should be used instead!
2026-06-06 09:48:34		tpl_actionlink() is deprecated. It was called from tpl_action() in /var/www/html/inc/template.php:712 see devel:menus should be used instead!
2026-06-06 09:48:34		tpl_get_action() is deprecated. It was called from tpl_actionlink() in /var/www/html/inc/template.php:592 see devel:menus should be used instead!
2026-06-06 09:48:34		tpl_action() is deprecated. It was called from include() in /var/www/html/lib/tpl/arcadebasic/main.php:204 see devel:menus should be used instead!
2026-06-06 09:48:34		tpl_actionlink() is deprecated. It was called from tpl_action() in /var/www/html/inc/template.php:712 see devel:menus should be used instead!
2026-06-06 09:48:34		tpl_get_action() is deprecated. It was called from tpl_actionlink() in /var/www/html/inc/template.php:592 see devel:menus should be used instead!
2026-06-06 09:48:34		tpl_action() is deprecated. It was called from include() in /var/www/html/lib/tpl/arcadebasic/main.php:205 see devel:menus should be used instead!
2026-06-06 09:48:34		tpl_actionlink() is deprecated. It was called from tpl_action() in /var/www/html/inc/template.php:712 see devel:menus should be used instead!
2026-06-06 09:48:34		tpl_get_action() is deprecated. It was called from tpl_actionlink() in /var/www/html/inc/template.php:592 see devel:menus should be used instead!
2026-06-06 09:48:34		tpl_toolsevent() is deprecated. It was called from include() in /var/www/html/lib/tpl/arcadebasic/main.php:202 see devel:menus should be used instead!
2026-06-06 09:53:56		tpl_action() is deprecated. It was called from include() in /var/www/html/lib/tpl/arcadebasic/main.php:159 see devel:menus should be used instead!
2026-06-06 09:53:56		tpl_actionlink() is deprecated. It was called from tpl_action() in /var/www/html/inc/template.php:712 see devel:menus should be used instead!
2026-06-06 09:53:56		tpl_get_action() is deprecated. It was called from tpl_actionlink() in /var/www/html/inc/template.php:592 see devel:menus should be used instead!
2026-06-06 09:53:56		tpl_toolsevent() is deprecated. It was called from include() in /var/www/html/lib/tpl/arcadebasic/main.php:158 see devel:menus should be used instead!
2026-06-06 09:53:56		tpl_action() is deprecated. It was called from include() in /var/www/html/lib/tpl/arcadebasic/main.php:190 see devel:menus should be used instead!
2026-06-06 09:53:56		tpl_actionlink() is deprecated. It was called from tpl_action() in /var/www/html/inc/template.php:712 see devel:menus should be used instead!
2026-06-06 09:53:56		tpl_get_action() is deprecated. It was called from tpl_actionlink() in /var/www/html/inc/template.php:592 see devel:menus should be used instead!
2026-06-06 09:53:56		tpl_action() is deprecated. It was called from include() in /var/www/html/lib/tpl/arcadebasic/main.php:191 see devel:menus should be used instead!
2026-06-06 09:53:56		tpl_actionlink() is deprecated. It was called from tpl_action() in /var/www/html/inc/template.php:712 see devel:menus should be used instead!
2026-06-06 09:53:56		tpl_get_action() is deprecated. It was called from tpl_actionlink() in /var/www/html/inc/template.php:592 see devel:menus should be used instead!
2026-06-06 09:53:56		tpl_action() is deprecated. It was called from include() in /var/www/html/lib/tpl/arcadebasic/main.php:192 see devel:menus should be used instead!
2026-06-06 09:53:56		tpl_actionlink() is deprecated. It was called from tpl_action() in /var/www/html/inc/template.php:712 see devel:menus should be used instead!
2026-06-06 09:53:56		tpl_get_action() is deprecated. It was called from tpl_actionlink() in /var/www/html/inc/template.php:592 see devel:menus should be used instead!
2026-06-06 09:53:56		tpl_toolsevent() is deprecated. It was called from include() in /var/www/html/lib/tpl/arcadebasic/main.php:187 see devel:menus should be used instead!
2026-06-06 09:53:56		tpl_action() is deprecated. It was called from include() in /var/www/html/lib/tpl/arcadebasic/main.php:203 see devel:menus should be used instead!
2026-06-06 09:53:56		tpl_actionlink() is deprecated. It was called from tpl_action() in /var/www/html/inc/template.php:712 see devel:menus should be used instead!
2026-06-06 09:53:56		tpl_get_action() is deprecated. It was called from tpl_actionlink() in /var/www/html/inc/template.php:592 see devel:menus should be used instead!
2026-06-06 09:53:56		tpl_action() is deprecated. It was called from include() in /var/www/html/lib/tpl/arcadebasic/main.php:204 see devel:menus should be used instead!
2026-06-06 09:53:56		tpl_actionlink() is deprecated. It was called from tpl_action() in /var/www/html/inc/template.php:712 see devel:menus should be used instead!
2026-06-06 09:53:56		tpl_get_action() is deprecated. It was called from tpl_actionlink() in /var/www/html/inc/template.php:592 see devel:menus should be used instead!
2026-06-06 09:53:56		tpl_action() is deprecated. It was called from include() in /var/www/html/lib/tpl/arcadebasic/main.php:205 see devel:menus should be used instead!
2026-06-06 09:53:56		tpl_actionlink() is deprecated. It was called from tpl_action() in /var/www/html/inc/template.php:712 see devel:menus should be used instead!
2026-06-06 09:53:56		tpl_get_action() is deprecated. It was called from tpl_actionlink() in /var/www/html/inc/template.php:592 see devel:menus should be used instead!
2026-06-06 09:53:56		tpl_toolsevent() is deprecated. It was called from include() in /var/www/html/lib/tpl/arcadebasic/main.php:202 see devel:menus should be used instead!
2026-06-06 09:58:28		require_once() is deprecated. It was called from require() in /var/www/html/lib/plugins/imagebox/syntax.php:9 Autoloading should be used instead!
2026-06-06 09:58:28		tpl_action() is deprecated. It was called from include() in /var/www/html/lib/tpl/arcadebasic/main.php:159 see devel:menus should be used instead!
2026-06-06 09:58:28		tpl_actionlink() is deprecated. It was called from tpl_action() in /var/www/html/inc/template.php:712 see devel:menus should be used instead!
2026-06-06 09:58:28		tpl_get_action() is deprecated. It was called from tpl_actionlink() in /var/www/html/inc/template.php:592 see devel:menus should be used instead!
2026-06-06 09:58:28		tpl_toolsevent() is deprecated. It was called from include() in /var/www/html/lib/tpl/arcadebasic/main.php:158 see devel:menus should be used instead!
2026-06-06 09:58:28		tpl_action() is deprecated. It was called from include() in /var/www/html/lib/tpl/arcadebasic/main.php:190 see devel:menus should be used instead!
2026-06-06 09:58:28		tpl_actionlink() is deprecated. It was called from tpl_action() in /var/www/html/inc/template.php:712 see devel:menus should be used instead!
2026-06-06 09:58:28		tpl_get_action() is deprecated. It was called from tpl_actionlink() in /var/www/html/inc/template.php:592 see devel:menus should be used instead!
2026-06-06 09:58:28		tpl_action() is deprecated. It was called from include() in /var/www/html/lib/tpl/arcadebasic/main.php:191 see devel:menus should be used instead!
2026-06-06 09:58:28		tpl_actionlink() is deprecated. It was called from tpl_action() in /var/www/html/inc/template.php:712 see devel:menus should be used instead!
2026-06-06 09:58:28		tpl_get_action() is deprecated. It was called from tpl_actionlink() in /var/www/html/inc/template.php:592 see devel:menus should be used instead!
2026-06-06 09:58:28		tpl_action() is deprecated. It was called from include() in /var/www/html/lib/tpl/arcadebasic/main.php:192 see devel:menus should be used instead!
2026-06-06 09:58:28		tpl_actionlink() is deprecated. It was called from tpl_action() in /var/www/html/inc/template.php:712 see devel:menus should be used instead!
2026-06-06 09:58:28		tpl_get_action() is deprecated. It was called from tpl_actionlink() in /var/www/html/inc/template.php:592 see devel:menus should be used instead!
2026-06-06 09:58:28		tpl_toolsevent() is deprecated. It was called from include() in /var/www/html/lib/tpl/arcadebasic/main.php:187 see devel:menus should be used instead!
2026-06-06 09:58:28		tpl_action() is deprecated. It was called from include() in /var/www/html/lib/tpl/arcadebasic/main.php:203 see devel:menus should be used instead!
2026-06-06 09:58:28		tpl_actionlink() is deprecated. It was called from tpl_action() in /var/www/html/inc/template.php:712 see devel:menus should be used instead!
2026-06-06 09:58:28		tpl_get_action() is deprecated. It was called from tpl_actionlink() in /var/www/html/inc/template.php:592 see devel:menus should be used instead!
2026-06-06 09:58:28		tpl_action() is deprecated. It was called from include() in /var/www/html/lib/tpl/arcadebasic/main.php:204 see devel:menus should be used instead!
2026-06-06 09:58:28		tpl_actionlink() is deprecated. It was called from tpl_action() in /var/www/html/inc/template.php:712 see devel:menus should be used instead!
2026-06-06 09:58:28		tpl_get_action() is deprecated. It was called from tpl_actionlink() in /var/www/html/inc/template.php:592 see devel:menus should be used instead!
2026-06-06 09:58:28		tpl_action() is deprecated. It was called from include() in /var/www/html/lib/tpl/arcadebasic/main.php:205 see devel:menus should be used instead!
2026-06-06 09:58:28		tpl_actionlink() is deprecated. It was called from tpl_action() in /var/www/html/inc/template.php:712 see devel:menus should be used instead!
2026-06-06 09:58:28		tpl_get_action() is deprecated. It was called from tpl_actionlink() in /var/www/html/inc/template.php:592 see devel:menus should be used instead!
2026-06-06 09:58:28		tpl_toolsevent() is deprecated. It was called from include() in /var/www/html/lib/tpl/arcadebasic/main.php:202 see devel:menus should be used instead!
2026-06-06 10:17:04		tpl_action() is deprecated. It was called from include() in /var/www/html/lib/tpl/arcadebasic/main.php:159 see devel:menus should be used instead!
2026-06-06 10:17:04		tpl_actionlink() is deprecated. It was called from tpl_action() in /var/www/html/inc/template.php:712 see devel:menus should be used instead!
2026-06-06 10:17:04		tpl_get_action() is deprecated. It was called from tpl_actionlink() in /var/www/html/inc/template.php:592 see devel:menus should be used instead!
2026-06-06 10:17:04		tpl_toolsevent() is deprecated. It was called from include() in /var/www/html/lib/tpl/arcadebasic/main.php:158 see devel:menus should be used instead!
2026-06-06 10:17:04		tpl_action() is deprecated. It was called from include() in /var/www/html/lib/tpl/arcadebasic/main.php:190 see devel:menus should be used instead!
2026-06-06 10:17:04		tpl_actionlink() is deprecated. It was called from tpl_action() in /var/www/html/inc/template.php:712 see devel:menus should be used instead!
2026-06-06 10:17:04		tpl_get_action() is deprecated. It was called from tpl_actionlink() in /var/www/html/inc/template.php:592 see devel:menus should be used instead!
2026-06-06 10:17:04		tpl_action() is deprecated. It was called from include() in /var/www/html/lib/tpl/arcadebasic/main.php:191 see devel:menus should be used instead!
2026-06-06 10:17:04		tpl_actionlink() is deprecated. It was called from tpl_action() in /var/www/html/inc/template.php:712 see devel:menus should be used instead!
2026-06-06 10:17:04		tpl_get_action() is deprecated. It was called from tpl_actionlink() in /var/www/html/inc/template.php:592 see devel:menus should be used instead!
2026-06-06 10:17:04		tpl_action() is deprecated. It was called from include() in /var/www/html/lib/tpl/arcadebasic/main.php:192 see devel:menus should be used instead!
2026-06-06 10:17:04		tpl_actionlink() is deprecated. It was called from tpl_action() in /var/www/html/inc/template.php:712 see devel:menus should be used instead!
2026-06-06 10:17:04		tpl_get_action() is deprecated. It was called from tpl_actionlink() in /var/www/html/inc/template.php:592 see devel:menus should be used instead!
2026-06-06 10:17:04		tpl_toolsevent() is deprecated. It was called from include() in /var/www/html/lib/tpl/arcadebasic/main.php:187 see devel:menus should be used instead!
2026-06-06 10:17:04		tpl_action() is deprecated. It was called from include() in /var/www/html/lib/tpl/arcadebasic/main.php:203 see devel:menus should be used instead!
2026-06-06 10:17:04		tpl_actionlink() is deprecated. It was called from tpl_action() in /var/www/html/inc/template.php:712 see devel:menus should be used instead!
2026-06-06 10:17:04		tpl_get_action() is deprecated. It was called from tpl_actionlink() in /var/www/html/inc/template.php:592 see devel:menus should be used instead!
2026-06-06 10:17:04		tpl_action() is deprecated. It was called from include() in /var/www/html/lib/tpl/arcadebasic/main.php:204 see devel:menus should be used instead!
2026-06-06 10:17:04		tpl_actionlink() is deprecated. It was called from tpl_action() in /var/www/html/inc/template.php:712 see devel:menus should be used instead!
2026-06-06 10:17:04		tpl_get_action() is deprecated. It was called from tpl_actionlink() in /var/www/html/inc/template.php:592 see devel:menus should be used instead!
2026-06-06 10:17:04		tpl_action() is deprecated. It was called from include() in /var/www/html/lib/tpl/arcadebasic/main.php:205 see devel:menus should be used instead!
2026-06-06 10:17:04		tpl_actionlink() is deprecated. It was called from tpl_action() in /var/www/html/inc/template.php:712 see devel:menus should be used instead!
2026-06-06 10:17:04		tpl_get_action() is deprecated. It was called from tpl_actionlink() in /var/www/html/inc/template.php:592 see devel:menus should be used instead!
2026-06-06 10:17:04		tpl_toolsevent() is deprecated. It was called from include() in /var/www/html/lib/tpl/arcadebasic/main.php:202 see devel:menus should be used instead!
2026-06-06 10:25:29		tpl_action() is deprecated. It was called from include() in /var/www/html/lib/tpl/arcadebasic/main.php:159 see devel:menus should be used instead!
2026-06-06 10:25:29		tpl_actionlink() is deprecated. It was called from tpl_action() in /var/www/html/inc/template.php:712 see devel:menus should be used instead!
2026-06-06 10:25:29		tpl_get_action() is deprecated. It was called from tpl_actionlink() in /var/www/html/inc/template.php:592 see devel:menus should be used instead!
2026-06-06 10:25:29		tpl_toolsevent() is deprecated. It was called from include() in /var/www/html/lib/tpl/arcadebasic/main.php:158 see devel:menus should be used instead!
2026-06-06 10:25:29		tpl_action() is deprecated. It was called from include() in /var/www/html/lib/tpl/arcadebasic/main.php:190 see devel:menus should be used instead!
2026-06-06 10:25:29		tpl_actionlink() is deprecated. It was called from tpl_action() in /var/www/html/inc/template.php:712 see devel:menus should be used instead!
2026-06-06 10:25:29		tpl_get_action() is deprecated. It was called from tpl_actionlink() in /var/www/html/inc/template.php:592 see devel:menus should be used instead!
2026-06-06 10:25:29		tpl_action() is deprecated. It was called from include() in /var/www/html/lib/tpl/arcadebasic/main.php:191 see devel:menus should be used instead!
2026-06-06 10:25:29		tpl_actionlink() is deprecated. It was called from tpl_action() in /var/www/html/inc/template.php:712 see devel:menus should be used instead!
2026-06-06 10:25:29		tpl_get_action() is deprecated. It was called from tpl_actionlink() in /var/www/html/inc/template.php:592 see devel:menus should be used instead!
2026-06-06 10:25:29		tpl_action() is deprecated. It was called from include() in /var/www/html/lib/tpl/arcadebasic/main.php:192 see devel:menus should be used instead!
2026-06-06 10:25:29		tpl_actionlink() is deprecated. It was called from tpl_action() in /var/www/html/inc/template.php:712 see devel:menus should be used instead!
2026-06-06 10:25:29		tpl_get_action() is deprecated. It was called from tpl_actionlink() in /var/www/html/inc/template.php:592 see devel:menus should be used instead!
2026-06-06 10:25:29		tpl_toolsevent() is deprecated. It was called from include() in /var/www/html/lib/tpl/arcadebasic/main.php:187 see devel:menus should be used instead!
2026-06-06 10:25:29		tpl_action() is deprecated. It was called from include() in /var/www/html/lib/tpl/arcadebasic/main.php:203 see devel:menus should be used instead!
2026-06-06 10:25:29		tpl_actionlink() is deprecated. It was called from tpl_action() in /var/www/html/inc/template.php:712 see devel:menus should be used instead!
2026-06-06 10:25:29		tpl_get_action() is deprecated. It was called from tpl_actionlink() in /var/www/html/inc/template.php:592 see devel:menus should be used instead!
2026-06-06 10:25:29		tpl_action() is deprecated. It was called from include() in /var/www/html/lib/tpl/arcadebasic/main.php:204 see devel:menus should be used instead!
2026-06-06 10:25:29		tpl_actionlink() is deprecated. It was called from tpl_action() in /var/www/html/inc/template.php:712 see devel:menus should be used instead!
2026-06-06 10:25:29		tpl_get_action() is deprecated. It was called from tpl_actionlink() in /var/www/html/inc/template.php:592 see devel:menus should be used instead!
2026-06-06 10:25:29		tpl_action() is deprecated. It was called from include() in /var/www/html/lib/tpl/arcadebasic/main.php:205 see devel:menus should be used instead!
2026-06-06 10:25:29		tpl_actionlink() is deprecated. It was called from tpl_action() in /var/www/html/inc/template.php:712 see devel:menus should be used instead!
2026-06-06 10:25:29		tpl_get_action() is deprecated. It was called from tpl_actionlink() in /var/www/html/inc/template.php:592 see devel:menus should be used instead!
2026-06-06 10:25:29		tpl_toolsevent() is deprecated. It was called from include() in /var/www/html/lib/tpl/arcadebasic/main.php:202 see devel:menus should be used instead!
2026-06-06 10:26:37		tpl_action() is deprecated. It was called from include() in /var/www/html/lib/tpl/arcadebasic/main.php:159 see devel:menus should be used instead!
2026-06-06 10:26:37		tpl_actionlink() is deprecated. It was called from tpl_action() in /var/www/html/inc/template.php:712 see devel:menus should be used instead!
2026-06-06 10:26:37		tpl_get_action() is deprecated. It was called from tpl_actionlink() in /var/www/html/inc/template.php:592 see devel:menus should be used instead!
2026-06-06 10:26:37		tpl_toolsevent() is deprecated. It was called from include() in /var/www/html/lib/tpl/arcadebasic/main.php:158 see devel:menus should be used instead!
2026-06-06 10:26:37		tpl_action() is deprecated. It was called from include() in /var/www/html/lib/tpl/arcadebasic/main.php:190 see devel:menus should be used instead!
2026-06-06 10:26:37		tpl_actionlink() is deprecated. It was called from tpl_action() in /var/www/html/inc/template.php:712 see devel:menus should be used instead!
2026-06-06 10:26:37		tpl_get_action() is deprecated. It was called from tpl_actionlink() in /var/www/html/inc/template.php:592 see devel:menus should be used instead!
2026-06-06 10:26:37		tpl_action() is deprecated. It was called from include() in /var/www/html/lib/tpl/arcadebasic/main.php:191 see devel:menus should be used instead!
2026-06-06 10:26:37		tpl_actionlink() is deprecated. It was called from tpl_action() in /var/www/html/inc/template.php:712 see devel:menus should be used instead!
2026-06-06 10:26:37		tpl_get_action() is deprecated. It was called from tpl_actionlink() in /var/www/html/inc/template.php:592 see devel:menus should be used instead!
2026-06-06 10:26:37		tpl_action() is deprecated. It was called from include() in /var/www/html/lib/tpl/arcadebasic/main.php:192 see devel:menus should be used instead!
2026-06-06 10:26:37		tpl_actionlink() is deprecated. It was called from tpl_action() in /var/www/html/inc/template.php:712 see devel:menus should be used instead!
2026-06-06 10:26:37		tpl_get_action() is deprecated. It was called from tpl_actionlink() in /var/www/html/inc/template.php:592 see devel:menus should be used instead!
2026-06-06 10:26:37		tpl_toolsevent() is deprecated. It was called from include() in /var/www/html/lib/tpl/arcadebasic/main.php:187 see devel:menus should be used instead!
2026-06-06 10:26:37		tpl_action() is deprecated. It was called from include() in /var/www/html/lib/tpl/arcadebasic/main.php:203 see devel:menus should be used instead!
2026-06-06 10:26:37		tpl_actionlink() is deprecated. It was called from tpl_action() in /var/www/html/inc/template.php:712 see devel:menus should be used instead!
2026-06-06 10:26:37		tpl_get_action() is deprecated. It was called from tpl_actionlink() in /var/www/html/inc/template.php:592 see devel:menus should be used instead!
2026-06-06 10:26:37		tpl_action() is deprecated. It was called from include() in /var/www/html/lib/tpl/arcadebasic/main.php:204 see devel:menus should be used instead!
2026-06-06 10:26:37		tpl_actionlink() is deprecated. It was called from tpl_action() in /var/www/html/inc/template.php:712 see devel:menus should be used instead!
2026-06-06 10:26:37		tpl_get_action() is deprecated. It was called from tpl_actionlink() in /var/www/html/inc/template.php:592 see devel:menus should be used instead!
2026-06-06 10:26:37		tpl_action() is deprecated. It was called from include() in /var/www/html/lib/tpl/arcadebasic/main.php:205 see devel:menus should be used instead!
2026-06-06 10:26:37		tpl_actionlink() is deprecated. It was called from tpl_action() in /var/www/html/inc/template.php:712 see devel:menus should be used instead!
2026-06-06 10:26:37		tpl_get_action() is deprecated. It was called from tpl_actionlink() in /var/www/html/inc/template.php:592 see devel:menus should be used instead!
2026-06-06 10:26:37		tpl_toolsevent() is deprecated. It was called from include() in /var/www/html/lib/tpl/arcadebasic/main.php:202 see devel:menus should be used instead!
2026-06-06 10:45:39		tpl_action() is deprecated. It was called from include() in /var/www/html/lib/tpl/arcadebasic/main.php:159 see devel:menus should be used instead!
2026-06-06 10:45:39		tpl_actionlink() is deprecated. It was called from tpl_action() in /var/www/html/inc/template.php:712 see devel:menus should be used instead!
2026-06-06 10:45:39		tpl_get_action() is deprecated. It was called from tpl_actionlink() in /var/www/html/inc/template.php:592 see devel:menus should be used instead!
2026-06-06 10:45:39		tpl_toolsevent() is deprecated. It was called from include() in /var/www/html/lib/tpl/arcadebasic/main.php:158 see devel:menus should be used instead!
2026-06-06 10:45:39		tpl_action() is deprecated. It was called from include() in /var/www/html/lib/tpl/arcadebasic/main.php:190 see devel:menus should be used instead!
2026-06-06 10:45:39		tpl_actionlink() is deprecated. It was called from tpl_action() in /var/www/html/inc/template.php:712 see devel:menus should be used instead!
2026-06-06 10:45:39		tpl_get_action() is deprecated. It was called from tpl_actionlink() in /var/www/html/inc/template.php:592 see devel:menus should be used instead!
2026-06-06 10:45:39		tpl_action() is deprecated. It was called from include() in /var/www/html/lib/tpl/arcadebasic/main.php:191 see devel:menus should be used instead!
2026-06-06 10:45:39		tpl_actionlink() is deprecated. It was called from tpl_action() in /var/www/html/inc/template.php:712 see devel:menus should be used instead!
2026-06-06 10:45:39		tpl_get_action() is deprecated. It was called from tpl_actionlink() in /var/www/html/inc/template.php:592 see devel:menus should be used instead!
2026-06-06 10:45:39		tpl_action() is deprecated. It was called from include() in /var/www/html/lib/tpl/arcadebasic/main.php:192 see devel:menus should be used instead!
2026-06-06 10:45:39		tpl_actionlink() is deprecated. It was called from tpl_action() in /var/www/html/inc/template.php:712 see devel:menus should be used instead!
2026-06-06 10:45:39		tpl_get_action() is deprecated. It was called from tpl_actionlink() in /var/www/html/inc/template.php:592 see devel:menus should be used instead!
2026-06-06 10:45:39		tpl_toolsevent() is deprecated. It was called from include() in /var/www/html/lib/tpl/arcadebasic/main.php:187 see devel:menus should be used instead!
2026-06-06 10:45:39		tpl_action() is deprecated. It was called from include() in /var/www/html/lib/tpl/arcadebasic/main.php:203 see devel:menus should be used instead!
2026-06-06 10:45:39		tpl_actionlink() is deprecated. It was called from tpl_action() in /var/www/html/inc/template.php:712 see devel:menus should be used instead!
2026-06-06 10:45:39		tpl_get_action() is deprecated. It was called from tpl_actionlink() in /var/www/html/inc/template.php:592 see devel:menus should be used instead!
2026-06-06 10:45:39		tpl_action() is deprecated. It was called from include() in /var/www/html/lib/tpl/arcadebasic/main.php:204 see devel:menus should be used instead!
2026-06-06 10:45:39		tpl_actionlink() is deprecated. It was called from tpl_action() in /var/www/html/inc/template.php:712 see devel:menus should be used instead!
2026-06-06 10:45:39		tpl_get_action() is deprecated. It was called from tpl_actionlink() in /var/www/html/inc/template.php:592 see devel:menus should be used instead!
2026-06-06 10:45:39		tpl_action() is deprecated. It was called from include() in /var/www/html/lib/tpl/arcadebasic/main.php:205 see devel:menus should be used instead!
2026-06-06 10:45:39		tpl_actionlink() is deprecated. It was called from tpl_action() in /var/www/html/inc/template.php:712 see devel:menus should be used instead!
2026-06-06 10:45:39		tpl_get_action() is deprecated. It was called from tpl_actionlink() in /var/www/html/inc/template.php:592 see devel:menus should be used instead!
2026-06-06 10:45:39		tpl_toolsevent() is deprecated. It was called from include() in /var/www/html/lib/tpl/arcadebasic/main.php:202 see devel:menus should be used instead!
2026-06-06 10:55:21		require_once() is deprecated. It was called from require() in /var/www/html/lib/plugins/imagebox/syntax.php:9 Autoloading should be used instead!
2026-06-06 10:55:21		tpl_action() is deprecated. It was called from include() in /var/www/html/lib/tpl/arcadebasic/main.php:159 see devel:menus should be used instead!
2026-06-06 10:55:21		tpl_actionlink() is deprecated. It was called from tpl_action() in /var/www/html/inc/template.php:712 see devel:menus should be used instead!
2026-06-06 10:55:21		tpl_get_action() is deprecated. It was called from tpl_actionlink() in /var/www/html/inc/template.php:592 see devel:menus should be used instead!
2026-06-06 10:55:21		tpl_toolsevent() is deprecated. It was called from include() in /var/www/html/lib/tpl/arcadebasic/main.php:158 see devel:menus should be used instead!
2026-06-06 10:55:21		tpl_action() is deprecated. It was called from include() in /var/www/html/lib/tpl/arcadebasic/main.php:190 see devel:menus should be used instead!
2026-06-06 10:55:21		tpl_actionlink() is deprecated. It was called from tpl_action() in /var/www/html/inc/template.php:712 see devel:menus should be used instead!
2026-06-06 10:55:21		tpl_get_action() is deprecated. It was called from tpl_actionlink() in /var/www/html/inc/template.php:592 see devel:menus should be used instead!
2026-06-06 10:55:21		tpl_action() is deprecated. It was called from include() in /var/www/html/lib/tpl/arcadebasic/main.php:191 see devel:menus should be used instead!
2026-06-06 10:55:21		tpl_actionlink() is deprecated. It was called from tpl_action() in /var/www/html/inc/template.php:712 see devel:menus should be used instead!
2026-06-06 10:55:21		tpl_get_action() is deprecated. It was called from tpl_actionlink() in /var/www/html/inc/template.php:592 see devel:menus should be used instead!
2026-06-06 10:55:21		tpl_action() is deprecated. It was called from include() in /var/www/html/lib/tpl/arcadebasic/main.php:192 see devel:menus should be used instead!
2026-06-06 10:55:21		tpl_actionlink() is deprecated. It was called from tpl_action() in /var/www/html/inc/template.php:712 see devel:menus should be used instead!
2026-06-06 10:55:21		tpl_get_action() is deprecated. It was called from tpl_actionlink() in /var/www/html/inc/template.php:592 see devel:menus should be used instead!
2026-06-06 10:55:21		tpl_toolsevent() is deprecated. It was called from include() in /var/www/html/lib/tpl/arcadebasic/main.php:187 see devel:menus should be used instead!
2026-06-06 10:55:21		tpl_action() is deprecated. It was called from include() in /var/www/html/lib/tpl/arcadebasic/main.php:203 see devel:menus should be used instead!
2026-06-06 10:55:21		tpl_actionlink() is deprecated. It was called from tpl_action() in /var/www/html/inc/template.php:712 see devel:menus should be used instead!
2026-06-06 10:55:21		tpl_get_action() is deprecated. It was called from tpl_actionlink() in /var/www/html/inc/template.php:592 see devel:menus should be used instead!
2026-06-06 10:55:21		tpl_action() is deprecated. It was called from include() in /var/www/html/lib/tpl/arcadebasic/main.php:204 see devel:menus should be used instead!
2026-06-06 10:55:21		tpl_actionlink() is deprecated. It was called from tpl_action() in /var/www/html/inc/template.php:712 see devel:menus should be used instead!
2026-06-06 10:55:21		tpl_get_action() is deprecated. It was called from tpl_actionlink() in /var/www/html/inc/template.php:592 see devel:menus should be used instead!
2026-06-06 10:55:21		tpl_action() is deprecated. It was called from include() in /var/www/html/lib/tpl/arcadebasic/main.php:205 see devel:menus should be used instead!
2026-06-06 10:55:21		tpl_actionlink() is deprecated. It was called from tpl_action() in /var/www/html/inc/template.php:712 see devel:menus should be used instead!
2026-06-06 10:55:21		tpl_get_action() is deprecated. It was called from tpl_actionlink() in /var/www/html/inc/template.php:592 see devel:menus should be used instead!
2026-06-06 10:55:21		tpl_toolsevent() is deprecated. It was called from include() in /var/www/html/lib/tpl/arcadebasic/main.php:202 see devel:menus should be used instead!
2026-06-06 11:05:56		tpl_action() is deprecated. It was called from include() in /var/www/html/lib/tpl/arcadebasic/main.php:159 see devel:menus should be used instead!
2026-06-06 11:05:56		tpl_actionlink() is deprecated. It was called from tpl_action() in /var/www/html/inc/template.php:712 see devel:menus should be used instead!
2026-06-06 11:05:56		tpl_get_action() is deprecated. It was called from tpl_actionlink() in /var/www/html/inc/template.php:592 see devel:menus should be used instead!
2026-06-06 11:05:56		tpl_toolsevent() is deprecated. It was called from include() in /var/www/html/lib/tpl/arcadebasic/main.php:158 see devel:menus should be used instead!
2026-06-06 11:05:56		tpl_action() is deprecated. It was called from include() in /var/www/html/lib/tpl/arcadebasic/main.php:190 see devel:menus should be used instead!
2026-06-06 11:05:56		tpl_actionlink() is deprecated. It was called from tpl_action() in /var/www/html/inc/template.php:712 see devel:menus should be used instead!
2026-06-06 11:05:56		tpl_get_action() is deprecated. It was called from tpl_actionlink() in /var/www/html/inc/template.php:592 see devel:menus should be used instead!
2026-06-06 11:05:56		tpl_action() is deprecated. It was called from include() in /var/www/html/lib/tpl/arcadebasic/main.php:191 see devel:menus should be used instead!
2026-06-06 11:05:56		tpl_actionlink() is deprecated. It was called from tpl_action() in /var/www/html/inc/template.php:712 see devel:menus should be used instead!
2026-06-06 11:05:56		tpl_get_action() is deprecated. It was called from tpl_actionlink() in /var/www/html/inc/template.php:592 see devel:menus should be used instead!
2026-06-06 11:05:56		tpl_action() is deprecated. It was called from include() in /var/www/html/lib/tpl/arcadebasic/main.php:192 see devel:menus should be used instead!
2026-06-06 11:05:56		tpl_actionlink() is deprecated. It was called from tpl_action() in /var/www/html/inc/template.php:712 see devel:menus should be used instead!
2026-06-06 11:05:56		tpl_get_action() is deprecated. It was called from tpl_actionlink() in /var/www/html/inc/template.php:592 see devel:menus should be used instead!
2026-06-06 11:05:56		tpl_toolsevent() is deprecated. It was called from include() in /var/www/html/lib/tpl/arcadebasic/main.php:187 see devel:menus should be used instead!
2026-06-06 11:05:56		tpl_action() is deprecated. It was called from include() in /var/www/html/lib/tpl/arcadebasic/main.php:203 see devel:menus should be used instead!
2026-06-06 11:05:56		tpl_actionlink() is deprecated. It was called from tpl_action() in /var/www/html/inc/template.php:712 see devel:menus should be used instead!
2026-06-06 11:05:56		tpl_get_action() is deprecated. It was called from tpl_actionlink() in /var/www/html/inc/template.php:592 see devel:menus should be used instead!
2026-06-06 11:05:56		tpl_action() is deprecated. It was called from include() in /var/www/html/lib/tpl/arcadebasic/main.php:204 see devel:menus should be used instead!
2026-06-06 11:05:56		tpl_actionlink() is deprecated. It was called from tpl_action() in /var/www/html/inc/template.php:712 see devel:menus should be used instead!
2026-06-06 11:05:56		tpl_get_action() is deprecated. It was called from tpl_actionlink() in /var/www/html/inc/template.php:592 see devel:menus should be used instead!
2026-06-06 11:05:56		tpl_action() is deprecated. It was called from include() in /var/www/html/lib/tpl/arcadebasic/main.php:205 see devel:menus should be used instead!
2026-06-06 11:05:56		tpl_actionlink() is deprecated. It was called from tpl_action() in /var/www/html/inc/template.php:712 see devel:menus should be used instead!
2026-06-06 11:05:56		tpl_get_action() is deprecated. It was called from tpl_actionlink() in /var/www/html/inc/template.php:592 see devel:menus should be used instead!
2026-06-06 11:05:56		tpl_toolsevent() is deprecated. It was called from include() in /var/www/html/lib/tpl/arcadebasic/main.php:202 see devel:menus should be used instead!
2026-06-06 11:18:07		tpl_action() is deprecated. It was called from include() in /var/www/html/lib/tpl/arcadebasic/main.php:159 see devel:menus should be used instead!
2026-06-06 11:18:07		tpl_actionlink() is deprecated. It was called from tpl_action() in /var/www/html/inc/template.php:712 see devel:menus should be used instead!
2026-06-06 11:18:07		tpl_get_action() is deprecated. It was called from tpl_actionlink() in /var/www/html/inc/template.php:592 see devel:menus should be used instead!
2026-06-06 11:18:07		tpl_toolsevent() is deprecated. It was called from include() in /var/www/html/lib/tpl/arcadebasic/main.php:158 see devel:menus should be used instead!
2026-06-06 11:18:07		tpl_action() is deprecated. It was called from include() in /var/www/html/lib/tpl/arcadebasic/main.php:190 see devel:menus should be used instead!
2026-06-06 11:18:07		tpl_actionlink() is deprecated. It was called from tpl_action() in /var/www/html/inc/template.php:712 see devel:menus should be used instead!
2026-06-06 11:18:07		tpl_get_action() is deprecated. It was called from tpl_actionlink() in /var/www/html/inc/template.php:592 see devel:menus should be used instead!
2026-06-06 11:18:07		tpl_action() is deprecated. It was called from include() in /var/www/html/lib/tpl/arcadebasic/main.php:191 see devel:menus should be used instead!
2026-06-06 11:18:07		tpl_actionlink() is deprecated. It was called from tpl_action() in /var/www/html/inc/template.php:712 see devel:menus should be used instead!
2026-06-06 11:18:07		tpl_get_action() is deprecated. It was called from tpl_actionlink() in /var/www/html/inc/template.php:592 see devel:menus should be used instead!
2026-06-06 11:18:07		tpl_action() is deprecated. It was called from include() in /var/www/html/lib/tpl/arcadebasic/main.php:192 see devel:menus should be used instead!
2026-06-06 11:18:07		tpl_actionlink() is deprecated. It was called from tpl_action() in /var/www/html/inc/template.php:712 see devel:menus should be used instead!
2026-06-06 11:18:07		tpl_get_action() is deprecated. It was called from tpl_actionlink() in /var/www/html/inc/template.php:592 see devel:menus should be used instead!
2026-06-06 11:18:07		tpl_toolsevent() is deprecated. It was called from include() in /var/www/html/lib/tpl/arcadebasic/main.php:187 see devel:menus should be used instead!
2026-06-06 11:18:07		tpl_action() is deprecated. It was called from include() in /var/www/html/lib/tpl/arcadebasic/main.php:203 see devel:menus should be used instead!
2026-06-06 11:18:07		tpl_actionlink() is deprecated. It was called from tpl_action() in /var/www/html/inc/template.php:712 see devel:menus should be used instead!
2026-06-06 11:18:07		tpl_get_action() is deprecated. It was called from tpl_actionlink() in /var/www/html/inc/template.php:592 see devel:menus should be used instead!
2026-06-06 11:18:07		tpl_action() is deprecated. It was called from include() in /var/www/html/lib/tpl/arcadebasic/main.php:204 see devel:menus should be used instead!
2026-06-06 11:18:07		tpl_actionlink() is deprecated. It was called from tpl_action() in /var/www/html/inc/template.php:712 see devel:menus should be used instead!
2026-06-06 11:18:07		tpl_get_action() is deprecated. It was called from tpl_actionlink() in /var/www/html/inc/template.php:592 see devel:menus should be used instead!
2026-06-06 11:18:07		tpl_action() is deprecated. It was called from include() in /var/www/html/lib/tpl/arcadebasic/main.php:205 see devel:menus should be used instead!
2026-06-06 11:18:07		tpl_actionlink() is deprecated. It was called from tpl_action() in /var/www/html/inc/template.php:712 see devel:menus should be used instead!
2026-06-06 11:18:07		tpl_get_action() is deprecated. It was called from tpl_actionlink() in /var/www/html/inc/template.php:592 see devel:menus should be used instead!
2026-06-06 11:18:07		tpl_toolsevent() is deprecated. It was called from include() in /var/www/html/lib/tpl/arcadebasic/main.php:202 see devel:menus should be used instead!
2026-06-06 11:26:34		require_once() is deprecated. It was called from require() in /var/www/html/lib/plugins/imagebox/syntax.php:9 Autoloading should be used instead!
2026-06-06 11:26:34		Doku_Handler::_addCall() is deprecated. It was called from syntax_plugin_toctweak_autotoc::handle() in /var/www/html/lib/plugins/toctweak/syntax/autotoc.php:60 addCall should be used instead!
2026-06-06 11:26:34		tpl_action() is deprecated. It was called from include() in /var/www/html/lib/tpl/arcadebasic/main.php:159 see devel:menus should be used instead!
2026-06-06 11:26:34		tpl_actionlink() is deprecated. It was called from tpl_action() in /var/www/html/inc/template.php:712 see devel:menus should be used instead!
2026-06-06 11:26:34		tpl_get_action() is deprecated. It was called from tpl_actionlink() in /var/www/html/inc/template.php:592 see devel:menus should be used instead!
2026-06-06 11:26:34		tpl_toolsevent() is deprecated. It was called from include() in /var/www/html/lib/tpl/arcadebasic/main.php:158 see devel:menus should be used instead!
2026-06-06 11:26:34		tpl_action() is deprecated. It was called from include() in /var/www/html/lib/tpl/arcadebasic/main.php:190 see devel:menus should be used instead!
2026-06-06 11:26:34		tpl_actionlink() is deprecated. It was called from tpl_action() in /var/www/html/inc/template.php:712 see devel:menus should be used instead!
2026-06-06 11:26:34		tpl_get_action() is deprecated. It was called from tpl_actionlink() in /var/www/html/inc/template.php:592 see devel:menus should be used instead!
2026-06-06 11:26:34		tpl_action() is deprecated. It was called from include() in /var/www/html/lib/tpl/arcadebasic/main.php:191 see devel:menus should be used instead!
2026-06-06 11:26:34		tpl_actionlink() is deprecated. It was called from tpl_action() in /var/www/html/inc/template.php:712 see devel:menus should be used instead!
2026-06-06 11:26:34		tpl_get_action() is deprecated. It was called from tpl_actionlink() in /var/www/html/inc/template.php:592 see devel:menus should be used instead!
2026-06-06 11:26:34		tpl_action() is deprecated. It was called from include() in /var/www/html/lib/tpl/arcadebasic/main.php:192 see devel:menus should be used instead!
2026-06-06 11:26:34		tpl_actionlink() is deprecated. It was called from tpl_action() in /var/www/html/inc/template.php:712 see devel:menus should be used instead!
2026-06-06 11:26:34		tpl_get_action() is deprecated. It was called from tpl_actionlink() in /var/www/html/inc/template.php:592 see devel:menus should be used instead!
2026-06-06 11:26:34		tpl_toolsevent() is deprecated. It was called from include() in /var/www/html/lib/tpl/arcadebasic/main.php:187 see devel:menus should be used instead!
2026-06-06 11:26:34		tpl_action() is deprecated. It was called from include() in /var/www/html/lib/tpl/arcadebasic/main.php:203 see devel:menus should be used instead!
2026-06-06 11:26:34		tpl_actionlink() is deprecated. It was called from tpl_action() in /var/www/html/inc/template.php:712 see devel:menus should be used instead!
2026-06-06 11:26:34		tpl_get_action() is deprecated. It was called from tpl_actionlink() in /var/www/html/inc/template.php:592 see devel:menus should be used instead!
2026-06-06 11:26:34		tpl_action() is deprecated. It was called from include() in /var/www/html/lib/tpl/arcadebasic/main.php:204 see devel:menus should be used instead!
2026-06-06 11:26:34		tpl_actionlink() is deprecated. It was called from tpl_action() in /var/www/html/inc/template.php:712 see devel:menus should be used instead!
2026-06-06 11:26:34		tpl_get_action() is deprecated. It was called from tpl_actionlink() in /var/www/html/inc/template.php:592 see devel:menus should be used instead!
2026-06-06 11:26:34		tpl_action() is deprecated. It was called from include() in /var/www/html/lib/tpl/arcadebasic/main.php:205 see devel:menus should be used instead!
2026-06-06 11:26:34		tpl_actionlink() is deprecated. It was called from tpl_action() in /var/www/html/inc/template.php:712 see devel:menus should be used instead!
2026-06-06 11:26:34		tpl_get_action() is deprecated. It was called from tpl_actionlink() in /var/www/html/inc/template.php:592 see devel:menus should be used instead!
2026-06-06 11:26:34		tpl_toolsevent() is deprecated. It was called from include() in /var/www/html/lib/tpl/arcadebasic/main.php:202 see devel:menus should be used instead!
2026-06-06 11:33:37		tpl_action() is deprecated. It was called from include() in /var/www/html/lib/tpl/arcadebasic/main.php:159 see devel:menus should be used instead!
2026-06-06 11:33:37		tpl_actionlink() is deprecated. It was called from tpl_action() in /var/www/html/inc/template.php:712 see devel:menus should be used instead!
2026-06-06 11:33:37		tpl_get_action() is deprecated. It was called from tpl_actionlink() in /var/www/html/inc/template.php:592 see devel:menus should be used instead!
2026-06-06 11:33:37		tpl_toolsevent() is deprecated. It was called from include() in /var/www/html/lib/tpl/arcadebasic/main.php:158 see devel:menus should be used instead!
2026-06-06 11:33:37		tpl_action() is deprecated. It was called from include() in /var/www/html/lib/tpl/arcadebasic/main.php:190 see devel:menus should be used instead!
2026-06-06 11:33:37		tpl_actionlink() is deprecated. It was called from tpl_action() in /var/www/html/inc/template.php:712 see devel:menus should be used instead!
2026-06-06 11:33:37		tpl_get_action() is deprecated. It was called from tpl_actionlink() in /var/www/html/inc/template.php:592 see devel:menus should be used instead!
2026-06-06 11:33:37		tpl_action() is deprecated. It was called from include() in /var/www/html/lib/tpl/arcadebasic/main.php:191 see devel:menus should be used instead!
2026-06-06 11:33:37		tpl_actionlink() is deprecated. It was called from tpl_action() in /var/www/html/inc/template.php:712 see devel:menus should be used instead!
2026-06-06 11:33:37		tpl_get_action() is deprecated. It was called from tpl_actionlink() in /var/www/html/inc/template.php:592 see devel:menus should be used instead!
2026-06-06 11:33:37		tpl_action() is deprecated. It was called from include() in /var/www/html/lib/tpl/arcadebasic/main.php:192 see devel:menus should be used instead!
2026-06-06 11:33:37		tpl_actionlink() is deprecated. It was called from tpl_action() in /var/www/html/inc/template.php:712 see devel:menus should be used instead!
2026-06-06 11:33:37		tpl_get_action() is deprecated. It was called from tpl_actionlink() in /var/www/html/inc/template.php:592 see devel:menus should be used instead!
2026-06-06 11:33:37		tpl_toolsevent() is deprecated. It was called from include() in /var/www/html/lib/tpl/arcadebasic/main.php:187 see devel:menus should be used instead!
2026-06-06 11:33:37		tpl_action() is deprecated. It was called from include() in /var/www/html/lib/tpl/arcadebasic/main.php:203 see devel:menus should be used instead!
2026-06-06 11:33:37		tpl_actionlink() is deprecated. It was called from tpl_action() in /var/www/html/inc/template.php:712 see devel:menus should be used instead!
2026-06-06 11:33:37		tpl_get_action() is deprecated. It was called from tpl_actionlink() in /var/www/html/inc/template.php:592 see devel:menus should be used instead!
2026-06-06 11:33:37		tpl_action() is deprecated. It was called from include() in /var/www/html/lib/tpl/arcadebasic/main.php:204 see devel:menus should be used instead!
2026-06-06 11:33:37		tpl_actionlink() is deprecated. It was called from tpl_action() in /var/www/html/inc/template.php:712 see devel:menus should be used instead!
2026-06-06 11:33:37		tpl_get_action() is deprecated. It was called from tpl_actionlink() in /var/www/html/inc/template.php:592 see devel:menus should be used instead!
2026-06-06 11:33:37		tpl_action() is deprecated. It was called from include() in /var/www/html/lib/tpl/arcadebasic/main.php:205 see devel:menus should be used instead!
2026-06-06 11:33:37		tpl_actionlink() is deprecated. It was called from tpl_action() in /var/www/html/inc/template.php:712 see devel:menus should be used instead!
2026-06-06 11:33:37		tpl_get_action() is deprecated. It was called from tpl_actionlink() in /var/www/html/inc/template.php:592 see devel:menus should be used instead!
2026-06-06 11:33:37		tpl_toolsevent() is deprecated. It was called from include() in /var/www/html/lib/tpl/arcadebasic/main.php:202 see devel:menus should be used instead!
2026-06-06 11:42:54		tpl_action() is deprecated. It was called from include() in /var/www/html/lib/tpl/arcadebasic/main.php:159 see devel:menus should be used instead!
2026-06-06 11:42:54		tpl_actionlink() is deprecated. It was called from tpl_action() in /var/www/html/inc/template.php:712 see devel:menus should be used instead!
2026-06-06 11:42:54		tpl_get_action() is deprecated. It was called from tpl_actionlink() in /var/www/html/inc/template.php:592 see devel:menus should be used instead!
2026-06-06 11:42:54		tpl_toolsevent() is deprecated. It was called from include() in /var/www/html/lib/tpl/arcadebasic/main.php:158 see devel:menus should be used instead!
2026-06-06 11:42:54		tpl_action() is deprecated. It was called from include() in /var/www/html/lib/tpl/arcadebasic/main.php:190 see devel:menus should be used instead!
2026-06-06 11:42:54		tpl_actionlink() is deprecated. It was called from tpl_action() in /var/www/html/inc/template.php:712 see devel:menus should be used instead!
2026-06-06 11:42:54		tpl_get_action() is deprecated. It was called from tpl_actionlink() in /var/www/html/inc/template.php:592 see devel:menus should be used instead!
2026-06-06 11:42:54		tpl_action() is deprecated. It was called from include() in /var/www/html/lib/tpl/arcadebasic/main.php:191 see devel:menus should be used instead!
2026-06-06 11:42:54		tpl_actionlink() is deprecated. It was called from tpl_action() in /var/www/html/inc/template.php:712 see devel:menus should be used instead!
2026-06-06 11:42:54		tpl_get_action() is deprecated. It was called from tpl_actionlink() in /var/www/html/inc/template.php:592 see devel:menus should be used instead!
2026-06-06 11:42:54		tpl_action() is deprecated. It was called from include() in /var/www/html/lib/tpl/arcadebasic/main.php:192 see devel:menus should be used instead!
2026-06-06 11:42:54		tpl_actionlink() is deprecated. It was called from tpl_action() in /var/www/html/inc/template.php:712 see devel:menus should be used instead!
2026-06-06 11:42:54		tpl_get_action() is deprecated. It was called from tpl_actionlink() in /var/www/html/inc/template.php:592 see devel:menus should be used instead!
2026-06-06 11:42:54		tpl_toolsevent() is deprecated. It was called from include() in /var/www/html/lib/tpl/arcadebasic/main.php:187 see devel:menus should be used instead!
2026-06-06 11:42:54		tpl_action() is deprecated. It was called from include() in /var/www/html/lib/tpl/arcadebasic/main.php:203 see devel:menus should be used instead!
2026-06-06 11:42:54		tpl_actionlink() is deprecated. It was called from tpl_action() in /var/www/html/inc/template.php:712 see devel:menus should be used instead!
2026-06-06 11:42:54		tpl_get_action() is deprecated. It was called from tpl_actionlink() in /var/www/html/inc/template.php:592 see devel:menus should be used instead!
2026-06-06 11:42:54		tpl_action() is deprecated. It was called from include() in /var/www/html/lib/tpl/arcadebasic/main.php:204 see devel:menus should be used instead!
2026-06-06 11:42:54		tpl_actionlink() is deprecated. It was called from tpl_action() in /var/www/html/inc/template.php:712 see devel:menus should be used instead!
2026-06-06 11:42:54		tpl_get_action() is deprecated. It was called from tpl_actionlink() in /var/www/html/inc/template.php:592 see devel:menus should be used instead!
2026-06-06 11:42:54		tpl_action() is deprecated. It was called from include() in /var/www/html/lib/tpl/arcadebasic/main.php:205 see devel:menus should be used instead!
2026-06-06 11:42:54		tpl_actionlink() is deprecated. It was called from tpl_action() in /var/www/html/inc/template.php:712 see devel:menus should be used instead!
2026-06-06 11:42:54		tpl_get_action() is deprecated. It was called from tpl_actionlink() in /var/www/html/inc/template.php:592 see devel:menus should be used instead!
2026-06-06 11:42:54		tpl_toolsevent() is deprecated. It was called from include() in /var/www/html/lib/tpl/arcadebasic/main.php:202 see devel:menus should be used instead!
2026-06-06 11:55:25		tpl_action() is deprecated. It was called from include() in /var/www/html/lib/tpl/arcadebasic/main.php:159 see devel:menus should be used instead!
2026-06-06 11:55:25		tpl_actionlink() is deprecated. It was called from tpl_action() in /var/www/html/inc/template.php:712 see devel:menus should be used instead!
2026-06-06 11:55:25		tpl_get_action() is deprecated. It was called from tpl_actionlink() in /var/www/html/inc/template.php:592 see devel:menus should be used instead!
2026-06-06 11:55:25		tpl_toolsevent() is deprecated. It was called from include() in /var/www/html/lib/tpl/arcadebasic/main.php:158 see devel:menus should be used instead!
2026-06-06 11:55:25		tpl_action() is deprecated. It was called from include() in /var/www/html/lib/tpl/arcadebasic/main.php:190 see devel:menus should be used instead!
2026-06-06 11:55:25		tpl_actionlink() is deprecated. It was called from tpl_action() in /var/www/html/inc/template.php:712 see devel:menus should be used instead!
2026-06-06 11:55:25		tpl_get_action() is deprecated. It was called from tpl_actionlink() in /var/www/html/inc/template.php:592 see devel:menus should be used instead!
2026-06-06 11:55:25		tpl_action() is deprecated. It was called from include() in /var/www/html/lib/tpl/arcadebasic/main.php:191 see devel:menus should be used instead!
2026-06-06 11:55:25		tpl_actionlink() is deprecated. It was called from tpl_action() in /var/www/html/inc/template.php:712 see devel:menus should be used instead!
2026-06-06 11:55:25		tpl_get_action() is deprecated. It was called from tpl_actionlink() in /var/www/html/inc/template.php:592 see devel:menus should be used instead!
2026-06-06 11:55:25		tpl_action() is deprecated. It was called from include() in /var/www/html/lib/tpl/arcadebasic/main.php:192 see devel:menus should be used instead!
2026-06-06 11:55:25		tpl_actionlink() is deprecated. It was called from tpl_action() in /var/www/html/inc/template.php:712 see devel:menus should be used instead!
2026-06-06 11:55:25		tpl_get_action() is deprecated. It was called from tpl_actionlink() in /var/www/html/inc/template.php:592 see devel:menus should be used instead!
2026-06-06 11:55:25		tpl_toolsevent() is deprecated. It was called from include() in /var/www/html/lib/tpl/arcadebasic/main.php:187 see devel:menus should be used instead!
2026-06-06 11:55:25		tpl_action() is deprecated. It was called from include() in /var/www/html/lib/tpl/arcadebasic/main.php:203 see devel:menus should be used instead!
2026-06-06 11:55:25		tpl_actionlink() is deprecated. It was called from tpl_action() in /var/www/html/inc/template.php:712 see devel:menus should be used instead!
2026-06-06 11:55:25		tpl_get_action() is deprecated. It was called from tpl_actionlink() in /var/www/html/inc/template.php:592 see devel:menus should be used instead!
2026-06-06 11:55:25		tpl_action() is deprecated. It was called from include() in /var/www/html/lib/tpl/arcadebasic/main.php:204 see devel:menus should be used instead!
2026-06-06 11:55:25		tpl_actionlink() is deprecated. It was called from tpl_action() in /var/www/html/inc/template.php:712 see devel:menus should be used instead!
2026-06-06 11:55:25		tpl_get_action() is deprecated. It was called from tpl_actionlink() in /var/www/html/inc/template.php:592 see devel:menus should be used instead!
2026-06-06 11:55:25		tpl_action() is deprecated. It was called from include() in /var/www/html/lib/tpl/arcadebasic/main.php:205 see devel:menus should be used instead!
2026-06-06 11:55:25		tpl_actionlink() is deprecated. It was called from tpl_action() in /var/www/html/inc/template.php:712 see devel:menus should be used instead!
2026-06-06 11:55:25		tpl_get_action() is deprecated. It was called from tpl_actionlink() in /var/www/html/inc/template.php:592 see devel:menus should be used instead!
2026-06-06 11:55:25		tpl_toolsevent() is deprecated. It was called from include() in /var/www/html/lib/tpl/arcadebasic/main.php:202 see devel:menus should be used instead!
2026-06-06 12:05:13		tpl_action() is deprecated. It was called from include() in /var/www/html/lib/tpl/arcadebasic/main.php:159 see devel:menus should be used instead!
2026-06-06 12:05:13		tpl_actionlink() is deprecated. It was called from tpl_action() in /var/www/html/inc/template.php:712 see devel:menus should be used instead!
2026-06-06 12:05:13		tpl_get_action() is deprecated. It was called from tpl_actionlink() in /var/www/html/inc/template.php:592 see devel:menus should be used instead!
2026-06-06 12:05:13		tpl_toolsevent() is deprecated. It was called from include() in /var/www/html/lib/tpl/arcadebasic/main.php:158 see devel:menus should be used instead!
2026-06-06 12:05:13		tpl_action() is deprecated. It was called from include() in /var/www/html/lib/tpl/arcadebasic/main.php:190 see devel:menus should be used instead!
2026-06-06 12:05:13		tpl_actionlink() is deprecated. It was called from tpl_action() in /var/www/html/inc/template.php:712 see devel:menus should be used instead!
2026-06-06 12:05:13		tpl_get_action() is deprecated. It was called from tpl_actionlink() in /var/www/html/inc/template.php:592 see devel:menus should be used instead!
2026-06-06 12:05:13		tpl_action() is deprecated. It was called from include() in /var/www/html/lib/tpl/arcadebasic/main.php:191 see devel:menus should be used instead!
2026-06-06 12:05:13		tpl_actionlink() is deprecated. It was called from tpl_action() in /var/www/html/inc/template.php:712 see devel:menus should be used instead!
2026-06-06 12:05:13		tpl_get_action() is deprecated. It was called from tpl_actionlink() in /var/www/html/inc/template.php:592 see devel:menus should be used instead!
2026-06-06 12:05:13		tpl_action() is deprecated. It was called from include() in /var/www/html/lib/tpl/arcadebasic/main.php:192 see devel:menus should be used instead!
2026-06-06 12:05:13		tpl_actionlink() is deprecated. It was called from tpl_action() in /var/www/html/inc/template.php:712 see devel:menus should be used instead!
2026-06-06 12:05:13		tpl_get_action() is deprecated. It was called from tpl_actionlink() in /var/www/html/inc/template.php:592 see devel:menus should be used instead!
2026-06-06 12:05:13		tpl_toolsevent() is deprecated. It was called from include() in /var/www/html/lib/tpl/arcadebasic/main.php:187 see devel:menus should be used instead!
2026-06-06 12:05:13		tpl_action() is deprecated. It was called from include() in /var/www/html/lib/tpl/arcadebasic/main.php:203 see devel:menus should be used instead!
2026-06-06 12:05:13		tpl_actionlink() is deprecated. It was called from tpl_action() in /var/www/html/inc/template.php:712 see devel:menus should be used instead!
2026-06-06 12:05:13		tpl_get_action() is deprecated. It was called from tpl_actionlink() in /var/www/html/inc/template.php:592 see devel:menus should be used instead!
2026-06-06 12:05:13		tpl_action() is deprecated. It was called from include() in /var/www/html/lib/tpl/arcadebasic/main.php:204 see devel:menus should be used instead!
2026-06-06 12:05:13		tpl_actionlink() is deprecated. It was called from tpl_action() in /var/www/html/inc/template.php:712 see devel:menus should be used instead!
2026-06-06 12:05:13		tpl_get_action() is deprecated. It was called from tpl_actionlink() in /var/www/html/inc/template.php:592 see devel:menus should be used instead!
2026-06-06 12:05:13		tpl_action() is deprecated. It was called from include() in /var/www/html/lib/tpl/arcadebasic/main.php:205 see devel:menus should be used instead!
2026-06-06 12:05:13		tpl_actionlink() is deprecated. It was called from tpl_action() in /var/www/html/inc/template.php:712 see devel:menus should be used instead!
2026-06-06 12:05:13		tpl_get_action() is deprecated. It was called from tpl_actionlink() in /var/www/html/inc/template.php:592 see devel:menus should be used instead!
2026-06-06 12:05:13		tpl_toolsevent() is deprecated. It was called from include() in /var/www/html/lib/tpl/arcadebasic/main.php:202 see devel:menus should be used instead!
2026-06-06 12:13:53		tpl_action() is deprecated. It was called from include() in /var/www/html/lib/tpl/arcadebasic/main.php:159 see devel:menus should be used instead!
2026-06-06 12:13:53		tpl_actionlink() is deprecated. It was called from tpl_action() in /var/www/html/inc/template.php:712 see devel:menus should be used instead!
2026-06-06 12:13:53		tpl_get_action() is deprecated. It was called from tpl_actionlink() in /var/www/html/inc/template.php:592 see devel:menus should be used instead!
2026-06-06 12:13:53		tpl_toolsevent() is deprecated. It was called from include() in /var/www/html/lib/tpl/arcadebasic/main.php:158 see devel:menus should be used instead!
2026-06-06 12:13:53		tpl_action() is deprecated. It was called from include() in /var/www/html/lib/tpl/arcadebasic/main.php:190 see devel:menus should be used instead!
2026-06-06 12:13:53		tpl_actionlink() is deprecated. It was called from tpl_action() in /var/www/html/inc/template.php:712 see devel:menus should be used instead!
2026-06-06 12:13:53		tpl_get_action() is deprecated. It was called from tpl_actionlink() in /var/www/html/inc/template.php:592 see devel:menus should be used instead!
2026-06-06 12:13:53		tpl_action() is deprecated. It was called from include() in /var/www/html/lib/tpl/arcadebasic/main.php:191 see devel:menus should be used instead!
2026-06-06 12:13:53		tpl_actionlink() is deprecated. It was called from tpl_action() in /var/www/html/inc/template.php:712 see devel:menus should be used instead!
2026-06-06 12:13:53		tpl_get_action() is deprecated. It was called from tpl_actionlink() in /var/www/html/inc/template.php:592 see devel:menus should be used instead!
2026-06-06 12:13:53		tpl_action() is deprecated. It was called from include() in /var/www/html/lib/tpl/arcadebasic/main.php:192 see devel:menus should be used instead!
2026-06-06 12:13:53		tpl_actionlink() is deprecated. It was called from tpl_action() in /var/www/html/inc/template.php:712 see devel:menus should be used instead!
2026-06-06 12:13:53		tpl_get_action() is deprecated. It was called from tpl_actionlink() in /var/www/html/inc/template.php:592 see devel:menus should be used instead!
2026-06-06 12:13:53		tpl_toolsevent() is deprecated. It was called from include() in /var/www/html/lib/tpl/arcadebasic/main.php:187 see devel:menus should be used instead!
2026-06-06 12:13:53		tpl_action() is deprecated. It was called from include() in /var/www/html/lib/tpl/arcadebasic/main.php:203 see devel:menus should be used instead!
2026-06-06 12:13:53		tpl_actionlink() is deprecated. It was called from tpl_action() in /var/www/html/inc/template.php:712 see devel:menus should be used instead!
2026-06-06 12:13:53		tpl_get_action() is deprecated. It was called from tpl_actionlink() in /var/www/html/inc/template.php:592 see devel:menus should be used instead!
2026-06-06 12:13:53		tpl_action() is deprecated. It was called from include() in /var/www/html/lib/tpl/arcadebasic/main.php:204 see devel:menus should be used instead!
2026-06-06 12:13:53		tpl_actionlink() is deprecated. It was called from tpl_action() in /var/www/html/inc/template.php:712 see devel:menus should be used instead!
2026-06-06 12:13:53		tpl_get_action() is deprecated. It was called from tpl_actionlink() in /var/www/html/inc/template.php:592 see devel:menus should be used instead!
2026-06-06 12:13:53		tpl_action() is deprecated. It was called from include() in /var/www/html/lib/tpl/arcadebasic/main.php:205 see devel:menus should be used instead!
2026-06-06 12:13:53		tpl_actionlink() is deprecated. It was called from tpl_action() in /var/www/html/inc/template.php:712 see devel:menus should be used instead!
2026-06-06 12:13:53		tpl_get_action() is deprecated. It was called from tpl_actionlink() in /var/www/html/inc/template.php:592 see devel:menus should be used instead!
2026-06-06 12:13:53		tpl_toolsevent() is deprecated. It was called from include() in /var/www/html/lib/tpl/arcadebasic/main.php:202 see devel:menus should be used instead!
2026-06-06 12:27:32		tpl_action() is deprecated. It was called from include() in /var/www/html/lib/tpl/arcadebasic/main.php:159 see devel:menus should be used instead!
2026-06-06 12:27:32		tpl_actionlink() is deprecated. It was called from tpl_action() in /var/www/html/inc/template.php:712 see devel:menus should be used instead!
2026-06-06 12:27:32		tpl_get_action() is deprecated. It was called from tpl_actionlink() in /var/www/html/inc/template.php:592 see devel:menus should be used instead!
2026-06-06 12:27:32		tpl_toolsevent() is deprecated. It was called from include() in /var/www/html/lib/tpl/arcadebasic/main.php:158 see devel:menus should be used instead!
2026-06-06 12:27:32		tpl_action() is deprecated. It was called from include() in /var/www/html/lib/tpl/arcadebasic/main.php:190 see devel:menus should be used instead!
2026-06-06 12:27:32		tpl_actionlink() is deprecated. It was called from tpl_action() in /var/www/html/inc/template.php:712 see devel:menus should be used instead!
2026-06-06 12:27:32		tpl_get_action() is deprecated. It was called from tpl_actionlink() in /var/www/html/inc/template.php:592 see devel:menus should be used instead!
2026-06-06 12:27:32		tpl_action() is deprecated. It was called from include() in /var/www/html/lib/tpl/arcadebasic/main.php:191 see devel:menus should be used instead!
2026-06-06 12:27:32		tpl_actionlink() is deprecated. It was called from tpl_action() in /var/www/html/inc/template.php:712 see devel:menus should be used instead!
2026-06-06 12:27:32		tpl_get_action() is deprecated. It was called from tpl_actionlink() in /var/www/html/inc/template.php:592 see devel:menus should be used instead!
2026-06-06 12:27:32		tpl_action() is deprecated. It was called from include() in /var/www/html/lib/tpl/arcadebasic/main.php:192 see devel:menus should be used instead!
2026-06-06 12:27:32		tpl_actionlink() is deprecated. It was called from tpl_action() in /var/www/html/inc/template.php:712 see devel:menus should be used instead!
2026-06-06 12:27:32		tpl_get_action() is deprecated. It was called from tpl_actionlink() in /var/www/html/inc/template.php:592 see devel:menus should be used instead!
2026-06-06 12:27:32		tpl_toolsevent() is deprecated. It was called from include() in /var/www/html/lib/tpl/arcadebasic/main.php:187 see devel:menus should be used instead!
2026-06-06 12:27:32		tpl_action() is deprecated. It was called from include() in /var/www/html/lib/tpl/arcadebasic/main.php:203 see devel:menus should be used instead!
2026-06-06 12:27:32		tpl_actionlink() is deprecated. It was called from tpl_action() in /var/www/html/inc/template.php:712 see devel:menus should be used instead!
2026-06-06 12:27:32		tpl_get_action() is deprecated. It was called from tpl_actionlink() in /var/www/html/inc/template.php:592 see devel:menus should be used instead!
2026-06-06 12:27:32		tpl_action() is deprecated. It was called from include() in /var/www/html/lib/tpl/arcadebasic/main.php:204 see devel:menus should be used instead!
2026-06-06 12:27:32		tpl_actionlink() is deprecated. It was called from tpl_action() in /var/www/html/inc/template.php:712 see devel:menus should be used instead!
2026-06-06 12:27:32		tpl_get_action() is deprecated. It was called from tpl_actionlink() in /var/www/html/inc/template.php:592 see devel:menus should be used instead!
2026-06-06 12:27:32		tpl_action() is deprecated. It was called from include() in /var/www/html/lib/tpl/arcadebasic/main.php:205 see devel:menus should be used instead!
2026-06-06 12:27:32		tpl_actionlink() is deprecated. It was called from tpl_action() in /var/www/html/inc/template.php:712 see devel:menus should be used instead!
2026-06-06 12:27:32		tpl_get_action() is deprecated. It was called from tpl_actionlink() in /var/www/html/inc/template.php:592 see devel:menus should be used instead!
2026-06-06 12:27:32		tpl_toolsevent() is deprecated. It was called from include() in /var/www/html/lib/tpl/arcadebasic/main.php:202 see devel:menus should be used instead!
2026-06-06 12:35:34		tpl_action() is deprecated. It was called from include() in /var/www/html/lib/tpl/arcadebasic/main.php:159 see devel:menus should be used instead!
2026-06-06 12:35:34		tpl_actionlink() is deprecated. It was called from tpl_action() in /var/www/html/inc/template.php:712 see devel:menus should be used instead!
2026-06-06 12:35:34		tpl_get_action() is deprecated. It was called from tpl_actionlink() in /var/www/html/inc/template.php:592 see devel:menus should be used instead!
2026-06-06 12:35:34		tpl_toolsevent() is deprecated. It was called from include() in /var/www/html/lib/tpl/arcadebasic/main.php:158 see devel:menus should be used instead!
2026-06-06 12:35:34		tpl_action() is deprecated. It was called from include() in /var/www/html/lib/tpl/arcadebasic/main.php:190 see devel:menus should be used instead!
2026-06-06 12:35:34		tpl_actionlink() is deprecated. It was called from tpl_action() in /var/www/html/inc/template.php:712 see devel:menus should be used instead!
2026-06-06 12:35:34		tpl_get_action() is deprecated. It was called from tpl_actionlink() in /var/www/html/inc/template.php:592 see devel:menus should be used instead!
2026-06-06 12:35:34		tpl_action() is deprecated. It was called from include() in /var/www/html/lib/tpl/arcadebasic/main.php:191 see devel:menus should be used instead!
2026-06-06 12:35:34		tpl_actionlink() is deprecated. It was called from tpl_action() in /var/www/html/inc/template.php:712 see devel:menus should be used instead!
2026-06-06 12:35:34		tpl_get_action() is deprecated. It was called from tpl_actionlink() in /var/www/html/inc/template.php:592 see devel:menus should be used instead!
2026-06-06 12:35:34		tpl_action() is deprecated. It was called from include() in /var/www/html/lib/tpl/arcadebasic/main.php:192 see devel:menus should be used instead!
2026-06-06 12:35:34		tpl_actionlink() is deprecated. It was called from tpl_action() in /var/www/html/inc/template.php:712 see devel:menus should be used instead!
2026-06-06 12:35:34		tpl_get_action() is deprecated. It was called from tpl_actionlink() in /var/www/html/inc/template.php:592 see devel:menus should be used instead!
2026-06-06 12:35:34		tpl_toolsevent() is deprecated. It was called from include() in /var/www/html/lib/tpl/arcadebasic/main.php:187 see devel:menus should be used instead!
2026-06-06 12:35:34		tpl_action() is deprecated. It was called from include() in /var/www/html/lib/tpl/arcadebasic/main.php:203 see devel:menus should be used instead!
2026-06-06 12:35:34		tpl_actionlink() is deprecated. It was called from tpl_action() in /var/www/html/inc/template.php:712 see devel:menus should be used instead!
2026-06-06 12:35:34		tpl_get_action() is deprecated. It was called from tpl_actionlink() in /var/www/html/inc/template.php:592 see devel:menus should be used instead!
2026-06-06 12:35:34		tpl_action() is deprecated. It was called from include() in /var/www/html/lib/tpl/arcadebasic/main.php:204 see devel:menus should be used instead!
2026-06-06 12:35:34		tpl_actionlink() is deprecated. It was called from tpl_action() in /var/www/html/inc/template.php:712 see devel:menus should be used instead!
2026-06-06 12:35:34		tpl_get_action() is deprecated. It was called from tpl_actionlink() in /var/www/html/inc/template.php:592 see devel:menus should be used instead!
2026-06-06 12:35:34		tpl_action() is deprecated. It was called from include() in /var/www/html/lib/tpl/arcadebasic/main.php:205 see devel:menus should be used instead!
2026-06-06 12:35:34		tpl_actionlink() is deprecated. It was called from tpl_action() in /var/www/html/inc/template.php:712 see devel:menus should be used instead!
2026-06-06 12:35:34		tpl_get_action() is deprecated. It was called from tpl_actionlink() in /var/www/html/inc/template.php:592 see devel:menus should be used instead!
2026-06-06 12:35:34		tpl_toolsevent() is deprecated. It was called from include() in /var/www/html/lib/tpl/arcadebasic/main.php:202 see devel:menus should be used instead!
2026-06-06 12:46:53		tpl_action() is deprecated. It was called from include() in /var/www/html/lib/tpl/arcadebasic/main.php:159 see devel:menus should be used instead!
2026-06-06 12:46:53		tpl_actionlink() is deprecated. It was called from tpl_action() in /var/www/html/inc/template.php:712 see devel:menus should be used instead!
2026-06-06 12:46:53		tpl_get_action() is deprecated. It was called from tpl_actionlink() in /var/www/html/inc/template.php:592 see devel:menus should be used instead!
2026-06-06 12:46:53		tpl_toolsevent() is deprecated. It was called from include() in /var/www/html/lib/tpl/arcadebasic/main.php:158 see devel:menus should be used instead!
2026-06-06 12:46:53		tpl_action() is deprecated. It was called from include() in /var/www/html/lib/tpl/arcadebasic/main.php:190 see devel:menus should be used instead!
2026-06-06 12:46:53		tpl_actionlink() is deprecated. It was called from tpl_action() in /var/www/html/inc/template.php:712 see devel:menus should be used instead!
2026-06-06 12:46:53		tpl_get_action() is deprecated. It was called from tpl_actionlink() in /var/www/html/inc/template.php:592 see devel:menus should be used instead!
2026-06-06 12:46:53		tpl_action() is deprecated. It was called from include() in /var/www/html/lib/tpl/arcadebasic/main.php:191 see devel:menus should be used instead!
2026-06-06 12:46:53		tpl_actionlink() is deprecated. It was called from tpl_action() in /var/www/html/inc/template.php:712 see devel:menus should be used instead!
2026-06-06 12:46:53		tpl_get_action() is deprecated. It was called from tpl_actionlink() in /var/www/html/inc/template.php:592 see devel:menus should be used instead!
2026-06-06 12:46:53		tpl_action() is deprecated. It was called from include() in /var/www/html/lib/tpl/arcadebasic/main.php:192 see devel:menus should be used instead!
2026-06-06 12:46:53		tpl_actionlink() is deprecated. It was called from tpl_action() in /var/www/html/inc/template.php:712 see devel:menus should be used instead!
2026-06-06 12:46:53		tpl_get_action() is deprecated. It was called from tpl_actionlink() in /var/www/html/inc/template.php:592 see devel:menus should be used instead!
2026-06-06 12:46:53		tpl_toolsevent() is deprecated. It was called from include() in /var/www/html/lib/tpl/arcadebasic/main.php:187 see devel:menus should be used instead!
2026-06-06 12:46:53		tpl_action() is deprecated. It was called from include() in /var/www/html/lib/tpl/arcadebasic/main.php:203 see devel:menus should be used instead!
2026-06-06 12:46:53		tpl_actionlink() is deprecated. It was called from tpl_action() in /var/www/html/inc/template.php:712 see devel:menus should be used instead!
2026-06-06 12:46:53		tpl_get_action() is deprecated. It was called from tpl_actionlink() in /var/www/html/inc/template.php:592 see devel:menus should be used instead!
2026-06-06 12:46:53		tpl_action() is deprecated. It was called from include() in /var/www/html/lib/tpl/arcadebasic/main.php:204 see devel:menus should be used instead!
2026-06-06 12:46:53		tpl_actionlink() is deprecated. It was called from tpl_action() in /var/www/html/inc/template.php:712 see devel:menus should be used instead!
2026-06-06 12:46:53		tpl_get_action() is deprecated. It was called from tpl_actionlink() in /var/www/html/inc/template.php:592 see devel:menus should be used instead!
2026-06-06 12:46:53		tpl_action() is deprecated. It was called from include() in /var/www/html/lib/tpl/arcadebasic/main.php:205 see devel:menus should be used instead!
2026-06-06 12:46:53		tpl_actionlink() is deprecated. It was called from tpl_action() in /var/www/html/inc/template.php:712 see devel:menus should be used instead!
2026-06-06 12:46:53		tpl_get_action() is deprecated. It was called from tpl_actionlink() in /var/www/html/inc/template.php:592 see devel:menus should be used instead!
2026-06-06 12:46:53		tpl_toolsevent() is deprecated. It was called from include() in /var/www/html/lib/tpl/arcadebasic/main.php:202 see devel:menus should be used instead!
2026-06-06 12:56:51		tpl_action() is deprecated. It was called from include() in /var/www/html/lib/tpl/arcadebasic/main.php:159 see devel:menus should be used instead!
2026-06-06 12:56:51		tpl_actionlink() is deprecated. It was called from tpl_action() in /var/www/html/inc/template.php:712 see devel:menus should be used instead!
2026-06-06 12:56:51		tpl_get_action() is deprecated. It was called from tpl_actionlink() in /var/www/html/inc/template.php:592 see devel:menus should be used instead!
2026-06-06 12:56:51		tpl_toolsevent() is deprecated. It was called from include() in /var/www/html/lib/tpl/arcadebasic/main.php:158 see devel:menus should be used instead!
2026-06-06 12:56:51		tpl_action() is deprecated. It was called from include() in /var/www/html/lib/tpl/arcadebasic/main.php:190 see devel:menus should be used instead!
2026-06-06 12:56:51		tpl_actionlink() is deprecated. It was called from tpl_action() in /var/www/html/inc/template.php:712 see devel:menus should be used instead!
2026-06-06 12:56:51		tpl_get_action() is deprecated. It was called from tpl_actionlink() in /var/www/html/inc/template.php:592 see devel:menus should be used instead!
2026-06-06 12:56:51		tpl_action() is deprecated. It was called from include() in /var/www/html/lib/tpl/arcadebasic/main.php:191 see devel:menus should be used instead!
2026-06-06 12:56:51		tpl_actionlink() is deprecated. It was called from tpl_action() in /var/www/html/inc/template.php:712 see devel:menus should be used instead!
2026-06-06 12:56:51		tpl_get_action() is deprecated. It was called from tpl_actionlink() in /var/www/html/inc/template.php:592 see devel:menus should be used instead!
2026-06-06 12:56:51		tpl_action() is deprecated. It was called from include() in /var/www/html/lib/tpl/arcadebasic/main.php:192 see devel:menus should be used instead!
2026-06-06 12:56:51		tpl_actionlink() is deprecated. It was called from tpl_action() in /var/www/html/inc/template.php:712 see devel:menus should be used instead!
2026-06-06 12:56:51		tpl_get_action() is deprecated. It was called from tpl_actionlink() in /var/www/html/inc/template.php:592 see devel:menus should be used instead!
2026-06-06 12:56:51		tpl_toolsevent() is deprecated. It was called from include() in /var/www/html/lib/tpl/arcadebasic/main.php:187 see devel:menus should be used instead!
2026-06-06 12:56:51		tpl_action() is deprecated. It was called from include() in /var/www/html/lib/tpl/arcadebasic/main.php:203 see devel:menus should be used instead!
2026-06-06 12:56:51		tpl_actionlink() is deprecated. It was called from tpl_action() in /var/www/html/inc/template.php:712 see devel:menus should be used instead!
2026-06-06 12:56:51		tpl_get_action() is deprecated. It was called from tpl_actionlink() in /var/www/html/inc/template.php:592 see devel:menus should be used instead!
2026-06-06 12:56:51		tpl_action() is deprecated. It was called from include() in /var/www/html/lib/tpl/arcadebasic/main.php:204 see devel:menus should be used instead!
2026-06-06 12:56:51		tpl_actionlink() is deprecated. It was called from tpl_action() in /var/www/html/inc/template.php:712 see devel:menus should be used instead!
2026-06-06 12:56:51		tpl_get_action() is deprecated. It was called from tpl_actionlink() in /var/www/html/inc/template.php:592 see devel:menus should be used instead!
2026-06-06 12:56:51		tpl_action() is deprecated. It was called from include() in /var/www/html/lib/tpl/arcadebasic/main.php:205 see devel:menus should be used instead!
2026-06-06 12:56:51		tpl_actionlink() is deprecated. It was called from tpl_action() in /var/www/html/inc/template.php:712 see devel:menus should be used instead!
2026-06-06 12:56:51		tpl_get_action() is deprecated. It was called from tpl_actionlink() in /var/www/html/inc/template.php:592 see devel:menus should be used instead!
2026-06-06 12:56:51		tpl_toolsevent() is deprecated. It was called from include() in /var/www/html/lib/tpl/arcadebasic/main.php:202 see devel:menus should be used instead!
2026-06-06 13:09:32		tpl_action() is deprecated. It was called from include() in /var/www/html/lib/tpl/arcadebasic/main.php:159 see devel:menus should be used instead!
2026-06-06 13:09:32		tpl_actionlink() is deprecated. It was called from tpl_action() in /var/www/html/inc/template.php:712 see devel:menus should be used instead!
2026-06-06 13:09:32		tpl_get_action() is deprecated. It was called from tpl_actionlink() in /var/www/html/inc/template.php:592 see devel:menus should be used instead!
2026-06-06 13:09:32		tpl_toolsevent() is deprecated. It was called from include() in /var/www/html/lib/tpl/arcadebasic/main.php:158 see devel:menus should be used instead!
2026-06-06 13:09:32		tpl_action() is deprecated. It was called from include() in /var/www/html/lib/tpl/arcadebasic/main.php:190 see devel:menus should be used instead!
2026-06-06 13:09:32		tpl_actionlink() is deprecated. It was called from tpl_action() in /var/www/html/inc/template.php:712 see devel:menus should be used instead!
2026-06-06 13:09:32		tpl_get_action() is deprecated. It was called from tpl_actionlink() in /var/www/html/inc/template.php:592 see devel:menus should be used instead!
2026-06-06 13:09:32		tpl_action() is deprecated. It was called from include() in /var/www/html/lib/tpl/arcadebasic/main.php:191 see devel:menus should be used instead!
2026-06-06 13:09:32		tpl_actionlink() is deprecated. It was called from tpl_action() in /var/www/html/inc/template.php:712 see devel:menus should be used instead!
2026-06-06 13:09:32		tpl_get_action() is deprecated. It was called from tpl_actionlink() in /var/www/html/inc/template.php:592 see devel:menus should be used instead!
2026-06-06 13:09:32		tpl_action() is deprecated. It was called from include() in /var/www/html/lib/tpl/arcadebasic/main.php:192 see devel:menus should be used instead!
2026-06-06 13:09:32		tpl_actionlink() is deprecated. It was called from tpl_action() in /var/www/html/inc/template.php:712 see devel:menus should be used instead!
2026-06-06 13:09:32		tpl_get_action() is deprecated. It was called from tpl_actionlink() in /var/www/html/inc/template.php:592 see devel:menus should be used instead!
2026-06-06 13:09:32		tpl_toolsevent() is deprecated. It was called from include() in /var/www/html/lib/tpl/arcadebasic/main.php:187 see devel:menus should be used instead!
2026-06-06 13:09:32		tpl_action() is deprecated. It was called from include() in /var/www/html/lib/tpl/arcadebasic/main.php:203 see devel:menus should be used instead!
2026-06-06 13:09:32		tpl_actionlink() is deprecated. It was called from tpl_action() in /var/www/html/inc/template.php:712 see devel:menus should be used instead!
2026-06-06 13:09:32		tpl_get_action() is deprecated. It was called from tpl_actionlink() in /var/www/html/inc/template.php:592 see devel:menus should be used instead!
2026-06-06 13:09:32		tpl_action() is deprecated. It was called from include() in /var/www/html/lib/tpl/arcadebasic/main.php:204 see devel:menus should be used instead!
2026-06-06 13:09:32		tpl_actionlink() is deprecated. It was called from tpl_action() in /var/www/html/inc/template.php:712 see devel:menus should be used instead!
2026-06-06 13:09:32		tpl_get_action() is deprecated. It was called from tpl_actionlink() in /var/www/html/inc/template.php:592 see devel:menus should be used instead!
2026-06-06 13:09:32		tpl_action() is deprecated. It was called from include() in /var/www/html/lib/tpl/arcadebasic/main.php:205 see devel:menus should be used instead!
2026-06-06 13:09:32		tpl_actionlink() is deprecated. It was called from tpl_action() in /var/www/html/inc/template.php:712 see devel:menus should be used instead!
2026-06-06 13:09:32		tpl_get_action() is deprecated. It was called from tpl_actionlink() in /var/www/html/inc/template.php:592 see devel:menus should be used instead!
2026-06-06 13:09:32		tpl_toolsevent() is deprecated. It was called from include() in /var/www/html/lib/tpl/arcadebasic/main.php:202 see devel:menus should be used instead!
2026-06-06 13:14:21		tpl_action() is deprecated. It was called from include() in /var/www/html/lib/tpl/arcadebasic/main.php:159 see devel:menus should be used instead!
2026-06-06 13:14:21		tpl_actionlink() is deprecated. It was called from tpl_action() in /var/www/html/inc/template.php:712 see devel:menus should be used instead!
2026-06-06 13:14:21		tpl_get_action() is deprecated. It was called from tpl_actionlink() in /var/www/html/inc/template.php:592 see devel:menus should be used instead!
2026-06-06 13:14:21		tpl_toolsevent() is deprecated. It was called from include() in /var/www/html/lib/tpl/arcadebasic/main.php:158 see devel:menus should be used instead!
2026-06-06 13:14:21		tpl_action() is deprecated. It was called from include() in /var/www/html/lib/tpl/arcadebasic/main.php:190 see devel:menus should be used instead!
2026-06-06 13:14:21		tpl_actionlink() is deprecated. It was called from tpl_action() in /var/www/html/inc/template.php:712 see devel:menus should be used instead!
2026-06-06 13:14:21		tpl_get_action() is deprecated. It was called from tpl_actionlink() in /var/www/html/inc/template.php:592 see devel:menus should be used instead!
2026-06-06 13:14:21		tpl_action() is deprecated. It was called from include() in /var/www/html/lib/tpl/arcadebasic/main.php:191 see devel:menus should be used instead!
2026-06-06 13:14:21		tpl_actionlink() is deprecated. It was called from tpl_action() in /var/www/html/inc/template.php:712 see devel:menus should be used instead!
2026-06-06 13:14:21		tpl_get_action() is deprecated. It was called from tpl_actionlink() in /var/www/html/inc/template.php:592 see devel:menus should be used instead!
2026-06-06 13:14:21		tpl_action() is deprecated. It was called from include() in /var/www/html/lib/tpl/arcadebasic/main.php:192 see devel:menus should be used instead!
2026-06-06 13:14:21		tpl_actionlink() is deprecated. It was called from tpl_action() in /var/www/html/inc/template.php:712 see devel:menus should be used instead!
2026-06-06 13:14:21		tpl_get_action() is deprecated. It was called from tpl_actionlink() in /var/www/html/inc/template.php:592 see devel:menus should be used instead!
2026-06-06 13:14:21		tpl_toolsevent() is deprecated. It was called from include() in /var/www/html/lib/tpl/arcadebasic/main.php:187 see devel:menus should be used instead!
2026-06-06 13:14:21		tpl_action() is deprecated. It was called from include() in /var/www/html/lib/tpl/arcadebasic/main.php:203 see devel:menus should be used instead!
2026-06-06 13:14:21		tpl_actionlink() is deprecated. It was called from tpl_action() in /var/www/html/inc/template.php:712 see devel:menus should be used instead!
2026-06-06 13:14:21		tpl_get_action() is deprecated. It was called from tpl_actionlink() in /var/www/html/inc/template.php:592 see devel:menus should be used instead!
2026-06-06 13:14:21		tpl_action() is deprecated. It was called from include() in /var/www/html/lib/tpl/arcadebasic/main.php:204 see devel:menus should be used instead!
2026-06-06 13:14:21		tpl_actionlink() is deprecated. It was called from tpl_action() in /var/www/html/inc/template.php:712 see devel:menus should be used instead!
2026-06-06 13:14:21		tpl_get_action() is deprecated. It was called from tpl_actionlink() in /var/www/html/inc/template.php:592 see devel:menus should be used instead!
2026-06-06 13:14:21		tpl_action() is deprecated. It was called from include() in /var/www/html/lib/tpl/arcadebasic/main.php:205 see devel:menus should be used instead!
2026-06-06 13:14:21		tpl_actionlink() is deprecated. It was called from tpl_action() in /var/www/html/inc/template.php:712 see devel:menus should be used instead!
2026-06-06 13:14:21		tpl_get_action() is deprecated. It was called from tpl_actionlink() in /var/www/html/inc/template.php:592 see devel:menus should be used instead!
2026-06-06 13:14:21		tpl_toolsevent() is deprecated. It was called from include() in /var/www/html/lib/tpl/arcadebasic/main.php:202 see devel:menus should be used instead!
2026-06-06 13:17:29		tpl_action() is deprecated. It was called from include() in /var/www/html/lib/tpl/arcadebasic/main.php:159 see devel:menus should be used instead!
2026-06-06 13:17:29		tpl_actionlink() is deprecated. It was called from tpl_action() in /var/www/html/inc/template.php:712 see devel:menus should be used instead!
2026-06-06 13:17:29		tpl_get_action() is deprecated. It was called from tpl_actionlink() in /var/www/html/inc/template.php:592 see devel:menus should be used instead!
2026-06-06 13:17:29		tpl_toolsevent() is deprecated. It was called from include() in /var/www/html/lib/tpl/arcadebasic/main.php:158 see devel:menus should be used instead!
2026-06-06 13:17:29		tpl_action() is deprecated. It was called from include() in /var/www/html/lib/tpl/arcadebasic/main.php:190 see devel:menus should be used instead!
2026-06-06 13:17:29		tpl_actionlink() is deprecated. It was called from tpl_action() in /var/www/html/inc/template.php:712 see devel:menus should be used instead!
2026-06-06 13:17:29		tpl_get_action() is deprecated. It was called from tpl_actionlink() in /var/www/html/inc/template.php:592 see devel:menus should be used instead!
2026-06-06 13:17:29		tpl_action() is deprecated. It was called from include() in /var/www/html/lib/tpl/arcadebasic/main.php:191 see devel:menus should be used instead!
2026-06-06 13:17:29		tpl_actionlink() is deprecated. It was called from tpl_action() in /var/www/html/inc/template.php:712 see devel:menus should be used instead!
2026-06-06 13:17:29		tpl_get_action() is deprecated. It was called from tpl_actionlink() in /var/www/html/inc/template.php:592 see devel:menus should be used instead!
2026-06-06 13:17:29		tpl_action() is deprecated. It was called from include() in /var/www/html/lib/tpl/arcadebasic/main.php:192 see devel:menus should be used instead!
2026-06-06 13:17:29		tpl_actionlink() is deprecated. It was called from tpl_action() in /var/www/html/inc/template.php:712 see devel:menus should be used instead!
2026-06-06 13:17:29		tpl_get_action() is deprecated. It was called from tpl_actionlink() in /var/www/html/inc/template.php:592 see devel:menus should be used instead!
2026-06-06 13:17:29		tpl_toolsevent() is deprecated. It was called from include() in /var/www/html/lib/tpl/arcadebasic/main.php:187 see devel:menus should be used instead!
2026-06-06 13:17:29		tpl_action() is deprecated. It was called from include() in /var/www/html/lib/tpl/arcadebasic/main.php:203 see devel:menus should be used instead!
2026-06-06 13:17:29		tpl_actionlink() is deprecated. It was called from tpl_action() in /var/www/html/inc/template.php:712 see devel:menus should be used instead!
2026-06-06 13:17:29		tpl_get_action() is deprecated. It was called from tpl_actionlink() in /var/www/html/inc/template.php:592 see devel:menus should be used instead!
2026-06-06 13:17:29		tpl_action() is deprecated. It was called from include() in /var/www/html/lib/tpl/arcadebasic/main.php:204 see devel:menus should be used instead!
2026-06-06 13:17:29		tpl_actionlink() is deprecated. It was called from tpl_action() in /var/www/html/inc/template.php:712 see devel:menus should be used instead!
2026-06-06 13:17:29		tpl_get_action() is deprecated. It was called from tpl_actionlink() in /var/www/html/inc/template.php:592 see devel:menus should be used instead!
2026-06-06 13:17:29		tpl_action() is deprecated. It was called from include() in /var/www/html/lib/tpl/arcadebasic/main.php:205 see devel:menus should be used instead!
2026-06-06 13:17:29		tpl_actionlink() is deprecated. It was called from tpl_action() in /var/www/html/inc/template.php:712 see devel:menus should be used instead!
2026-06-06 13:17:29		tpl_get_action() is deprecated. It was called from tpl_actionlink() in /var/www/html/inc/template.php:592 see devel:menus should be used instead!
2026-06-06 13:17:29		tpl_toolsevent() is deprecated. It was called from include() in /var/www/html/lib/tpl/arcadebasic/main.php:202 see devel:menus should be used instead!
2026-06-06 13:17:54		tpl_action() is deprecated. It was called from include() in /var/www/html/lib/tpl/arcadebasic/main.php:159 see devel:menus should be used instead!
2026-06-06 13:17:54		tpl_actionlink() is deprecated. It was called from tpl_action() in /var/www/html/inc/template.php:712 see devel:menus should be used instead!
2026-06-06 13:17:54		tpl_get_action() is deprecated. It was called from tpl_actionlink() in /var/www/html/inc/template.php:592 see devel:menus should be used instead!
2026-06-06 13:17:54		tpl_toolsevent() is deprecated. It was called from include() in /var/www/html/lib/tpl/arcadebasic/main.php:158 see devel:menus should be used instead!
2026-06-06 13:17:54		tpl_action() is deprecated. It was called from include() in /var/www/html/lib/tpl/arcadebasic/main.php:190 see devel:menus should be used instead!
2026-06-06 13:17:54		tpl_actionlink() is deprecated. It was called from tpl_action() in /var/www/html/inc/template.php:712 see devel:menus should be used instead!
2026-06-06 13:17:54		tpl_get_action() is deprecated. It was called from tpl_actionlink() in /var/www/html/inc/template.php:592 see devel:menus should be used instead!
2026-06-06 13:17:54		tpl_action() is deprecated. It was called from include() in /var/www/html/lib/tpl/arcadebasic/main.php:191 see devel:menus should be used instead!
2026-06-06 13:17:54		tpl_actionlink() is deprecated. It was called from tpl_action() in /var/www/html/inc/template.php:712 see devel:menus should be used instead!
2026-06-06 13:17:54		tpl_get_action() is deprecated. It was called from tpl_actionlink() in /var/www/html/inc/template.php:592 see devel:menus should be used instead!
2026-06-06 13:17:54		tpl_action() is deprecated. It was called from include() in /var/www/html/lib/tpl/arcadebasic/main.php:192 see devel:menus should be used instead!
2026-06-06 13:17:54		tpl_actionlink() is deprecated. It was called from tpl_action() in /var/www/html/inc/template.php:712 see devel:menus should be used instead!
2026-06-06 13:17:54		tpl_get_action() is deprecated. It was called from tpl_actionlink() in /var/www/html/inc/template.php:592 see devel:menus should be used instead!
2026-06-06 13:17:54		tpl_toolsevent() is deprecated. It was called from include() in /var/www/html/lib/tpl/arcadebasic/main.php:187 see devel:menus should be used instead!
2026-06-06 13:17:54		tpl_action() is deprecated. It was called from include() in /var/www/html/lib/tpl/arcadebasic/main.php:203 see devel:menus should be used instead!
2026-06-06 13:17:54		tpl_actionlink() is deprecated. It was called from tpl_action() in /var/www/html/inc/template.php:712 see devel:menus should be used instead!
2026-06-06 13:17:54		tpl_get_action() is deprecated. It was called from tpl_actionlink() in /var/www/html/inc/template.php:592 see devel:menus should be used instead!
2026-06-06 13:17:54		tpl_action() is deprecated. It was called from include() in /var/www/html/lib/tpl/arcadebasic/main.php:204 see devel:menus should be used instead!
2026-06-06 13:17:54		tpl_actionlink() is deprecated. It was called from tpl_action() in /var/www/html/inc/template.php:712 see devel:menus should be used instead!
2026-06-06 13:17:54		tpl_get_action() is deprecated. It was called from tpl_actionlink() in /var/www/html/inc/template.php:592 see devel:menus should be used instead!
2026-06-06 13:17:54		tpl_action() is deprecated. It was called from include() in /var/www/html/lib/tpl/arcadebasic/main.php:205 see devel:menus should be used instead!
2026-06-06 13:17:54		tpl_actionlink() is deprecated. It was called from tpl_action() in /var/www/html/inc/template.php:712 see devel:menus should be used instead!
2026-06-06 13:17:54		tpl_get_action() is deprecated. It was called from tpl_actionlink() in /var/www/html/inc/template.php:592 see devel:menus should be used instead!
2026-06-06 13:17:54		tpl_toolsevent() is deprecated. It was called from include() in /var/www/html/lib/tpl/arcadebasic/main.php:202 see devel:menus should be used instead!
2026-06-06 13:26:25		tpl_action() is deprecated. It was called from include() in /var/www/html/lib/tpl/arcadebasic/main.php:159 see devel:menus should be used instead!
2026-06-06 13:26:25		tpl_actionlink() is deprecated. It was called from tpl_action() in /var/www/html/inc/template.php:712 see devel:menus should be used instead!
2026-06-06 13:26:25		tpl_get_action() is deprecated. It was called from tpl_actionlink() in /var/www/html/inc/template.php:592 see devel:menus should be used instead!
2026-06-06 13:26:25		tpl_toolsevent() is deprecated. It was called from include() in /var/www/html/lib/tpl/arcadebasic/main.php:158 see devel:menus should be used instead!
2026-06-06 13:26:25		tpl_action() is deprecated. It was called from include() in /var/www/html/lib/tpl/arcadebasic/main.php:190 see devel:menus should be used instead!
2026-06-06 13:26:25		tpl_actionlink() is deprecated. It was called from tpl_action() in /var/www/html/inc/template.php:712 see devel:menus should be used instead!
2026-06-06 13:26:25		tpl_get_action() is deprecated. It was called from tpl_actionlink() in /var/www/html/inc/template.php:592 see devel:menus should be used instead!
2026-06-06 13:26:25		tpl_action() is deprecated. It was called from include() in /var/www/html/lib/tpl/arcadebasic/main.php:191 see devel:menus should be used instead!
2026-06-06 13:26:25		tpl_actionlink() is deprecated. It was called from tpl_action() in /var/www/html/inc/template.php:712 see devel:menus should be used instead!
2026-06-06 13:26:25		tpl_get_action() is deprecated. It was called from tpl_actionlink() in /var/www/html/inc/template.php:592 see devel:menus should be used instead!
2026-06-06 13:26:25		tpl_action() is deprecated. It was called from include() in /var/www/html/lib/tpl/arcadebasic/main.php:192 see devel:menus should be used instead!
2026-06-06 13:26:25		tpl_actionlink() is deprecated. It was called from tpl_action() in /var/www/html/inc/template.php:712 see devel:menus should be used instead!
2026-06-06 13:26:25		tpl_get_action() is deprecated. It was called from tpl_actionlink() in /var/www/html/inc/template.php:592 see devel:menus should be used instead!
2026-06-06 13:26:25		tpl_toolsevent() is deprecated. It was called from include() in /var/www/html/lib/tpl/arcadebasic/main.php:187 see devel:menus should be used instead!
2026-06-06 13:26:25		tpl_action() is deprecated. It was called from include() in /var/www/html/lib/tpl/arcadebasic/main.php:203 see devel:menus should be used instead!
2026-06-06 13:26:25		tpl_actionlink() is deprecated. It was called from tpl_action() in /var/www/html/inc/template.php:712 see devel:menus should be used instead!
2026-06-06 13:26:25		tpl_get_action() is deprecated. It was called from tpl_actionlink() in /var/www/html/inc/template.php:592 see devel:menus should be used instead!
2026-06-06 13:26:25		tpl_action() is deprecated. It was called from include() in /var/www/html/lib/tpl/arcadebasic/main.php:204 see devel:menus should be used instead!
2026-06-06 13:26:25		tpl_actionlink() is deprecated. It was called from tpl_action() in /var/www/html/inc/template.php:712 see devel:menus should be used instead!
2026-06-06 13:26:25		tpl_get_action() is deprecated. It was called from tpl_actionlink() in /var/www/html/inc/template.php:592 see devel:menus should be used instead!
2026-06-06 13:26:25		tpl_action() is deprecated. It was called from include() in /var/www/html/lib/tpl/arcadebasic/main.php:205 see devel:menus should be used instead!
2026-06-06 13:26:25		tpl_actionlink() is deprecated. It was called from tpl_action() in /var/www/html/inc/template.php:712 see devel:menus should be used instead!
2026-06-06 13:26:25		tpl_get_action() is deprecated. It was called from tpl_actionlink() in /var/www/html/inc/template.php:592 see devel:menus should be used instead!
2026-06-06 13:26:25		tpl_toolsevent() is deprecated. It was called from include() in /var/www/html/lib/tpl/arcadebasic/main.php:202 see devel:menus should be used instead!
2026-06-06 13:33:18		require_once() is deprecated. It was called from require() in /var/www/html/lib/plugins/imagebox/syntax.php:9 Autoloading should be used instead!
2026-06-06 13:33:18		tpl_action() is deprecated. It was called from include() in /var/www/html/lib/tpl/arcadebasic/main.php:159 see devel:menus should be used instead!
2026-06-06 13:33:18		tpl_actionlink() is deprecated. It was called from tpl_action() in /var/www/html/inc/template.php:712 see devel:menus should be used instead!
2026-06-06 13:33:18		tpl_get_action() is deprecated. It was called from tpl_actionlink() in /var/www/html/inc/template.php:592 see devel:menus should be used instead!
2026-06-06 13:33:18		tpl_toolsevent() is deprecated. It was called from include() in /var/www/html/lib/tpl/arcadebasic/main.php:158 see devel:menus should be used instead!
2026-06-06 13:33:18		tpl_action() is deprecated. It was called from include() in /var/www/html/lib/tpl/arcadebasic/main.php:190 see devel:menus should be used instead!
2026-06-06 13:33:18		tpl_actionlink() is deprecated. It was called from tpl_action() in /var/www/html/inc/template.php:712 see devel:menus should be used instead!
2026-06-06 13:33:18		tpl_get_action() is deprecated. It was called from tpl_actionlink() in /var/www/html/inc/template.php:592 see devel:menus should be used instead!
2026-06-06 13:33:18		tpl_action() is deprecated. It was called from include() in /var/www/html/lib/tpl/arcadebasic/main.php:191 see devel:menus should be used instead!
2026-06-06 13:33:18		tpl_actionlink() is deprecated. It was called from tpl_action() in /var/www/html/inc/template.php:712 see devel:menus should be used instead!
2026-06-06 13:33:18		tpl_get_action() is deprecated. It was called from tpl_actionlink() in /var/www/html/inc/template.php:592 see devel:menus should be used instead!
2026-06-06 13:33:18		tpl_action() is deprecated. It was called from include() in /var/www/html/lib/tpl/arcadebasic/main.php:192 see devel:menus should be used instead!
2026-06-06 13:33:18		tpl_actionlink() is deprecated. It was called from tpl_action() in /var/www/html/inc/template.php:712 see devel:menus should be used instead!
2026-06-06 13:33:18		tpl_get_action() is deprecated. It was called from tpl_actionlink() in /var/www/html/inc/template.php:592 see devel:menus should be used instead!
2026-06-06 13:33:18		tpl_toolsevent() is deprecated. It was called from include() in /var/www/html/lib/tpl/arcadebasic/main.php:187 see devel:menus should be used instead!
2026-06-06 13:33:18		tpl_action() is deprecated. It was called from include() in /var/www/html/lib/tpl/arcadebasic/main.php:203 see devel:menus should be used instead!
2026-06-06 13:33:18		tpl_actionlink() is deprecated. It was called from tpl_action() in /var/www/html/inc/template.php:712 see devel:menus should be used instead!
2026-06-06 13:33:18		tpl_get_action() is deprecated. It was called from tpl_actionlink() in /var/www/html/inc/template.php:592 see devel:menus should be used instead!
2026-06-06 13:33:18		tpl_action() is deprecated. It was called from include() in /var/www/html/lib/tpl/arcadebasic/main.php:204 see devel:menus should be used instead!
2026-06-06 13:33:18		tpl_actionlink() is deprecated. It was called from tpl_action() in /var/www/html/inc/template.php:712 see devel:menus should be used instead!
2026-06-06 13:33:18		tpl_get_action() is deprecated. It was called from tpl_actionlink() in /var/www/html/inc/template.php:592 see devel:menus should be used instead!
2026-06-06 13:33:18		tpl_action() is deprecated. It was called from include() in /var/www/html/lib/tpl/arcadebasic/main.php:205 see devel:menus should be used instead!
2026-06-06 13:33:18		tpl_actionlink() is deprecated. It was called from tpl_action() in /var/www/html/inc/template.php:712 see devel:menus should be used instead!
2026-06-06 13:33:18		tpl_get_action() is deprecated. It was called from tpl_actionlink() in /var/www/html/inc/template.php:592 see devel:menus should be used instead!
2026-06-06 13:33:18		tpl_toolsevent() is deprecated. It was called from include() in /var/www/html/lib/tpl/arcadebasic/main.php:202 see devel:menus should be used instead!
2026-06-06 13:45:12		tpl_action() is deprecated. It was called from include() in /var/www/html/lib/tpl/arcadebasic/main.php:159 see devel:menus should be used instead!
2026-06-06 13:45:12		tpl_actionlink() is deprecated. It was called from tpl_action() in /var/www/html/inc/template.php:712 see devel:menus should be used instead!
2026-06-06 13:45:12		tpl_get_action() is deprecated. It was called from tpl_actionlink() in /var/www/html/inc/template.php:592 see devel:menus should be used instead!
2026-06-06 13:45:12		tpl_toolsevent() is deprecated. It was called from include() in /var/www/html/lib/tpl/arcadebasic/main.php:158 see devel:menus should be used instead!
2026-06-06 13:45:12		tpl_action() is deprecated. It was called from include() in /var/www/html/lib/tpl/arcadebasic/main.php:190 see devel:menus should be used instead!
2026-06-06 13:45:12		tpl_actionlink() is deprecated. It was called from tpl_action() in /var/www/html/inc/template.php:712 see devel:menus should be used instead!
2026-06-06 13:45:12		tpl_get_action() is deprecated. It was called from tpl_actionlink() in /var/www/html/inc/template.php:592 see devel:menus should be used instead!
2026-06-06 13:45:12		tpl_action() is deprecated. It was called from include() in /var/www/html/lib/tpl/arcadebasic/main.php:191 see devel:menus should be used instead!
2026-06-06 13:45:12		tpl_actionlink() is deprecated. It was called from tpl_action() in /var/www/html/inc/template.php:712 see devel:menus should be used instead!
2026-06-06 13:45:12		tpl_get_action() is deprecated. It was called from tpl_actionlink() in /var/www/html/inc/template.php:592 see devel:menus should be used instead!
2026-06-06 13:45:12		tpl_action() is deprecated. It was called from include() in /var/www/html/lib/tpl/arcadebasic/main.php:192 see devel:menus should be used instead!
2026-06-06 13:45:12		tpl_actionlink() is deprecated. It was called from tpl_action() in /var/www/html/inc/template.php:712 see devel:menus should be used instead!
2026-06-06 13:45:12		tpl_get_action() is deprecated. It was called from tpl_actionlink() in /var/www/html/inc/template.php:592 see devel:menus should be used instead!
2026-06-06 13:45:12		tpl_toolsevent() is deprecated. It was called from include() in /var/www/html/lib/tpl/arcadebasic/main.php:187 see devel:menus should be used instead!
2026-06-06 13:45:12		tpl_action() is deprecated. It was called from include() in /var/www/html/lib/tpl/arcadebasic/main.php:203 see devel:menus should be used instead!
2026-06-06 13:45:12		tpl_actionlink() is deprecated. It was called from tpl_action() in /var/www/html/inc/template.php:712 see devel:menus should be used instead!
2026-06-06 13:45:12		tpl_get_action() is deprecated. It was called from tpl_actionlink() in /var/www/html/inc/template.php:592 see devel:menus should be used instead!
2026-06-06 13:45:12		tpl_action() is deprecated. It was called from include() in /var/www/html/lib/tpl/arcadebasic/main.php:204 see devel:menus should be used instead!
2026-06-06 13:45:12		tpl_actionlink() is deprecated. It was called from tpl_action() in /var/www/html/inc/template.php:712 see devel:menus should be used instead!
2026-06-06 13:45:12		tpl_get_action() is deprecated. It was called from tpl_actionlink() in /var/www/html/inc/template.php:592 see devel:menus should be used instead!
2026-06-06 13:45:12		tpl_action() is deprecated. It was called from include() in /var/www/html/lib/tpl/arcadebasic/main.php:205 see devel:menus should be used instead!
2026-06-06 13:45:12		tpl_actionlink() is deprecated. It was called from tpl_action() in /var/www/html/inc/template.php:712 see devel:menus should be used instead!
2026-06-06 13:45:12		tpl_get_action() is deprecated. It was called from tpl_actionlink() in /var/www/html/inc/template.php:592 see devel:menus should be used instead!
2026-06-06 13:45:12		tpl_toolsevent() is deprecated. It was called from include() in /var/www/html/lib/tpl/arcadebasic/main.php:202 see devel:menus should be used instead!
2026-06-06 13:53:07		require_once() is deprecated. It was called from require() in /var/www/html/lib/plugins/imagebox/syntax.php:9 Autoloading should be used instead!
2026-06-06 13:53:07		tpl_action() is deprecated. It was called from include() in /var/www/html/lib/tpl/arcadebasic/main.php:159 see devel:menus should be used instead!
2026-06-06 13:53:07		tpl_actionlink() is deprecated. It was called from tpl_action() in /var/www/html/inc/template.php:712 see devel:menus should be used instead!
2026-06-06 13:53:07		tpl_get_action() is deprecated. It was called from tpl_actionlink() in /var/www/html/inc/template.php:592 see devel:menus should be used instead!
2026-06-06 13:53:07		tpl_toolsevent() is deprecated. It was called from include() in /var/www/html/lib/tpl/arcadebasic/main.php:158 see devel:menus should be used instead!
2026-06-06 13:53:07		tpl_action() is deprecated. It was called from include() in /var/www/html/lib/tpl/arcadebasic/main.php:190 see devel:menus should be used instead!
2026-06-06 13:53:07		tpl_actionlink() is deprecated. It was called from tpl_action() in /var/www/html/inc/template.php:712 see devel:menus should be used instead!
2026-06-06 13:53:07		tpl_get_action() is deprecated. It was called from tpl_actionlink() in /var/www/html/inc/template.php:592 see devel:menus should be used instead!
2026-06-06 13:53:07		tpl_action() is deprecated. It was called from include() in /var/www/html/lib/tpl/arcadebasic/main.php:191 see devel:menus should be used instead!
2026-06-06 13:53:07		tpl_actionlink() is deprecated. It was called from tpl_action() in /var/www/html/inc/template.php:712 see devel:menus should be used instead!
2026-06-06 13:53:07		tpl_get_action() is deprecated. It was called from tpl_actionlink() in /var/www/html/inc/template.php:592 see devel:menus should be used instead!
2026-06-06 13:53:07		tpl_action() is deprecated. It was called from include() in /var/www/html/lib/tpl/arcadebasic/main.php:192 see devel:menus should be used instead!
2026-06-06 13:53:07		tpl_actionlink() is deprecated. It was called from tpl_action() in /var/www/html/inc/template.php:712 see devel:menus should be used instead!
2026-06-06 13:53:07		tpl_get_action() is deprecated. It was called from tpl_actionlink() in /var/www/html/inc/template.php:592 see devel:menus should be used instead!
2026-06-06 13:53:07		tpl_toolsevent() is deprecated. It was called from include() in /var/www/html/lib/tpl/arcadebasic/main.php:187 see devel:menus should be used instead!
2026-06-06 13:53:07		tpl_action() is deprecated. It was called from include() in /var/www/html/lib/tpl/arcadebasic/main.php:203 see devel:menus should be used instead!
2026-06-06 13:53:07		tpl_actionlink() is deprecated. It was called from tpl_action() in /var/www/html/inc/template.php:712 see devel:menus should be used instead!
2026-06-06 13:53:07		tpl_get_action() is deprecated. It was called from tpl_actionlink() in /var/www/html/inc/template.php:592 see devel:menus should be used instead!
2026-06-06 13:53:07		tpl_action() is deprecated. It was called from include() in /var/www/html/lib/tpl/arcadebasic/main.php:204 see devel:menus should be used instead!
2026-06-06 13:53:07		tpl_actionlink() is deprecated. It was called from tpl_action() in /var/www/html/inc/template.php:712 see devel:menus should be used instead!
2026-06-06 13:53:07		tpl_get_action() is deprecated. It was called from tpl_actionlink() in /var/www/html/inc/template.php:592 see devel:menus should be used instead!
2026-06-06 13:53:07		tpl_action() is deprecated. It was called from include() in /var/www/html/lib/tpl/arcadebasic/main.php:205 see devel:menus should be used instead!
2026-06-06 13:53:07		tpl_actionlink() is deprecated. It was called from tpl_action() in /var/www/html/inc/template.php:712 see devel:menus should be used instead!
2026-06-06 13:53:07		tpl_get_action() is deprecated. It was called from tpl_actionlink() in /var/www/html/inc/template.php:592 see devel:menus should be used instead!
2026-06-06 13:53:07		tpl_toolsevent() is deprecated. It was called from include() in /var/www/html/lib/tpl/arcadebasic/main.php:202 see devel:menus should be used instead!
2026-06-06 14:17:21		tpl_action() is deprecated. It was called from include() in /var/www/html/lib/tpl/arcadebasic/main.php:159 see devel:menus should be used instead!
2026-06-06 14:17:21		tpl_actionlink() is deprecated. It was called from tpl_action() in /var/www/html/inc/template.php:712 see devel:menus should be used instead!
2026-06-06 14:17:21		tpl_get_action() is deprecated. It was called from tpl_actionlink() in /var/www/html/inc/template.php:592 see devel:menus should be used instead!
2026-06-06 14:17:21		tpl_toolsevent() is deprecated. It was called from include() in /var/www/html/lib/tpl/arcadebasic/main.php:158 see devel:menus should be used instead!
2026-06-06 14:17:21		tpl_action() is deprecated. It was called from include() in /var/www/html/lib/tpl/arcadebasic/main.php:190 see devel:menus should be used instead!
2026-06-06 14:17:21		tpl_actionlink() is deprecated. It was called from tpl_action() in /var/www/html/inc/template.php:712 see devel:menus should be used instead!
2026-06-06 14:17:21		tpl_get_action() is deprecated. It was called from tpl_actionlink() in /var/www/html/inc/template.php:592 see devel:menus should be used instead!
2026-06-06 14:17:21		tpl_action() is deprecated. It was called from include() in /var/www/html/lib/tpl/arcadebasic/main.php:191 see devel:menus should be used instead!
2026-06-06 14:17:21		tpl_actionlink() is deprecated. It was called from tpl_action() in /var/www/html/inc/template.php:712 see devel:menus should be used instead!
2026-06-06 14:17:21		tpl_get_action() is deprecated. It was called from tpl_actionlink() in /var/www/html/inc/template.php:592 see devel:menus should be used instead!
2026-06-06 14:17:21		tpl_action() is deprecated. It was called from include() in /var/www/html/lib/tpl/arcadebasic/main.php:192 see devel:menus should be used instead!
2026-06-06 14:17:21		tpl_actionlink() is deprecated. It was called from tpl_action() in /var/www/html/inc/template.php:712 see devel:menus should be used instead!
2026-06-06 14:17:21		tpl_get_action() is deprecated. It was called from tpl_actionlink() in /var/www/html/inc/template.php:592 see devel:menus should be used instead!
2026-06-06 14:17:21		tpl_toolsevent() is deprecated. It was called from include() in /var/www/html/lib/tpl/arcadebasic/main.php:187 see devel:menus should be used instead!
2026-06-06 14:17:21		tpl_action() is deprecated. It was called from include() in /var/www/html/lib/tpl/arcadebasic/main.php:203 see devel:menus should be used instead!
2026-06-06 14:17:21		tpl_actionlink() is deprecated. It was called from tpl_action() in /var/www/html/inc/template.php:712 see devel:menus should be used instead!
2026-06-06 14:17:21		tpl_get_action() is deprecated. It was called from tpl_actionlink() in /var/www/html/inc/template.php:592 see devel:menus should be used instead!
2026-06-06 14:17:21		tpl_action() is deprecated. It was called from include() in /var/www/html/lib/tpl/arcadebasic/main.php:204 see devel:menus should be used instead!
2026-06-06 14:17:21		tpl_actionlink() is deprecated. It was called from tpl_action() in /var/www/html/inc/template.php:712 see devel:menus should be used instead!
2026-06-06 14:17:21		tpl_get_action() is deprecated. It was called from tpl_actionlink() in /var/www/html/inc/template.php:592 see devel:menus should be used instead!
2026-06-06 14:17:21		tpl_action() is deprecated. It was called from include() in /var/www/html/lib/tpl/arcadebasic/main.php:205 see devel:menus should be used instead!
2026-06-06 14:17:21		tpl_actionlink() is deprecated. It was called from tpl_action() in /var/www/html/inc/template.php:712 see devel:menus should be used instead!
2026-06-06 14:17:21		tpl_get_action() is deprecated. It was called from tpl_actionlink() in /var/www/html/inc/template.php:592 see devel:menus should be used instead!
2026-06-06 14:17:21		tpl_toolsevent() is deprecated. It was called from include() in /var/www/html/lib/tpl/arcadebasic/main.php:202 see devel:menus should be used instead!
2026-06-06 14:46:32		tpl_action() is deprecated. It was called from include() in /var/www/html/lib/tpl/arcadebasic/main.php:159 see devel:menus should be used instead!
2026-06-06 14:46:32		tpl_actionlink() is deprecated. It was called from tpl_action() in /var/www/html/inc/template.php:712 see devel:menus should be used instead!
2026-06-06 14:46:32		tpl_get_action() is deprecated. It was called from tpl_actionlink() in /var/www/html/inc/template.php:592 see devel:menus should be used instead!
2026-06-06 14:46:32		tpl_toolsevent() is deprecated. It was called from include() in /var/www/html/lib/tpl/arcadebasic/main.php:158 see devel:menus should be used instead!
2026-06-06 14:46:32		tpl_action() is deprecated. It was called from include() in /var/www/html/lib/tpl/arcadebasic/main.php:190 see devel:menus should be used instead!
2026-06-06 14:46:32		tpl_actionlink() is deprecated. It was called from tpl_action() in /var/www/html/inc/template.php:712 see devel:menus should be used instead!
2026-06-06 14:46:32		tpl_get_action() is deprecated. It was called from tpl_actionlink() in /var/www/html/inc/template.php:592 see devel:menus should be used instead!
2026-06-06 14:46:32		tpl_action() is deprecated. It was called from include() in /var/www/html/lib/tpl/arcadebasic/main.php:191 see devel:menus should be used instead!
2026-06-06 14:46:32		tpl_actionlink() is deprecated. It was called from tpl_action() in /var/www/html/inc/template.php:712 see devel:menus should be used instead!
2026-06-06 14:46:32		tpl_get_action() is deprecated. It was called from tpl_actionlink() in /var/www/html/inc/template.php:592 see devel:menus should be used instead!
2026-06-06 14:46:32		tpl_action() is deprecated. It was called from include() in /var/www/html/lib/tpl/arcadebasic/main.php:192 see devel:menus should be used instead!
2026-06-06 14:46:32		tpl_actionlink() is deprecated. It was called from tpl_action() in /var/www/html/inc/template.php:712 see devel:menus should be used instead!
2026-06-06 14:46:32		tpl_get_action() is deprecated. It was called from tpl_actionlink() in /var/www/html/inc/template.php:592 see devel:menus should be used instead!
2026-06-06 14:46:32		tpl_toolsevent() is deprecated. It was called from include() in /var/www/html/lib/tpl/arcadebasic/main.php:187 see devel:menus should be used instead!
2026-06-06 14:46:32		tpl_action() is deprecated. It was called from include() in /var/www/html/lib/tpl/arcadebasic/main.php:203 see devel:menus should be used instead!
2026-06-06 14:46:32		tpl_actionlink() is deprecated. It was called from tpl_action() in /var/www/html/inc/template.php:712 see devel:menus should be used instead!
2026-06-06 14:46:32		tpl_get_action() is deprecated. It was called from tpl_actionlink() in /var/www/html/inc/template.php:592 see devel:menus should be used instead!
2026-06-06 14:46:32		tpl_action() is deprecated. It was called from include() in /var/www/html/lib/tpl/arcadebasic/main.php:204 see devel:menus should be used instead!
2026-06-06 14:46:32		tpl_actionlink() is deprecated. It was called from tpl_action() in /var/www/html/inc/template.php:712 see devel:menus should be used instead!
2026-06-06 14:46:32		tpl_get_action() is deprecated. It was called from tpl_actionlink() in /var/www/html/inc/template.php:592 see devel:menus should be used instead!
2026-06-06 14:46:32		tpl_action() is deprecated. It was called from include() in /var/www/html/lib/tpl/arcadebasic/main.php:205 see devel:menus should be used instead!
2026-06-06 14:46:32		tpl_actionlink() is deprecated. It was called from tpl_action() in /var/www/html/inc/template.php:712 see devel:menus should be used instead!
2026-06-06 14:46:32		tpl_get_action() is deprecated. It was called from tpl_actionlink() in /var/www/html/inc/template.php:592 see devel:menus should be used instead!
2026-06-06 14:46:32		tpl_toolsevent() is deprecated. It was called from include() in /var/www/html/lib/tpl/arcadebasic/main.php:202 see devel:menus should be used instead!
2026-06-06 14:55:40		require_once() is deprecated. It was called from require() in /var/www/html/lib/plugins/imagebox/syntax.php:9 Autoloading should be used instead!
2026-06-06 14:55:40		tpl_action() is deprecated. It was called from include() in /var/www/html/lib/tpl/arcadebasic/main.php:159 see devel:menus should be used instead!
2026-06-06 14:55:40		tpl_actionlink() is deprecated. It was called from tpl_action() in /var/www/html/inc/template.php:712 see devel:menus should be used instead!
2026-06-06 14:55:40		tpl_get_action() is deprecated. It was called from tpl_actionlink() in /var/www/html/inc/template.php:592 see devel:menus should be used instead!
2026-06-06 14:55:40		tpl_toolsevent() is deprecated. It was called from include() in /var/www/html/lib/tpl/arcadebasic/main.php:158 see devel:menus should be used instead!
2026-06-06 14:55:40		tpl_action() is deprecated. It was called from include() in /var/www/html/lib/tpl/arcadebasic/main.php:190 see devel:menus should be used instead!
2026-06-06 14:55:40		tpl_actionlink() is deprecated. It was called from tpl_action() in /var/www/html/inc/template.php:712 see devel:menus should be used instead!
2026-06-06 14:55:40		tpl_get_action() is deprecated. It was called from tpl_actionlink() in /var/www/html/inc/template.php:592 see devel:menus should be used instead!
2026-06-06 14:55:40		tpl_action() is deprecated. It was called from include() in /var/www/html/lib/tpl/arcadebasic/main.php:191 see devel:menus should be used instead!
2026-06-06 14:55:40		tpl_actionlink() is deprecated. It was called from tpl_action() in /var/www/html/inc/template.php:712 see devel:menus should be used instead!
2026-06-06 14:55:40		tpl_get_action() is deprecated. It was called from tpl_actionlink() in /var/www/html/inc/template.php:592 see devel:menus should be used instead!
2026-06-06 14:55:40		tpl_action() is deprecated. It was called from include() in /var/www/html/lib/tpl/arcadebasic/main.php:192 see devel:menus should be used instead!
2026-06-06 14:55:40		tpl_actionlink() is deprecated. It was called from tpl_action() in /var/www/html/inc/template.php:712 see devel:menus should be used instead!
2026-06-06 14:55:40		tpl_get_action() is deprecated. It was called from tpl_actionlink() in /var/www/html/inc/template.php:592 see devel:menus should be used instead!
2026-06-06 14:55:40		tpl_toolsevent() is deprecated. It was called from include() in /var/www/html/lib/tpl/arcadebasic/main.php:187 see devel:menus should be used instead!
2026-06-06 14:55:40		tpl_action() is deprecated. It was called from include() in /var/www/html/lib/tpl/arcadebasic/main.php:203 see devel:menus should be used instead!
2026-06-06 14:55:40		tpl_actionlink() is deprecated. It was called from tpl_action() in /var/www/html/inc/template.php:712 see devel:menus should be used instead!
2026-06-06 14:55:40		tpl_get_action() is deprecated. It was called from tpl_actionlink() in /var/www/html/inc/template.php:592 see devel:menus should be used instead!
2026-06-06 14:55:40		tpl_action() is deprecated. It was called from include() in /var/www/html/lib/tpl/arcadebasic/main.php:204 see devel:menus should be used instead!
2026-06-06 14:55:40		tpl_actionlink() is deprecated. It was called from tpl_action() in /var/www/html/inc/template.php:712 see devel:menus should be used instead!
2026-06-06 14:55:40		tpl_get_action() is deprecated. It was called from tpl_actionlink() in /var/www/html/inc/template.php:592 see devel:menus should be used instead!
2026-06-06 14:55:40		tpl_action() is deprecated. It was called from include() in /var/www/html/lib/tpl/arcadebasic/main.php:205 see devel:menus should be used instead!
2026-06-06 14:55:40		tpl_actionlink() is deprecated. It was called from tpl_action() in /var/www/html/inc/template.php:712 see devel:menus should be used instead!
2026-06-06 14:55:40		tpl_get_action() is deprecated. It was called from tpl_actionlink() in /var/www/html/inc/template.php:592 see devel:menus should be used instead!
2026-06-06 14:55:40		tpl_toolsevent() is deprecated. It was called from include() in /var/www/html/lib/tpl/arcadebasic/main.php:202 see devel:menus should be used instead!
2026-06-06 15:05:01		tpl_action() is deprecated. It was called from include() in /var/www/html/lib/tpl/arcadebasic/main.php:159 see devel:menus should be used instead!
2026-06-06 15:05:01		tpl_actionlink() is deprecated. It was called from tpl_action() in /var/www/html/inc/template.php:712 see devel:menus should be used instead!
2026-06-06 15:05:01		tpl_get_action() is deprecated. It was called from tpl_actionlink() in /var/www/html/inc/template.php:592 see devel:menus should be used instead!
2026-06-06 15:05:01		tpl_toolsevent() is deprecated. It was called from include() in /var/www/html/lib/tpl/arcadebasic/main.php:158 see devel:menus should be used instead!
2026-06-06 15:05:01		tpl_action() is deprecated. It was called from include() in /var/www/html/lib/tpl/arcadebasic/main.php:190 see devel:menus should be used instead!
2026-06-06 15:05:01		tpl_actionlink() is deprecated. It was called from tpl_action() in /var/www/html/inc/template.php:712 see devel:menus should be used instead!
2026-06-06 15:05:01		tpl_get_action() is deprecated. It was called from tpl_actionlink() in /var/www/html/inc/template.php:592 see devel:menus should be used instead!
2026-06-06 15:05:01		tpl_action() is deprecated. It was called from include() in /var/www/html/lib/tpl/arcadebasic/main.php:191 see devel:menus should be used instead!
2026-06-06 15:05:01		tpl_actionlink() is deprecated. It was called from tpl_action() in /var/www/html/inc/template.php:712 see devel:menus should be used instead!
2026-06-06 15:05:01		tpl_get_action() is deprecated. It was called from tpl_actionlink() in /var/www/html/inc/template.php:592 see devel:menus should be used instead!
2026-06-06 15:05:01		tpl_action() is deprecated. It was called from include() in /var/www/html/lib/tpl/arcadebasic/main.php:192 see devel:menus should be used instead!
2026-06-06 15:05:01		tpl_actionlink() is deprecated. It was called from tpl_action() in /var/www/html/inc/template.php:712 see devel:menus should be used instead!
2026-06-06 15:05:01		tpl_get_action() is deprecated. It was called from tpl_actionlink() in /var/www/html/inc/template.php:592 see devel:menus should be used instead!
2026-06-06 15:05:01		tpl_toolsevent() is deprecated. It was called from include() in /var/www/html/lib/tpl/arcadebasic/main.php:187 see devel:menus should be used instead!
2026-06-06 15:05:01		tpl_action() is deprecated. It was called from include() in /var/www/html/lib/tpl/arcadebasic/main.php:203 see devel:menus should be used instead!
2026-06-06 15:05:01		tpl_actionlink() is deprecated. It was called from tpl_action() in /var/www/html/inc/template.php:712 see devel:menus should be used instead!
2026-06-06 15:05:01		tpl_get_action() is deprecated. It was called from tpl_actionlink() in /var/www/html/inc/template.php:592 see devel:menus should be used instead!
2026-06-06 15:05:01		tpl_action() is deprecated. It was called from include() in /var/www/html/lib/tpl/arcadebasic/main.php:204 see devel:menus should be used instead!
2026-06-06 15:05:01		tpl_actionlink() is deprecated. It was called from tpl_action() in /var/www/html/inc/template.php:712 see devel:menus should be used instead!
2026-06-06 15:05:01		tpl_get_action() is deprecated. It was called from tpl_actionlink() in /var/www/html/inc/template.php:592 see devel:menus should be used instead!
2026-06-06 15:05:01		tpl_action() is deprecated. It was called from include() in /var/www/html/lib/tpl/arcadebasic/main.php:205 see devel:menus should be used instead!
2026-06-06 15:05:01		tpl_actionlink() is deprecated. It was called from tpl_action() in /var/www/html/inc/template.php:712 see devel:menus should be used instead!
2026-06-06 15:05:01		tpl_get_action() is deprecated. It was called from tpl_actionlink() in /var/www/html/inc/template.php:592 see devel:menus should be used instead!
2026-06-06 15:05:01		tpl_toolsevent() is deprecated. It was called from include() in /var/www/html/lib/tpl/arcadebasic/main.php:202 see devel:menus should be used instead!
2026-06-06 15:06:01		tpl_action() is deprecated. It was called from include() in /var/www/html/lib/tpl/arcadebasic/main.php:159 see devel:menus should be used instead!
2026-06-06 15:06:01		tpl_actionlink() is deprecated. It was called from tpl_action() in /var/www/html/inc/template.php:712 see devel:menus should be used instead!
2026-06-06 15:06:01		tpl_get_action() is deprecated. It was called from tpl_actionlink() in /var/www/html/inc/template.php:592 see devel:menus should be used instead!
2026-06-06 15:06:01		tpl_toolsevent() is deprecated. It was called from include() in /var/www/html/lib/tpl/arcadebasic/main.php:158 see devel:menus should be used instead!
2026-06-06 15:06:01		tpl_action() is deprecated. It was called from include() in /var/www/html/lib/tpl/arcadebasic/main.php:190 see devel:menus should be used instead!
2026-06-06 15:06:01		tpl_actionlink() is deprecated. It was called from tpl_action() in /var/www/html/inc/template.php:712 see devel:menus should be used instead!
2026-06-06 15:06:01		tpl_get_action() is deprecated. It was called from tpl_actionlink() in /var/www/html/inc/template.php:592 see devel:menus should be used instead!
2026-06-06 15:06:01		tpl_action() is deprecated. It was called from include() in /var/www/html/lib/tpl/arcadebasic/main.php:191 see devel:menus should be used instead!
2026-06-06 15:06:01		tpl_actionlink() is deprecated. It was called from tpl_action() in /var/www/html/inc/template.php:712 see devel:menus should be used instead!
2026-06-06 15:06:01		tpl_get_action() is deprecated. It was called from tpl_actionlink() in /var/www/html/inc/template.php:592 see devel:menus should be used instead!
2026-06-06 15:06:01		tpl_action() is deprecated. It was called from include() in /var/www/html/lib/tpl/arcadebasic/main.php:192 see devel:menus should be used instead!
2026-06-06 15:06:01		tpl_actionlink() is deprecated. It was called from tpl_action() in /var/www/html/inc/template.php:712 see devel:menus should be used instead!
2026-06-06 15:06:01		tpl_get_action() is deprecated. It was called from tpl_actionlink() in /var/www/html/inc/template.php:592 see devel:menus should be used instead!
2026-06-06 15:06:01		tpl_toolsevent() is deprecated. It was called from include() in /var/www/html/lib/tpl/arcadebasic/main.php:187 see devel:menus should be used instead!
2026-06-06 15:06:01		tpl_action() is deprecated. It was called from include() in /var/www/html/lib/tpl/arcadebasic/main.php:203 see devel:menus should be used instead!
2026-06-06 15:06:01		tpl_actionlink() is deprecated. It was called from tpl_action() in /var/www/html/inc/template.php:712 see devel:menus should be used instead!
2026-06-06 15:06:01		tpl_get_action() is deprecated. It was called from tpl_actionlink() in /var/www/html/inc/template.php:592 see devel:menus should be used instead!
2026-06-06 15:06:01		tpl_action() is deprecated. It was called from include() in /var/www/html/lib/tpl/arcadebasic/main.php:204 see devel:menus should be used instead!
2026-06-06 15:06:01		tpl_actionlink() is deprecated. It was called from tpl_action() in /var/www/html/inc/template.php:712 see devel:menus should be used instead!
2026-06-06 15:06:01		tpl_get_action() is deprecated. It was called from tpl_actionlink() in /var/www/html/inc/template.php:592 see devel:menus should be used instead!
2026-06-06 15:06:01		tpl_action() is deprecated. It was called from include() in /var/www/html/lib/tpl/arcadebasic/main.php:205 see devel:menus should be used instead!
2026-06-06 15:06:01		tpl_actionlink() is deprecated. It was called from tpl_action() in /var/www/html/inc/template.php:712 see devel:menus should be used instead!
2026-06-06 15:06:01		tpl_get_action() is deprecated. It was called from tpl_actionlink() in /var/www/html/inc/template.php:592 see devel:menus should be used instead!
2026-06-06 15:06:01		tpl_toolsevent() is deprecated. It was called from include() in /var/www/html/lib/tpl/arcadebasic/main.php:202 see devel:menus should be used instead!
2026-06-06 15:16:12		require_once() is deprecated. It was called from require() in /var/www/html/lib/plugins/imagebox/syntax.php:9 Autoloading should be used instead!
2026-06-06 15:16:12		Doku_Handler::_addCall() is deprecated. It was called from syntax_plugin_toctweak_autotoc::handle() in /var/www/html/lib/plugins/toctweak/syntax/autotoc.php:60 addCall should be used instead!
2026-06-06 15:16:12		tpl_action() is deprecated. It was called from include() in /var/www/html/lib/tpl/arcadebasic/main.php:159 see devel:menus should be used instead!
2026-06-06 15:16:12		tpl_actionlink() is deprecated. It was called from tpl_action() in /var/www/html/inc/template.php:712 see devel:menus should be used instead!
2026-06-06 15:16:12		tpl_get_action() is deprecated. It was called from tpl_actionlink() in /var/www/html/inc/template.php:592 see devel:menus should be used instead!
2026-06-06 15:16:12		tpl_toolsevent() is deprecated. It was called from include() in /var/www/html/lib/tpl/arcadebasic/main.php:158 see devel:menus should be used instead!
2026-06-06 15:16:12		tpl_action() is deprecated. It was called from include() in /var/www/html/lib/tpl/arcadebasic/main.php:190 see devel:menus should be used instead!
2026-06-06 15:16:12		tpl_actionlink() is deprecated. It was called from tpl_action() in /var/www/html/inc/template.php:712 see devel:menus should be used instead!
2026-06-06 15:16:12		tpl_get_action() is deprecated. It was called from tpl_actionlink() in /var/www/html/inc/template.php:592 see devel:menus should be used instead!
2026-06-06 15:16:12		tpl_action() is deprecated. It was called from include() in /var/www/html/lib/tpl/arcadebasic/main.php:191 see devel:menus should be used instead!
2026-06-06 15:16:12		tpl_actionlink() is deprecated. It was called from tpl_action() in /var/www/html/inc/template.php:712 see devel:menus should be used instead!
2026-06-06 15:16:12		tpl_get_action() is deprecated. It was called from tpl_actionlink() in /var/www/html/inc/template.php:592 see devel:menus should be used instead!
2026-06-06 15:16:12		tpl_action() is deprecated. It was called from include() in /var/www/html/lib/tpl/arcadebasic/main.php:192 see devel:menus should be used instead!
2026-06-06 15:16:12		tpl_actionlink() is deprecated. It was called from tpl_action() in /var/www/html/inc/template.php:712 see devel:menus should be used instead!
2026-06-06 15:16:12		tpl_get_action() is deprecated. It was called from tpl_actionlink() in /var/www/html/inc/template.php:592 see devel:menus should be used instead!
2026-06-06 15:16:12		tpl_toolsevent() is deprecated. It was called from include() in /var/www/html/lib/tpl/arcadebasic/main.php:187 see devel:menus should be used instead!
2026-06-06 15:16:12		tpl_action() is deprecated. It was called from include() in /var/www/html/lib/tpl/arcadebasic/main.php:203 see devel:menus should be used instead!
2026-06-06 15:16:12		tpl_actionlink() is deprecated. It was called from tpl_action() in /var/www/html/inc/template.php:712 see devel:menus should be used instead!
2026-06-06 15:16:12		tpl_get_action() is deprecated. It was called from tpl_actionlink() in /var/www/html/inc/template.php:592 see devel:menus should be used instead!
2026-06-06 15:16:12		tpl_action() is deprecated. It was called from include() in /var/www/html/lib/tpl/arcadebasic/main.php:204 see devel:menus should be used instead!
2026-06-06 15:16:12		tpl_actionlink() is deprecated. It was called from tpl_action() in /var/www/html/inc/template.php:712 see devel:menus should be used instead!
2026-06-06 15:16:12		tpl_get_action() is deprecated. It was called from tpl_actionlink() in /var/www/html/inc/template.php:592 see devel:menus should be used instead!
2026-06-06 15:16:12		tpl_action() is deprecated. It was called from include() in /var/www/html/lib/tpl/arcadebasic/main.php:205 see devel:menus should be used instead!
2026-06-06 15:16:12		tpl_actionlink() is deprecated. It was called from tpl_action() in /var/www/html/inc/template.php:712 see devel:menus should be used instead!
2026-06-06 15:16:12		tpl_get_action() is deprecated. It was called from tpl_actionlink() in /var/www/html/inc/template.php:592 see devel:menus should be used instead!
2026-06-06 15:16:12		tpl_toolsevent() is deprecated. It was called from include() in /var/www/html/lib/tpl/arcadebasic/main.php:202 see devel:menus should be used instead!
2026-06-06 15:25:19		require_once() is deprecated. It was called from require() in /var/www/html/lib/plugins/imagebox/syntax.php:9 Autoloading should be used instead!
2026-06-06 15:25:19		tpl_action() is deprecated. It was called from include() in /var/www/html/lib/tpl/arcadebasic/main.php:159 see devel:menus should be used instead!
2026-06-06 15:25:19		tpl_actionlink() is deprecated. It was called from tpl_action() in /var/www/html/inc/template.php:712 see devel:menus should be used instead!
2026-06-06 15:25:19		tpl_get_action() is deprecated. It was called from tpl_actionlink() in /var/www/html/inc/template.php:592 see devel:menus should be used instead!
2026-06-06 15:25:19		tpl_toolsevent() is deprecated. It was called from include() in /var/www/html/lib/tpl/arcadebasic/main.php:158 see devel:menus should be used instead!
2026-06-06 15:25:19		tpl_action() is deprecated. It was called from include() in /var/www/html/lib/tpl/arcadebasic/main.php:190 see devel:menus should be used instead!
2026-06-06 15:25:19		tpl_actionlink() is deprecated. It was called from tpl_action() in /var/www/html/inc/template.php:712 see devel:menus should be used instead!
2026-06-06 15:25:19		tpl_get_action() is deprecated. It was called from tpl_actionlink() in /var/www/html/inc/template.php:592 see devel:menus should be used instead!
2026-06-06 15:25:19		tpl_action() is deprecated. It was called from include() in /var/www/html/lib/tpl/arcadebasic/main.php:191 see devel:menus should be used instead!
2026-06-06 15:25:19		tpl_actionlink() is deprecated. It was called from tpl_action() in /var/www/html/inc/template.php:712 see devel:menus should be used instead!
2026-06-06 15:25:19		tpl_get_action() is deprecated. It was called from tpl_actionlink() in /var/www/html/inc/template.php:592 see devel:menus should be used instead!
2026-06-06 15:25:19		tpl_action() is deprecated. It was called from include() in /var/www/html/lib/tpl/arcadebasic/main.php:192 see devel:menus should be used instead!
2026-06-06 15:25:19		tpl_actionlink() is deprecated. It was called from tpl_action() in /var/www/html/inc/template.php:712 see devel:menus should be used instead!
2026-06-06 15:25:19		tpl_get_action() is deprecated. It was called from tpl_actionlink() in /var/www/html/inc/template.php:592 see devel:menus should be used instead!
2026-06-06 15:25:19		tpl_toolsevent() is deprecated. It was called from include() in /var/www/html/lib/tpl/arcadebasic/main.php:187 see devel:menus should be used instead!
2026-06-06 15:25:19		tpl_action() is deprecated. It was called from include() in /var/www/html/lib/tpl/arcadebasic/main.php:203 see devel:menus should be used instead!
2026-06-06 15:25:19		tpl_actionlink() is deprecated. It was called from tpl_action() in /var/www/html/inc/template.php:712 see devel:menus should be used instead!
2026-06-06 15:25:19		tpl_get_action() is deprecated. It was called from tpl_actionlink() in /var/www/html/inc/template.php:592 see devel:menus should be used instead!
2026-06-06 15:25:19		tpl_action() is deprecated. It was called from include() in /var/www/html/lib/tpl/arcadebasic/main.php:204 see devel:menus should be used instead!
2026-06-06 15:25:19		tpl_actionlink() is deprecated. It was called from tpl_action() in /var/www/html/inc/template.php:712 see devel:menus should be used instead!
2026-06-06 15:25:19		tpl_get_action() is deprecated. It was called from tpl_actionlink() in /var/www/html/inc/template.php:592 see devel:menus should be used instead!
2026-06-06 15:25:19		tpl_action() is deprecated. It was called from include() in /var/www/html/lib/tpl/arcadebasic/main.php:205 see devel:menus should be used instead!
2026-06-06 15:25:19		tpl_actionlink() is deprecated. It was called from tpl_action() in /var/www/html/inc/template.php:712 see devel:menus should be used instead!
2026-06-06 15:25:19		tpl_get_action() is deprecated. It was called from tpl_actionlink() in /var/www/html/inc/template.php:592 see devel:menus should be used instead!
2026-06-06 15:25:19		tpl_toolsevent() is deprecated. It was called from include() in /var/www/html/lib/tpl/arcadebasic/main.php:202 see devel:menus should be used instead!
2026-06-06 15:36:17		tpl_action() is deprecated. It was called from include() in /var/www/html/lib/tpl/arcadebasic/main.php:159 see devel:menus should be used instead!
2026-06-06 15:36:17		tpl_actionlink() is deprecated. It was called from tpl_action() in /var/www/html/inc/template.php:712 see devel:menus should be used instead!
2026-06-06 15:36:17		tpl_get_action() is deprecated. It was called from tpl_actionlink() in /var/www/html/inc/template.php:592 see devel:menus should be used instead!
2026-06-06 15:36:17		tpl_toolsevent() is deprecated. It was called from include() in /var/www/html/lib/tpl/arcadebasic/main.php:158 see devel:menus should be used instead!
2026-06-06 15:36:17		tpl_action() is deprecated. It was called from include() in /var/www/html/lib/tpl/arcadebasic/main.php:190 see devel:menus should be used instead!
2026-06-06 15:36:17		tpl_actionlink() is deprecated. It was called from tpl_action() in /var/www/html/inc/template.php:712 see devel:menus should be used instead!
2026-06-06 15:36:17		tpl_get_action() is deprecated. It was called from tpl_actionlink() in /var/www/html/inc/template.php:592 see devel:menus should be used instead!
2026-06-06 15:36:17		tpl_action() is deprecated. It was called from include() in /var/www/html/lib/tpl/arcadebasic/main.php:191 see devel:menus should be used instead!
2026-06-06 15:36:17		tpl_actionlink() is deprecated. It was called from tpl_action() in /var/www/html/inc/template.php:712 see devel:menus should be used instead!
2026-06-06 15:36:17		tpl_get_action() is deprecated. It was called from tpl_actionlink() in /var/www/html/inc/template.php:592 see devel:menus should be used instead!
2026-06-06 15:36:17		tpl_action() is deprecated. It was called from include() in /var/www/html/lib/tpl/arcadebasic/main.php:192 see devel:menus should be used instead!
2026-06-06 15:36:17		tpl_actionlink() is deprecated. It was called from tpl_action() in /var/www/html/inc/template.php:712 see devel:menus should be used instead!
2026-06-06 15:36:17		tpl_get_action() is deprecated. It was called from tpl_actionlink() in /var/www/html/inc/template.php:592 see devel:menus should be used instead!
2026-06-06 15:36:17		tpl_toolsevent() is deprecated. It was called from include() in /var/www/html/lib/tpl/arcadebasic/main.php:187 see devel:menus should be used instead!
2026-06-06 15:36:17		tpl_action() is deprecated. It was called from include() in /var/www/html/lib/tpl/arcadebasic/main.php:203 see devel:menus should be used instead!
2026-06-06 15:36:17		tpl_actionlink() is deprecated. It was called from tpl_action() in /var/www/html/inc/template.php:712 see devel:menus should be used instead!
2026-06-06 15:36:17		tpl_get_action() is deprecated. It was called from tpl_actionlink() in /var/www/html/inc/template.php:592 see devel:menus should be used instead!
2026-06-06 15:36:17		tpl_action() is deprecated. It was called from include() in /var/www/html/lib/tpl/arcadebasic/main.php:204 see devel:menus should be used instead!
2026-06-06 15:36:17		tpl_actionlink() is deprecated. It was called from tpl_action() in /var/www/html/inc/template.php:712 see devel:menus should be used instead!
2026-06-06 15:36:17		tpl_get_action() is deprecated. It was called from tpl_actionlink() in /var/www/html/inc/template.php:592 see devel:menus should be used instead!
2026-06-06 15:36:17		tpl_action() is deprecated. It was called from include() in /var/www/html/lib/tpl/arcadebasic/main.php:205 see devel:menus should be used instead!
2026-06-06 15:36:17		tpl_actionlink() is deprecated. It was called from tpl_action() in /var/www/html/inc/template.php:712 see devel:menus should be used instead!
2026-06-06 15:36:17		tpl_get_action() is deprecated. It was called from tpl_actionlink() in /var/www/html/inc/template.php:592 see devel:menus should be used instead!
2026-06-06 15:36:17		tpl_toolsevent() is deprecated. It was called from include() in /var/www/html/lib/tpl/arcadebasic/main.php:202 see devel:menus should be used instead!
2026-06-06 15:45:14		require_once() is deprecated. It was called from require() in /var/www/html/lib/plugins/imagebox/syntax.php:9 Autoloading should be used instead!
2026-06-06 15:45:14		tpl_action() is deprecated. It was called from include() in /var/www/html/lib/tpl/arcadebasic/main.php:159 see devel:menus should be used instead!
2026-06-06 15:45:14		tpl_actionlink() is deprecated. It was called from tpl_action() in /var/www/html/inc/template.php:712 see devel:menus should be used instead!
2026-06-06 15:45:14		tpl_get_action() is deprecated. It was called from tpl_actionlink() in /var/www/html/inc/template.php:592 see devel:menus should be used instead!
2026-06-06 15:45:14		tpl_toolsevent() is deprecated. It was called from include() in /var/www/html/lib/tpl/arcadebasic/main.php:158 see devel:menus should be used instead!
2026-06-06 15:45:14		tpl_action() is deprecated. It was called from include() in /var/www/html/lib/tpl/arcadebasic/main.php:190 see devel:menus should be used instead!
2026-06-06 15:45:14		tpl_actionlink() is deprecated. It was called from tpl_action() in /var/www/html/inc/template.php:712 see devel:menus should be used instead!
2026-06-06 15:45:14		tpl_get_action() is deprecated. It was called from tpl_actionlink() in /var/www/html/inc/template.php:592 see devel:menus should be used instead!
2026-06-06 15:45:14		tpl_action() is deprecated. It was called from include() in /var/www/html/lib/tpl/arcadebasic/main.php:191 see devel:menus should be used instead!
2026-06-06 15:45:14		tpl_actionlink() is deprecated. It was called from tpl_action() in /var/www/html/inc/template.php:712 see devel:menus should be used instead!
2026-06-06 15:45:14		tpl_get_action() is deprecated. It was called from tpl_actionlink() in /var/www/html/inc/template.php:592 see devel:menus should be used instead!
2026-06-06 15:45:14		tpl_action() is deprecated. It was called from include() in /var/www/html/lib/tpl/arcadebasic/main.php:192 see devel:menus should be used instead!
2026-06-06 15:45:14		tpl_actionlink() is deprecated. It was called from tpl_action() in /var/www/html/inc/template.php:712 see devel:menus should be used instead!
2026-06-06 15:45:14		tpl_get_action() is deprecated. It was called from tpl_actionlink() in /var/www/html/inc/template.php:592 see devel:menus should be used instead!
2026-06-06 15:45:14		tpl_toolsevent() is deprecated. It was called from include() in /var/www/html/lib/tpl/arcadebasic/main.php:187 see devel:menus should be used instead!
2026-06-06 15:45:14		tpl_action() is deprecated. It was called from include() in /var/www/html/lib/tpl/arcadebasic/main.php:203 see devel:menus should be used instead!
2026-06-06 15:45:14		tpl_actionlink() is deprecated. It was called from tpl_action() in /var/www/html/inc/template.php:712 see devel:menus should be used instead!
2026-06-06 15:45:14		tpl_get_action() is deprecated. It was called from tpl_actionlink() in /var/www/html/inc/template.php:592 see devel:menus should be used instead!
2026-06-06 15:45:14		tpl_action() is deprecated. It was called from include() in /var/www/html/lib/tpl/arcadebasic/main.php:204 see devel:menus should be used instead!
2026-06-06 15:45:14		tpl_actionlink() is deprecated. It was called from tpl_action() in /var/www/html/inc/template.php:712 see devel:menus should be used instead!
2026-06-06 15:45:14		tpl_get_action() is deprecated. It was called from tpl_actionlink() in /var/www/html/inc/template.php:592 see devel:menus should be used instead!
2026-06-06 15:45:14		tpl_action() is deprecated. It was called from include() in /var/www/html/lib/tpl/arcadebasic/main.php:205 see devel:menus should be used instead!
2026-06-06 15:45:14		tpl_actionlink() is deprecated. It was called from tpl_action() in /var/www/html/inc/template.php:712 see devel:menus should be used instead!
2026-06-06 15:45:14		tpl_get_action() is deprecated. It was called from tpl_actionlink() in /var/www/html/inc/template.php:592 see devel:menus should be used instead!
2026-06-06 15:45:14		tpl_toolsevent() is deprecated. It was called from include() in /var/www/html/lib/tpl/arcadebasic/main.php:202 see devel:menus should be used instead!
2026-06-06 15:55:31		require_once() is deprecated. It was called from require() in /var/www/html/lib/plugins/imagebox/syntax.php:9 Autoloading should be used instead!
2026-06-06 15:55:31		tpl_action() is deprecated. It was called from include() in /var/www/html/lib/tpl/arcadebasic/main.php:159 see devel:menus should be used instead!
2026-06-06 15:55:31		tpl_actionlink() is deprecated. It was called from tpl_action() in /var/www/html/inc/template.php:712 see devel:menus should be used instead!
2026-06-06 15:55:31		tpl_get_action() is deprecated. It was called from tpl_actionlink() in /var/www/html/inc/template.php:592 see devel:menus should be used instead!
2026-06-06 15:55:31		tpl_toolsevent() is deprecated. It was called from include() in /var/www/html/lib/tpl/arcadebasic/main.php:158 see devel:menus should be used instead!
2026-06-06 15:55:31		tpl_action() is deprecated. It was called from include() in /var/www/html/lib/tpl/arcadebasic/main.php:190 see devel:menus should be used instead!
2026-06-06 15:55:31		tpl_actionlink() is deprecated. It was called from tpl_action() in /var/www/html/inc/template.php:712 see devel:menus should be used instead!
2026-06-06 15:55:31		tpl_get_action() is deprecated. It was called from tpl_actionlink() in /var/www/html/inc/template.php:592 see devel:menus should be used instead!
2026-06-06 15:55:31		tpl_action() is deprecated. It was called from include() in /var/www/html/lib/tpl/arcadebasic/main.php:191 see devel:menus should be used instead!
2026-06-06 15:55:31		tpl_actionlink() is deprecated. It was called from tpl_action() in /var/www/html/inc/template.php:712 see devel:menus should be used instead!
2026-06-06 15:55:31		tpl_get_action() is deprecated. It was called from tpl_actionlink() in /var/www/html/inc/template.php:592 see devel:menus should be used instead!
2026-06-06 15:55:31		tpl_action() is deprecated. It was called from include() in /var/www/html/lib/tpl/arcadebasic/main.php:192 see devel:menus should be used instead!
2026-06-06 15:55:31		tpl_actionlink() is deprecated. It was called from tpl_action() in /var/www/html/inc/template.php:712 see devel:menus should be used instead!
2026-06-06 15:55:31		tpl_get_action() is deprecated. It was called from tpl_actionlink() in /var/www/html/inc/template.php:592 see devel:menus should be used instead!
2026-06-06 15:55:31		tpl_toolsevent() is deprecated. It was called from include() in /var/www/html/lib/tpl/arcadebasic/main.php:187 see devel:menus should be used instead!
2026-06-06 15:55:31		tpl_action() is deprecated. It was called from include() in /var/www/html/lib/tpl/arcadebasic/main.php:203 see devel:menus should be used instead!
2026-06-06 15:55:31		tpl_actionlink() is deprecated. It was called from tpl_action() in /var/www/html/inc/template.php:712 see devel:menus should be used instead!
2026-06-06 15:55:31		tpl_get_action() is deprecated. It was called from tpl_actionlink() in /var/www/html/inc/template.php:592 see devel:menus should be used instead!
2026-06-06 15:55:31		tpl_action() is deprecated. It was called from include() in /var/www/html/lib/tpl/arcadebasic/main.php:204 see devel:menus should be used instead!
2026-06-06 15:55:31		tpl_actionlink() is deprecated. It was called from tpl_action() in /var/www/html/inc/template.php:712 see devel:menus should be used instead!
2026-06-06 15:55:31		tpl_get_action() is deprecated. It was called from tpl_actionlink() in /var/www/html/inc/template.php:592 see devel:menus should be used instead!
2026-06-06 15:55:31		tpl_action() is deprecated. It was called from include() in /var/www/html/lib/tpl/arcadebasic/main.php:205 see devel:menus should be used instead!
2026-06-06 15:55:31		tpl_actionlink() is deprecated. It was called from tpl_action() in /var/www/html/inc/template.php:712 see devel:menus should be used instead!
2026-06-06 15:55:31		tpl_get_action() is deprecated. It was called from tpl_actionlink() in /var/www/html/inc/template.php:592 see devel:menus should be used instead!
2026-06-06 15:55:31		tpl_toolsevent() is deprecated. It was called from include() in /var/www/html/lib/tpl/arcadebasic/main.php:202 see devel:menus should be used instead!
2026-06-06 16:30:22		tpl_action() is deprecated. It was called from include() in /var/www/html/lib/tpl/arcadebasic/main.php:159 see devel:menus should be used instead!
2026-06-06 16:30:22		tpl_actionlink() is deprecated. It was called from tpl_action() in /var/www/html/inc/template.php:712 see devel:menus should be used instead!
2026-06-06 16:30:22		tpl_get_action() is deprecated. It was called from tpl_actionlink() in /var/www/html/inc/template.php:592 see devel:menus should be used instead!
2026-06-06 16:30:22		tpl_toolsevent() is deprecated. It was called from include() in /var/www/html/lib/tpl/arcadebasic/main.php:158 see devel:menus should be used instead!
2026-06-06 16:30:22		tpl_action() is deprecated. It was called from include() in /var/www/html/lib/tpl/arcadebasic/main.php:190 see devel:menus should be used instead!
2026-06-06 16:30:22		tpl_actionlink() is deprecated. It was called from tpl_action() in /var/www/html/inc/template.php:712 see devel:menus should be used instead!
2026-06-06 16:30:22		tpl_get_action() is deprecated. It was called from tpl_actionlink() in /var/www/html/inc/template.php:592 see devel:menus should be used instead!
2026-06-06 16:30:22		tpl_action() is deprecated. It was called from include() in /var/www/html/lib/tpl/arcadebasic/main.php:191 see devel:menus should be used instead!
2026-06-06 16:30:22		tpl_actionlink() is deprecated. It was called from tpl_action() in /var/www/html/inc/template.php:712 see devel:menus should be used instead!
2026-06-06 16:30:22		tpl_get_action() is deprecated. It was called from tpl_actionlink() in /var/www/html/inc/template.php:592 see devel:menus should be used instead!
2026-06-06 16:30:22		tpl_action() is deprecated. It was called from include() in /var/www/html/lib/tpl/arcadebasic/main.php:192 see devel:menus should be used instead!
2026-06-06 16:30:22		tpl_actionlink() is deprecated. It was called from tpl_action() in /var/www/html/inc/template.php:712 see devel:menus should be used instead!
2026-06-06 16:30:22		tpl_get_action() is deprecated. It was called from tpl_actionlink() in /var/www/html/inc/template.php:592 see devel:menus should be used instead!
2026-06-06 16:30:22		tpl_toolsevent() is deprecated. It was called from include() in /var/www/html/lib/tpl/arcadebasic/main.php:187 see devel:menus should be used instead!
2026-06-06 16:30:22		tpl_action() is deprecated. It was called from include() in /var/www/html/lib/tpl/arcadebasic/main.php:203 see devel:menus should be used instead!
2026-06-06 16:30:22		tpl_actionlink() is deprecated. It was called from tpl_action() in /var/www/html/inc/template.php:712 see devel:menus should be used instead!
2026-06-06 16:30:22		tpl_get_action() is deprecated. It was called from tpl_actionlink() in /var/www/html/inc/template.php:592 see devel:menus should be used instead!
2026-06-06 16:30:22		tpl_action() is deprecated. It was called from include() in /var/www/html/lib/tpl/arcadebasic/main.php:204 see devel:menus should be used instead!
2026-06-06 16:30:22		tpl_actionlink() is deprecated. It was called from tpl_action() in /var/www/html/inc/template.php:712 see devel:menus should be used instead!
2026-06-06 16:30:22		tpl_get_action() is deprecated. It was called from tpl_actionlink() in /var/www/html/inc/template.php:592 see devel:menus should be used instead!
2026-06-06 16:30:22		tpl_action() is deprecated. It was called from include() in /var/www/html/lib/tpl/arcadebasic/main.php:205 see devel:menus should be used instead!
2026-06-06 16:30:22		tpl_actionlink() is deprecated. It was called from tpl_action() in /var/www/html/inc/template.php:712 see devel:menus should be used instead!
2026-06-06 16:30:22		tpl_get_action() is deprecated. It was called from tpl_actionlink() in /var/www/html/inc/template.php:592 see devel:menus should be used instead!
2026-06-06 16:30:22		tpl_toolsevent() is deprecated. It was called from include() in /var/www/html/lib/tpl/arcadebasic/main.php:202 see devel:menus should be used instead!
2026-06-06 17:44:13		tpl_action() is deprecated. It was called from include() in /var/www/html/lib/tpl/arcadebasic/main.php:159 see devel:menus should be used instead!
2026-06-06 17:44:13		tpl_actionlink() is deprecated. It was called from tpl_action() in /var/www/html/inc/template.php:712 see devel:menus should be used instead!
2026-06-06 17:44:13		tpl_get_action() is deprecated. It was called from tpl_actionlink() in /var/www/html/inc/template.php:592 see devel:menus should be used instead!
2026-06-06 17:44:13		tpl_toolsevent() is deprecated. It was called from include() in /var/www/html/lib/tpl/arcadebasic/main.php:158 see devel:menus should be used instead!
2026-06-06 17:44:13		tpl_action() is deprecated. It was called from include() in /var/www/html/lib/tpl/arcadebasic/main.php:190 see devel:menus should be used instead!
2026-06-06 17:44:13		tpl_actionlink() is deprecated. It was called from tpl_action() in /var/www/html/inc/template.php:712 see devel:menus should be used instead!
2026-06-06 17:44:13		tpl_get_action() is deprecated. It was called from tpl_actionlink() in /var/www/html/inc/template.php:592 see devel:menus should be used instead!
2026-06-06 17:44:13		tpl_action() is deprecated. It was called from include() in /var/www/html/lib/tpl/arcadebasic/main.php:191 see devel:menus should be used instead!
2026-06-06 17:44:13		tpl_actionlink() is deprecated. It was called from tpl_action() in /var/www/html/inc/template.php:712 see devel:menus should be used instead!
2026-06-06 17:44:13		tpl_get_action() is deprecated. It was called from tpl_actionlink() in /var/www/html/inc/template.php:592 see devel:menus should be used instead!
2026-06-06 17:44:13		tpl_action() is deprecated. It was called from include() in /var/www/html/lib/tpl/arcadebasic/main.php:192 see devel:menus should be used instead!
2026-06-06 17:44:13		tpl_actionlink() is deprecated. It was called from tpl_action() in /var/www/html/inc/template.php:712 see devel:menus should be used instead!
2026-06-06 17:44:13		tpl_get_action() is deprecated. It was called from tpl_actionlink() in /var/www/html/inc/template.php:592 see devel:menus should be used instead!
2026-06-06 17:44:13		tpl_toolsevent() is deprecated. It was called from include() in /var/www/html/lib/tpl/arcadebasic/main.php:187 see devel:menus should be used instead!
2026-06-06 17:44:13		tpl_action() is deprecated. It was called from include() in /var/www/html/lib/tpl/arcadebasic/main.php:203 see devel:menus should be used instead!
2026-06-06 17:44:13		tpl_actionlink() is deprecated. It was called from tpl_action() in /var/www/html/inc/template.php:712 see devel:menus should be used instead!
2026-06-06 17:44:13		tpl_get_action() is deprecated. It was called from tpl_actionlink() in /var/www/html/inc/template.php:592 see devel:menus should be used instead!
2026-06-06 17:44:13		tpl_action() is deprecated. It was called from include() in /var/www/html/lib/tpl/arcadebasic/main.php:204 see devel:menus should be used instead!
2026-06-06 17:44:13		tpl_actionlink() is deprecated. It was called from tpl_action() in /var/www/html/inc/template.php:712 see devel:menus should be used instead!
2026-06-06 17:44:13		tpl_get_action() is deprecated. It was called from tpl_actionlink() in /var/www/html/inc/template.php:592 see devel:menus should be used instead!
2026-06-06 17:44:13		tpl_action() is deprecated. It was called from include() in /var/www/html/lib/tpl/arcadebasic/main.php:205 see devel:menus should be used instead!
2026-06-06 17:44:13		tpl_actionlink() is deprecated. It was called from tpl_action() in /var/www/html/inc/template.php:712 see devel:menus should be used instead!
2026-06-06 17:44:13		tpl_get_action() is deprecated. It was called from tpl_actionlink() in /var/www/html/inc/template.php:592 see devel:menus should be used instead!
2026-06-06 17:44:13		tpl_toolsevent() is deprecated. It was called from include() in /var/www/html/lib/tpl/arcadebasic/main.php:202 see devel:menus should be used instead!
2026-06-06 18:13:10		tpl_action() is deprecated. It was called from include() in /var/www/html/lib/tpl/arcadebasic/main.php:159 see devel:menus should be used instead!
2026-06-06 18:13:10		tpl_actionlink() is deprecated. It was called from tpl_action() in /var/www/html/inc/template.php:712 see devel:menus should be used instead!
2026-06-06 18:13:10		tpl_get_action() is deprecated. It was called from tpl_actionlink() in /var/www/html/inc/template.php:592 see devel:menus should be used instead!
2026-06-06 18:13:10		tpl_toolsevent() is deprecated. It was called from include() in /var/www/html/lib/tpl/arcadebasic/main.php:158 see devel:menus should be used instead!
2026-06-06 18:13:10		tpl_action() is deprecated. It was called from include() in /var/www/html/lib/tpl/arcadebasic/main.php:190 see devel:menus should be used instead!
2026-06-06 18:13:10		tpl_actionlink() is deprecated. It was called from tpl_action() in /var/www/html/inc/template.php:712 see devel:menus should be used instead!
2026-06-06 18:13:10		tpl_get_action() is deprecated. It was called from tpl_actionlink() in /var/www/html/inc/template.php:592 see devel:menus should be used instead!
2026-06-06 18:13:10		tpl_action() is deprecated. It was called from include() in /var/www/html/lib/tpl/arcadebasic/main.php:191 see devel:menus should be used instead!
2026-06-06 18:13:10		tpl_actionlink() is deprecated. It was called from tpl_action() in /var/www/html/inc/template.php:712 see devel:menus should be used instead!
2026-06-06 18:13:10		tpl_get_action() is deprecated. It was called from tpl_actionlink() in /var/www/html/inc/template.php:592 see devel:menus should be used instead!
2026-06-06 18:13:10		tpl_action() is deprecated. It was called from include() in /var/www/html/lib/tpl/arcadebasic/main.php:192 see devel:menus should be used instead!
2026-06-06 18:13:10		tpl_actionlink() is deprecated. It was called from tpl_action() in /var/www/html/inc/template.php:712 see devel:menus should be used instead!
2026-06-06 18:13:10		tpl_get_action() is deprecated. It was called from tpl_actionlink() in /var/www/html/inc/template.php:592 see devel:menus should be used instead!
2026-06-06 18:13:10		tpl_toolsevent() is deprecated. It was called from include() in /var/www/html/lib/tpl/arcadebasic/main.php:187 see devel:menus should be used instead!
2026-06-06 18:13:10		tpl_action() is deprecated. It was called from include() in /var/www/html/lib/tpl/arcadebasic/main.php:203 see devel:menus should be used instead!
2026-06-06 18:13:10		tpl_actionlink() is deprecated. It was called from tpl_action() in /var/www/html/inc/template.php:712 see devel:menus should be used instead!
2026-06-06 18:13:10		tpl_get_action() is deprecated. It was called from tpl_actionlink() in /var/www/html/inc/template.php:592 see devel:menus should be used instead!
2026-06-06 18:13:10		tpl_action() is deprecated. It was called from include() in /var/www/html/lib/tpl/arcadebasic/main.php:204 see devel:menus should be used instead!
2026-06-06 18:13:10		tpl_actionlink() is deprecated. It was called from tpl_action() in /var/www/html/inc/template.php:712 see devel:menus should be used instead!
2026-06-06 18:13:10		tpl_get_action() is deprecated. It was called from tpl_actionlink() in /var/www/html/inc/template.php:592 see devel:menus should be used instead!
2026-06-06 18:13:10		tpl_action() is deprecated. It was called from include() in /var/www/html/lib/tpl/arcadebasic/main.php:205 see devel:menus should be used instead!
2026-06-06 18:13:10		tpl_actionlink() is deprecated. It was called from tpl_action() in /var/www/html/inc/template.php:712 see devel:menus should be used instead!
2026-06-06 18:13:10		tpl_get_action() is deprecated. It was called from tpl_actionlink() in /var/www/html/inc/template.php:592 see devel:menus should be used instead!
2026-06-06 18:13:10		tpl_toolsevent() is deprecated. It was called from include() in /var/www/html/lib/tpl/arcadebasic/main.php:202 see devel:menus should be used instead!
2026-06-06 18:24:19		tpl_action() is deprecated. It was called from include() in /var/www/html/lib/tpl/arcadebasic/main.php:159 see devel:menus should be used instead!
2026-06-06 18:24:19		tpl_actionlink() is deprecated. It was called from tpl_action() in /var/www/html/inc/template.php:712 see devel:menus should be used instead!
2026-06-06 18:24:19		tpl_get_action() is deprecated. It was called from tpl_actionlink() in /var/www/html/inc/template.php:592 see devel:menus should be used instead!
2026-06-06 18:24:19		tpl_toolsevent() is deprecated. It was called from include() in /var/www/html/lib/tpl/arcadebasic/main.php:158 see devel:menus should be used instead!
2026-06-06 18:24:19		tpl_action() is deprecated. It was called from include() in /var/www/html/lib/tpl/arcadebasic/main.php:190 see devel:menus should be used instead!
2026-06-06 18:24:19		tpl_actionlink() is deprecated. It was called from tpl_action() in /var/www/html/inc/template.php:712 see devel:menus should be used instead!
2026-06-06 18:24:19		tpl_get_action() is deprecated. It was called from tpl_actionlink() in /var/www/html/inc/template.php:592 see devel:menus should be used instead!
2026-06-06 18:24:19		tpl_action() is deprecated. It was called from include() in /var/www/html/lib/tpl/arcadebasic/main.php:191 see devel:menus should be used instead!
2026-06-06 18:24:19		tpl_actionlink() is deprecated. It was called from tpl_action() in /var/www/html/inc/template.php:712 see devel:menus should be used instead!
2026-06-06 18:24:19		tpl_get_action() is deprecated. It was called from tpl_actionlink() in /var/www/html/inc/template.php:592 see devel:menus should be used instead!
2026-06-06 18:24:19		tpl_action() is deprecated. It was called from include() in /var/www/html/lib/tpl/arcadebasic/main.php:192 see devel:menus should be used instead!
2026-06-06 18:24:19		tpl_actionlink() is deprecated. It was called from tpl_action() in /var/www/html/inc/template.php:712 see devel:menus should be used instead!
2026-06-06 18:24:19		tpl_get_action() is deprecated. It was called from tpl_actionlink() in /var/www/html/inc/template.php:592 see devel:menus should be used instead!
2026-06-06 18:24:19		tpl_toolsevent() is deprecated. It was called from include() in /var/www/html/lib/tpl/arcadebasic/main.php:187 see devel:menus should be used instead!
2026-06-06 18:24:19		tpl_action() is deprecated. It was called from include() in /var/www/html/lib/tpl/arcadebasic/main.php:203 see devel:menus should be used instead!
2026-06-06 18:24:19		tpl_actionlink() is deprecated. It was called from tpl_action() in /var/www/html/inc/template.php:712 see devel:menus should be used instead!
2026-06-06 18:24:19		tpl_get_action() is deprecated. It was called from tpl_actionlink() in /var/www/html/inc/template.php:592 see devel:menus should be used instead!
2026-06-06 18:24:19		tpl_action() is deprecated. It was called from include() in /var/www/html/lib/tpl/arcadebasic/main.php:204 see devel:menus should be used instead!
2026-06-06 18:24:19		tpl_actionlink() is deprecated. It was called from tpl_action() in /var/www/html/inc/template.php:712 see devel:menus should be used instead!
2026-06-06 18:24:19		tpl_get_action() is deprecated. It was called from tpl_actionlink() in /var/www/html/inc/template.php:592 see devel:menus should be used instead!
2026-06-06 18:24:19		tpl_action() is deprecated. It was called from include() in /var/www/html/lib/tpl/arcadebasic/main.php:205 see devel:menus should be used instead!
2026-06-06 18:24:19		tpl_actionlink() is deprecated. It was called from tpl_action() in /var/www/html/inc/template.php:712 see devel:menus should be used instead!
2026-06-06 18:24:19		tpl_get_action() is deprecated. It was called from tpl_actionlink() in /var/www/html/inc/template.php:592 see devel:menus should be used instead!
2026-06-06 18:24:19		tpl_toolsevent() is deprecated. It was called from include() in /var/www/html/lib/tpl/arcadebasic/main.php:202 see devel:menus should be used instead!
2026-06-06 18:29:36		tpl_action() is deprecated. It was called from include() in /var/www/html/lib/tpl/arcadebasic/main.php:159 see devel:menus should be used instead!
2026-06-06 18:29:36		tpl_actionlink() is deprecated. It was called from tpl_action() in /var/www/html/inc/template.php:712 see devel:menus should be used instead!
2026-06-06 18:29:36		tpl_get_action() is deprecated. It was called from tpl_actionlink() in /var/www/html/inc/template.php:592 see devel:menus should be used instead!
2026-06-06 18:29:36		tpl_toolsevent() is deprecated. It was called from include() in /var/www/html/lib/tpl/arcadebasic/main.php:158 see devel:menus should be used instead!
2026-06-06 18:29:36		tpl_action() is deprecated. It was called from include() in /var/www/html/lib/tpl/arcadebasic/main.php:190 see devel:menus should be used instead!
2026-06-06 18:29:36		tpl_actionlink() is deprecated. It was called from tpl_action() in /var/www/html/inc/template.php:712 see devel:menus should be used instead!
2026-06-06 18:29:36		tpl_get_action() is deprecated. It was called from tpl_actionlink() in /var/www/html/inc/template.php:592 see devel:menus should be used instead!
2026-06-06 18:29:36		tpl_action() is deprecated. It was called from include() in /var/www/html/lib/tpl/arcadebasic/main.php:191 see devel:menus should be used instead!
2026-06-06 18:29:36		tpl_actionlink() is deprecated. It was called from tpl_action() in /var/www/html/inc/template.php:712 see devel:menus should be used instead!
2026-06-06 18:29:36		tpl_get_action() is deprecated. It was called from tpl_actionlink() in /var/www/html/inc/template.php:592 see devel:menus should be used instead!
2026-06-06 18:29:36		tpl_action() is deprecated. It was called from include() in /var/www/html/lib/tpl/arcadebasic/main.php:192 see devel:menus should be used instead!
2026-06-06 18:29:36		tpl_actionlink() is deprecated. It was called from tpl_action() in /var/www/html/inc/template.php:712 see devel:menus should be used instead!
2026-06-06 18:29:36		tpl_get_action() is deprecated. It was called from tpl_actionlink() in /var/www/html/inc/template.php:592 see devel:menus should be used instead!
2026-06-06 18:29:36		tpl_toolsevent() is deprecated. It was called from include() in /var/www/html/lib/tpl/arcadebasic/main.php:187 see devel:menus should be used instead!
2026-06-06 18:29:36		tpl_action() is deprecated. It was called from include() in /var/www/html/lib/tpl/arcadebasic/main.php:203 see devel:menus should be used instead!
2026-06-06 18:29:36		tpl_actionlink() is deprecated. It was called from tpl_action() in /var/www/html/inc/template.php:712 see devel:menus should be used instead!
2026-06-06 18:29:36		tpl_get_action() is deprecated. It was called from tpl_actionlink() in /var/www/html/inc/template.php:592 see devel:menus should be used instead!
2026-06-06 18:29:36		tpl_action() is deprecated. It was called from include() in /var/www/html/lib/tpl/arcadebasic/main.php:204 see devel:menus should be used instead!
2026-06-06 18:29:36		tpl_actionlink() is deprecated. It was called from tpl_action() in /var/www/html/inc/template.php:712 see devel:menus should be used instead!
2026-06-06 18:29:36		tpl_get_action() is deprecated. It was called from tpl_actionlink() in /var/www/html/inc/template.php:592 see devel:menus should be used instead!
2026-06-06 18:29:36		tpl_action() is deprecated. It was called from include() in /var/www/html/lib/tpl/arcadebasic/main.php:205 see devel:menus should be used instead!
2026-06-06 18:29:36		tpl_actionlink() is deprecated. It was called from tpl_action() in /var/www/html/inc/template.php:712 see devel:menus should be used instead!
2026-06-06 18:29:36		tpl_get_action() is deprecated. It was called from tpl_actionlink() in /var/www/html/inc/template.php:592 see devel:menus should be used instead!
2026-06-06 18:29:36		tpl_toolsevent() is deprecated. It was called from include() in /var/www/html/lib/tpl/arcadebasic/main.php:202 see devel:menus should be used instead!
2026-06-06 18:36:29		tpl_action() is deprecated. It was called from include() in /var/www/html/lib/tpl/arcadebasic/main.php:159 see devel:menus should be used instead!
2026-06-06 18:36:29		tpl_actionlink() is deprecated. It was called from tpl_action() in /var/www/html/inc/template.php:712 see devel:menus should be used instead!
2026-06-06 18:36:29		tpl_get_action() is deprecated. It was called from tpl_actionlink() in /var/www/html/inc/template.php:592 see devel:menus should be used instead!
2026-06-06 18:36:29		tpl_toolsevent() is deprecated. It was called from include() in /var/www/html/lib/tpl/arcadebasic/main.php:158 see devel:menus should be used instead!
2026-06-06 18:36:29		tpl_action() is deprecated. It was called from include() in /var/www/html/lib/tpl/arcadebasic/main.php:190 see devel:menus should be used instead!
2026-06-06 18:36:29		tpl_actionlink() is deprecated. It was called from tpl_action() in /var/www/html/inc/template.php:712 see devel:menus should be used instead!
2026-06-06 18:36:29		tpl_get_action() is deprecated. It was called from tpl_actionlink() in /var/www/html/inc/template.php:592 see devel:menus should be used instead!
2026-06-06 18:36:29		tpl_action() is deprecated. It was called from include() in /var/www/html/lib/tpl/arcadebasic/main.php:191 see devel:menus should be used instead!
2026-06-06 18:36:29		tpl_actionlink() is deprecated. It was called from tpl_action() in /var/www/html/inc/template.php:712 see devel:menus should be used instead!
2026-06-06 18:36:29		tpl_get_action() is deprecated. It was called from tpl_actionlink() in /var/www/html/inc/template.php:592 see devel:menus should be used instead!
2026-06-06 18:36:29		tpl_action() is deprecated. It was called from include() in /var/www/html/lib/tpl/arcadebasic/main.php:192 see devel:menus should be used instead!
2026-06-06 18:36:29		tpl_actionlink() is deprecated. It was called from tpl_action() in /var/www/html/inc/template.php:712 see devel:menus should be used instead!
2026-06-06 18:36:29		tpl_get_action() is deprecated. It was called from tpl_actionlink() in /var/www/html/inc/template.php:592 see devel:menus should be used instead!
2026-06-06 18:36:29		tpl_toolsevent() is deprecated. It was called from include() in /var/www/html/lib/tpl/arcadebasic/main.php:187 see devel:menus should be used instead!
2026-06-06 18:36:29		tpl_action() is deprecated. It was called from include() in /var/www/html/lib/tpl/arcadebasic/main.php:203 see devel:menus should be used instead!
2026-06-06 18:36:29		tpl_actionlink() is deprecated. It was called from tpl_action() in /var/www/html/inc/template.php:712 see devel:menus should be used instead!
2026-06-06 18:36:29		tpl_get_action() is deprecated. It was called from tpl_actionlink() in /var/www/html/inc/template.php:592 see devel:menus should be used instead!
2026-06-06 18:36:29		tpl_action() is deprecated. It was called from include() in /var/www/html/lib/tpl/arcadebasic/main.php:204 see devel:menus should be used instead!
2026-06-06 18:36:29		tpl_actionlink() is deprecated. It was called from tpl_action() in /var/www/html/inc/template.php:712 see devel:menus should be used instead!
2026-06-06 18:36:29		tpl_get_action() is deprecated. It was called from tpl_actionlink() in /var/www/html/inc/template.php:592 see devel:menus should be used instead!
2026-06-06 18:36:29		tpl_action() is deprecated. It was called from include() in /var/www/html/lib/tpl/arcadebasic/main.php:205 see devel:menus should be used instead!
2026-06-06 18:36:29		tpl_actionlink() is deprecated. It was called from tpl_action() in /var/www/html/inc/template.php:712 see devel:menus should be used instead!
2026-06-06 18:36:29		tpl_get_action() is deprecated. It was called from tpl_actionlink() in /var/www/html/inc/template.php:592 see devel:menus should be used instead!
2026-06-06 18:36:29		tpl_toolsevent() is deprecated. It was called from include() in /var/www/html/lib/tpl/arcadebasic/main.php:202 see devel:menus should be used instead!
2026-06-06 18:42:36		tpl_action() is deprecated. It was called from include() in /var/www/html/lib/tpl/arcadebasic/main.php:159 see devel:menus should be used instead!
2026-06-06 18:42:36		tpl_actionlink() is deprecated. It was called from tpl_action() in /var/www/html/inc/template.php:712 see devel:menus should be used instead!
2026-06-06 18:42:36		tpl_get_action() is deprecated. It was called from tpl_actionlink() in /var/www/html/inc/template.php:592 see devel:menus should be used instead!
2026-06-06 18:42:36		tpl_toolsevent() is deprecated. It was called from include() in /var/www/html/lib/tpl/arcadebasic/main.php:158 see devel:menus should be used instead!
2026-06-06 18:42:36		tpl_action() is deprecated. It was called from include() in /var/www/html/lib/tpl/arcadebasic/main.php:190 see devel:menus should be used instead!
2026-06-06 18:42:36		tpl_actionlink() is deprecated. It was called from tpl_action() in /var/www/html/inc/template.php:712 see devel:menus should be used instead!
2026-06-06 18:42:36		tpl_get_action() is deprecated. It was called from tpl_actionlink() in /var/www/html/inc/template.php:592 see devel:menus should be used instead!
2026-06-06 18:42:36		tpl_action() is deprecated. It was called from include() in /var/www/html/lib/tpl/arcadebasic/main.php:191 see devel:menus should be used instead!
2026-06-06 18:42:36		tpl_actionlink() is deprecated. It was called from tpl_action() in /var/www/html/inc/template.php:712 see devel:menus should be used instead!
2026-06-06 18:42:36		tpl_get_action() is deprecated. It was called from tpl_actionlink() in /var/www/html/inc/template.php:592 see devel:menus should be used instead!
2026-06-06 18:42:36		tpl_action() is deprecated. It was called from include() in /var/www/html/lib/tpl/arcadebasic/main.php:192 see devel:menus should be used instead!
2026-06-06 18:42:36		tpl_actionlink() is deprecated. It was called from tpl_action() in /var/www/html/inc/template.php:712 see devel:menus should be used instead!
2026-06-06 18:42:36		tpl_get_action() is deprecated. It was called from tpl_actionlink() in /var/www/html/inc/template.php:592 see devel:menus should be used instead!
2026-06-06 18:42:36		tpl_toolsevent() is deprecated. It was called from include() in /var/www/html/lib/tpl/arcadebasic/main.php:187 see devel:menus should be used instead!
2026-06-06 18:42:36		tpl_action() is deprecated. It was called from include() in /var/www/html/lib/tpl/arcadebasic/main.php:203 see devel:menus should be used instead!
2026-06-06 18:42:36		tpl_actionlink() is deprecated. It was called from tpl_action() in /var/www/html/inc/template.php:712 see devel:menus should be used instead!
2026-06-06 18:42:36		tpl_get_action() is deprecated. It was called from tpl_actionlink() in /var/www/html/inc/template.php:592 see devel:menus should be used instead!
2026-06-06 18:42:36		tpl_action() is deprecated. It was called from include() in /var/www/html/lib/tpl/arcadebasic/main.php:204 see devel:menus should be used instead!
2026-06-06 18:42:36		tpl_actionlink() is deprecated. It was called from tpl_action() in /var/www/html/inc/template.php:712 see devel:menus should be used instead!
2026-06-06 18:42:36		tpl_get_action() is deprecated. It was called from tpl_actionlink() in /var/www/html/inc/template.php:592 see devel:menus should be used instead!
2026-06-06 18:42:36		tpl_action() is deprecated. It was called from include() in /var/www/html/lib/tpl/arcadebasic/main.php:205 see devel:menus should be used instead!
2026-06-06 18:42:36		tpl_actionlink() is deprecated. It was called from tpl_action() in /var/www/html/inc/template.php:712 see devel:menus should be used instead!
2026-06-06 18:42:36		tpl_get_action() is deprecated. It was called from tpl_actionlink() in /var/www/html/inc/template.php:592 see devel:menus should be used instead!
2026-06-06 18:42:36		tpl_toolsevent() is deprecated. It was called from include() in /var/www/html/lib/tpl/arcadebasic/main.php:202 see devel:menus should be used instead!
2026-06-06 18:48:45		tpl_action() is deprecated. It was called from include() in /var/www/html/lib/tpl/arcadebasic/main.php:159 see devel:menus should be used instead!
2026-06-06 18:48:45		tpl_actionlink() is deprecated. It was called from tpl_action() in /var/www/html/inc/template.php:712 see devel:menus should be used instead!
2026-06-06 18:48:45		tpl_get_action() is deprecated. It was called from tpl_actionlink() in /var/www/html/inc/template.php:592 see devel:menus should be used instead!
2026-06-06 18:48:45		tpl_toolsevent() is deprecated. It was called from include() in /var/www/html/lib/tpl/arcadebasic/main.php:158 see devel:menus should be used instead!
2026-06-06 18:48:45		tpl_action() is deprecated. It was called from include() in /var/www/html/lib/tpl/arcadebasic/main.php:190 see devel:menus should be used instead!
2026-06-06 18:48:45		tpl_actionlink() is deprecated. It was called from tpl_action() in /var/www/html/inc/template.php:712 see devel:menus should be used instead!
2026-06-06 18:48:45		tpl_get_action() is deprecated. It was called from tpl_actionlink() in /var/www/html/inc/template.php:592 see devel:menus should be used instead!
2026-06-06 18:48:45		tpl_action() is deprecated. It was called from include() in /var/www/html/lib/tpl/arcadebasic/main.php:191 see devel:menus should be used instead!
2026-06-06 18:48:45		tpl_actionlink() is deprecated. It was called from tpl_action() in /var/www/html/inc/template.php:712 see devel:menus should be used instead!
2026-06-06 18:48:45		tpl_get_action() is deprecated. It was called from tpl_actionlink() in /var/www/html/inc/template.php:592 see devel:menus should be used instead!
2026-06-06 18:48:45		tpl_action() is deprecated. It was called from include() in /var/www/html/lib/tpl/arcadebasic/main.php:192 see devel:menus should be used instead!
2026-06-06 18:48:45		tpl_actionlink() is deprecated. It was called from tpl_action() in /var/www/html/inc/template.php:712 see devel:menus should be used instead!
2026-06-06 18:48:45		tpl_get_action() is deprecated. It was called from tpl_actionlink() in /var/www/html/inc/template.php:592 see devel:menus should be used instead!
2026-06-06 18:48:45		tpl_toolsevent() is deprecated. It was called from include() in /var/www/html/lib/tpl/arcadebasic/main.php:187 see devel:menus should be used instead!
2026-06-06 18:48:45		tpl_action() is deprecated. It was called from include() in /var/www/html/lib/tpl/arcadebasic/main.php:203 see devel:menus should be used instead!
2026-06-06 18:48:45		tpl_actionlink() is deprecated. It was called from tpl_action() in /var/www/html/inc/template.php:712 see devel:menus should be used instead!
2026-06-06 18:48:45		tpl_get_action() is deprecated. It was called from tpl_actionlink() in /var/www/html/inc/template.php:592 see devel:menus should be used instead!
2026-06-06 18:48:45		tpl_action() is deprecated. It was called from include() in /var/www/html/lib/tpl/arcadebasic/main.php:204 see devel:menus should be used instead!
2026-06-06 18:48:45		tpl_actionlink() is deprecated. It was called from tpl_action() in /var/www/html/inc/template.php:712 see devel:menus should be used instead!
2026-06-06 18:48:45		tpl_get_action() is deprecated. It was called from tpl_actionlink() in /var/www/html/inc/template.php:592 see devel:menus should be used instead!
2026-06-06 18:48:45		tpl_action() is deprecated. It was called from include() in /var/www/html/lib/tpl/arcadebasic/main.php:205 see devel:menus should be used instead!
2026-06-06 18:48:45		tpl_actionlink() is deprecated. It was called from tpl_action() in /var/www/html/inc/template.php:712 see devel:menus should be used instead!
2026-06-06 18:48:45		tpl_get_action() is deprecated. It was called from tpl_actionlink() in /var/www/html/inc/template.php:592 see devel:menus should be used instead!
2026-06-06 18:48:45		tpl_toolsevent() is deprecated. It was called from include() in /var/www/html/lib/tpl/arcadebasic/main.php:202 see devel:menus should be used instead!
2026-06-06 19:00:41		tpl_action() is deprecated. It was called from include() in /var/www/html/lib/tpl/arcadebasic/main.php:159 see devel:menus should be used instead!
2026-06-06 19:00:41		tpl_actionlink() is deprecated. It was called from tpl_action() in /var/www/html/inc/template.php:712 see devel:menus should be used instead!
2026-06-06 19:00:41		tpl_get_action() is deprecated. It was called from tpl_actionlink() in /var/www/html/inc/template.php:592 see devel:menus should be used instead!
2026-06-06 19:00:41		tpl_toolsevent() is deprecated. It was called from include() in /var/www/html/lib/tpl/arcadebasic/main.php:158 see devel:menus should be used instead!
2026-06-06 19:00:41		tpl_action() is deprecated. It was called from include() in /var/www/html/lib/tpl/arcadebasic/main.php:190 see devel:menus should be used instead!
2026-06-06 19:00:41		tpl_actionlink() is deprecated. It was called from tpl_action() in /var/www/html/inc/template.php:712 see devel:menus should be used instead!
2026-06-06 19:00:41		tpl_get_action() is deprecated. It was called from tpl_actionlink() in /var/www/html/inc/template.php:592 see devel:menus should be used instead!
2026-06-06 19:00:41		tpl_action() is deprecated. It was called from include() in /var/www/html/lib/tpl/arcadebasic/main.php:191 see devel:menus should be used instead!
2026-06-06 19:00:41		tpl_actionlink() is deprecated. It was called from tpl_action() in /var/www/html/inc/template.php:712 see devel:menus should be used instead!
2026-06-06 19:00:41		tpl_get_action() is deprecated. It was called from tpl_actionlink() in /var/www/html/inc/template.php:592 see devel:menus should be used instead!
2026-06-06 19:00:41		tpl_action() is deprecated. It was called from include() in /var/www/html/lib/tpl/arcadebasic/main.php:192 see devel:menus should be used instead!
2026-06-06 19:00:41		tpl_actionlink() is deprecated. It was called from tpl_action() in /var/www/html/inc/template.php:712 see devel:menus should be used instead!
2026-06-06 19:00:41		tpl_get_action() is deprecated. It was called from tpl_actionlink() in /var/www/html/inc/template.php:592 see devel:menus should be used instead!
2026-06-06 19:00:41		tpl_toolsevent() is deprecated. It was called from include() in /var/www/html/lib/tpl/arcadebasic/main.php:187 see devel:menus should be used instead!
2026-06-06 19:00:41		tpl_action() is deprecated. It was called from include() in /var/www/html/lib/tpl/arcadebasic/main.php:203 see devel:menus should be used instead!
2026-06-06 19:00:41		tpl_actionlink() is deprecated. It was called from tpl_action() in /var/www/html/inc/template.php:712 see devel:menus should be used instead!
2026-06-06 19:00:41		tpl_get_action() is deprecated. It was called from tpl_actionlink() in /var/www/html/inc/template.php:592 see devel:menus should be used instead!
2026-06-06 19:00:41		tpl_action() is deprecated. It was called from include() in /var/www/html/lib/tpl/arcadebasic/main.php:204 see devel:menus should be used instead!
2026-06-06 19:00:41		tpl_actionlink() is deprecated. It was called from tpl_action() in /var/www/html/inc/template.php:712 see devel:menus should be used instead!
2026-06-06 19:00:41		tpl_get_action() is deprecated. It was called from tpl_actionlink() in /var/www/html/inc/template.php:592 see devel:menus should be used instead!
2026-06-06 19:00:41		tpl_action() is deprecated. It was called from include() in /var/www/html/lib/tpl/arcadebasic/main.php:205 see devel:menus should be used instead!
2026-06-06 19:00:41		tpl_actionlink() is deprecated. It was called from tpl_action() in /var/www/html/inc/template.php:712 see devel:menus should be used instead!
2026-06-06 19:00:41		tpl_get_action() is deprecated. It was called from tpl_actionlink() in /var/www/html/inc/template.php:592 see devel:menus should be used instead!
2026-06-06 19:00:41		tpl_toolsevent() is deprecated. It was called from include() in /var/www/html/lib/tpl/arcadebasic/main.php:202 see devel:menus should be used instead!
2026-06-06 19:08:08		tpl_action() is deprecated. It was called from include() in /var/www/html/lib/tpl/arcadebasic/main.php:159 see devel:menus should be used instead!
2026-06-06 19:08:08		tpl_actionlink() is deprecated. It was called from tpl_action() in /var/www/html/inc/template.php:712 see devel:menus should be used instead!
2026-06-06 19:08:08		tpl_get_action() is deprecated. It was called from tpl_actionlink() in /var/www/html/inc/template.php:592 see devel:menus should be used instead!
2026-06-06 19:08:08		tpl_toolsevent() is deprecated. It was called from include() in /var/www/html/lib/tpl/arcadebasic/main.php:158 see devel:menus should be used instead!
2026-06-06 19:08:08		tpl_action() is deprecated. It was called from include() in /var/www/html/lib/tpl/arcadebasic/main.php:190 see devel:menus should be used instead!
2026-06-06 19:08:08		tpl_actionlink() is deprecated. It was called from tpl_action() in /var/www/html/inc/template.php:712 see devel:menus should be used instead!
2026-06-06 19:08:08		tpl_get_action() is deprecated. It was called from tpl_actionlink() in /var/www/html/inc/template.php:592 see devel:menus should be used instead!
2026-06-06 19:08:08		tpl_action() is deprecated. It was called from include() in /var/www/html/lib/tpl/arcadebasic/main.php:191 see devel:menus should be used instead!
2026-06-06 19:08:08		tpl_actionlink() is deprecated. It was called from tpl_action() in /var/www/html/inc/template.php:712 see devel:menus should be used instead!
2026-06-06 19:08:08		tpl_get_action() is deprecated. It was called from tpl_actionlink() in /var/www/html/inc/template.php:592 see devel:menus should be used instead!
2026-06-06 19:08:08		tpl_action() is deprecated. It was called from include() in /var/www/html/lib/tpl/arcadebasic/main.php:192 see devel:menus should be used instead!
2026-06-06 19:08:08		tpl_actionlink() is deprecated. It was called from tpl_action() in /var/www/html/inc/template.php:712 see devel:menus should be used instead!
2026-06-06 19:08:08		tpl_get_action() is deprecated. It was called from tpl_actionlink() in /var/www/html/inc/template.php:592 see devel:menus should be used instead!
2026-06-06 19:08:08		tpl_toolsevent() is deprecated. It was called from include() in /var/www/html/lib/tpl/arcadebasic/main.php:187 see devel:menus should be used instead!
2026-06-06 19:08:08		tpl_action() is deprecated. It was called from include() in /var/www/html/lib/tpl/arcadebasic/main.php:203 see devel:menus should be used instead!
2026-06-06 19:08:08		tpl_actionlink() is deprecated. It was called from tpl_action() in /var/www/html/inc/template.php:712 see devel:menus should be used instead!
2026-06-06 19:08:08		tpl_get_action() is deprecated. It was called from tpl_actionlink() in /var/www/html/inc/template.php:592 see devel:menus should be used instead!
2026-06-06 19:08:08		tpl_action() is deprecated. It was called from include() in /var/www/html/lib/tpl/arcadebasic/main.php:204 see devel:menus should be used instead!
2026-06-06 19:08:08		tpl_actionlink() is deprecated. It was called from tpl_action() in /var/www/html/inc/template.php:712 see devel:menus should be used instead!
2026-06-06 19:08:08		tpl_get_action() is deprecated. It was called from tpl_actionlink() in /var/www/html/inc/template.php:592 see devel:menus should be used instead!
2026-06-06 19:08:08		tpl_action() is deprecated. It was called from include() in /var/www/html/lib/tpl/arcadebasic/main.php:205 see devel:menus should be used instead!
2026-06-06 19:08:08		tpl_actionlink() is deprecated. It was called from tpl_action() in /var/www/html/inc/template.php:712 see devel:menus should be used instead!
2026-06-06 19:08:08		tpl_get_action() is deprecated. It was called from tpl_actionlink() in /var/www/html/inc/template.php:592 see devel:menus should be used instead!
2026-06-06 19:08:08		tpl_toolsevent() is deprecated. It was called from include() in /var/www/html/lib/tpl/arcadebasic/main.php:202 see devel:menus should be used instead!
2026-06-06 19:20:41		tpl_action() is deprecated. It was called from include() in /var/www/html/lib/tpl/arcadebasic/main.php:159 see devel:menus should be used instead!
2026-06-06 19:20:41		tpl_actionlink() is deprecated. It was called from tpl_action() in /var/www/html/inc/template.php:712 see devel:menus should be used instead!
2026-06-06 19:20:41		tpl_get_action() is deprecated. It was called from tpl_actionlink() in /var/www/html/inc/template.php:592 see devel:menus should be used instead!
2026-06-06 19:20:41		tpl_toolsevent() is deprecated. It was called from include() in /var/www/html/lib/tpl/arcadebasic/main.php:158 see devel:menus should be used instead!
2026-06-06 19:20:41		tpl_action() is deprecated. It was called from include() in /var/www/html/lib/tpl/arcadebasic/main.php:190 see devel:menus should be used instead!
2026-06-06 19:20:41		tpl_actionlink() is deprecated. It was called from tpl_action() in /var/www/html/inc/template.php:712 see devel:menus should be used instead!
2026-06-06 19:20:41		tpl_get_action() is deprecated. It was called from tpl_actionlink() in /var/www/html/inc/template.php:592 see devel:menus should be used instead!
2026-06-06 19:20:41		tpl_action() is deprecated. It was called from include() in /var/www/html/lib/tpl/arcadebasic/main.php:191 see devel:menus should be used instead!
2026-06-06 19:20:41		tpl_actionlink() is deprecated. It was called from tpl_action() in /var/www/html/inc/template.php:712 see devel:menus should be used instead!
2026-06-06 19:20:41		tpl_get_action() is deprecated. It was called from tpl_actionlink() in /var/www/html/inc/template.php:592 see devel:menus should be used instead!
2026-06-06 19:20:41		tpl_action() is deprecated. It was called from include() in /var/www/html/lib/tpl/arcadebasic/main.php:192 see devel:menus should be used instead!
2026-06-06 19:20:41		tpl_actionlink() is deprecated. It was called from tpl_action() in /var/www/html/inc/template.php:712 see devel:menus should be used instead!
2026-06-06 19:20:41		tpl_get_action() is deprecated. It was called from tpl_actionlink() in /var/www/html/inc/template.php:592 see devel:menus should be used instead!
2026-06-06 19:20:41		tpl_toolsevent() is deprecated. It was called from include() in /var/www/html/lib/tpl/arcadebasic/main.php:187 see devel:menus should be used instead!
2026-06-06 19:20:41		tpl_action() is deprecated. It was called from include() in /var/www/html/lib/tpl/arcadebasic/main.php:203 see devel:menus should be used instead!
2026-06-06 19:20:41		tpl_actionlink() is deprecated. It was called from tpl_action() in /var/www/html/inc/template.php:712 see devel:menus should be used instead!
2026-06-06 19:20:41		tpl_get_action() is deprecated. It was called from tpl_actionlink() in /var/www/html/inc/template.php:592 see devel:menus should be used instead!
2026-06-06 19:20:41		tpl_action() is deprecated. It was called from include() in /var/www/html/lib/tpl/arcadebasic/main.php:204 see devel:menus should be used instead!
2026-06-06 19:20:41		tpl_actionlink() is deprecated. It was called from tpl_action() in /var/www/html/inc/template.php:712 see devel:menus should be used instead!
2026-06-06 19:20:41		tpl_get_action() is deprecated. It was called from tpl_actionlink() in /var/www/html/inc/template.php:592 see devel:menus should be used instead!
2026-06-06 19:20:41		tpl_action() is deprecated. It was called from include() in /var/www/html/lib/tpl/arcadebasic/main.php:205 see devel:menus should be used instead!
2026-06-06 19:20:41		tpl_actionlink() is deprecated. It was called from tpl_action() in /var/www/html/inc/template.php:712 see devel:menus should be used instead!
2026-06-06 19:20:41		tpl_get_action() is deprecated. It was called from tpl_actionlink() in /var/www/html/inc/template.php:592 see devel:menus should be used instead!
2026-06-06 19:20:41		tpl_toolsevent() is deprecated. It was called from include() in /var/www/html/lib/tpl/arcadebasic/main.php:202 see devel:menus should be used instead!
2026-06-06 19:31:19		tpl_action() is deprecated. It was called from include() in /var/www/html/lib/tpl/arcadebasic/main.php:159 see devel:menus should be used instead!
2026-06-06 19:31:19		tpl_actionlink() is deprecated. It was called from tpl_action() in /var/www/html/inc/template.php:712 see devel:menus should be used instead!
2026-06-06 19:31:19		tpl_get_action() is deprecated. It was called from tpl_actionlink() in /var/www/html/inc/template.php:592 see devel:menus should be used instead!
2026-06-06 19:31:19		tpl_toolsevent() is deprecated. It was called from include() in /var/www/html/lib/tpl/arcadebasic/main.php:158 see devel:menus should be used instead!
2026-06-06 19:31:19		tpl_action() is deprecated. It was called from include() in /var/www/html/lib/tpl/arcadebasic/main.php:190 see devel:menus should be used instead!
2026-06-06 19:31:19		tpl_actionlink() is deprecated. It was called from tpl_action() in /var/www/html/inc/template.php:712 see devel:menus should be used instead!
2026-06-06 19:31:19		tpl_get_action() is deprecated. It was called from tpl_actionlink() in /var/www/html/inc/template.php:592 see devel:menus should be used instead!
2026-06-06 19:31:19		tpl_action() is deprecated. It was called from include() in /var/www/html/lib/tpl/arcadebasic/main.php:191 see devel:menus should be used instead!
2026-06-06 19:31:19		tpl_actionlink() is deprecated. It was called from tpl_action() in /var/www/html/inc/template.php:712 see devel:menus should be used instead!
2026-06-06 19:31:19		tpl_get_action() is deprecated. It was called from tpl_actionlink() in /var/www/html/inc/template.php:592 see devel:menus should be used instead!
2026-06-06 19:31:19		tpl_action() is deprecated. It was called from include() in /var/www/html/lib/tpl/arcadebasic/main.php:192 see devel:menus should be used instead!
2026-06-06 19:31:19		tpl_actionlink() is deprecated. It was called from tpl_action() in /var/www/html/inc/template.php:712 see devel:menus should be used instead!
2026-06-06 19:31:19		tpl_get_action() is deprecated. It was called from tpl_actionlink() in /var/www/html/inc/template.php:592 see devel:menus should be used instead!
2026-06-06 19:31:19		tpl_toolsevent() is deprecated. It was called from include() in /var/www/html/lib/tpl/arcadebasic/main.php:187 see devel:menus should be used instead!
2026-06-06 19:31:19		tpl_action() is deprecated. It was called from include() in /var/www/html/lib/tpl/arcadebasic/main.php:203 see devel:menus should be used instead!
2026-06-06 19:31:19		tpl_actionlink() is deprecated. It was called from tpl_action() in /var/www/html/inc/template.php:712 see devel:menus should be used instead!
2026-06-06 19:31:19		tpl_get_action() is deprecated. It was called from tpl_actionlink() in /var/www/html/inc/template.php:592 see devel:menus should be used instead!
2026-06-06 19:31:19		tpl_action() is deprecated. It was called from include() in /var/www/html/lib/tpl/arcadebasic/main.php:204 see devel:menus should be used instead!
2026-06-06 19:31:19		tpl_actionlink() is deprecated. It was called from tpl_action() in /var/www/html/inc/template.php:712 see devel:menus should be used instead!
2026-06-06 19:31:19		tpl_get_action() is deprecated. It was called from tpl_actionlink() in /var/www/html/inc/template.php:592 see devel:menus should be used instead!
2026-06-06 19:31:19		tpl_action() is deprecated. It was called from include() in /var/www/html/lib/tpl/arcadebasic/main.php:205 see devel:menus should be used instead!
2026-06-06 19:31:19		tpl_actionlink() is deprecated. It was called from tpl_action() in /var/www/html/inc/template.php:712 see devel:menus should be used instead!
2026-06-06 19:31:19		tpl_get_action() is deprecated. It was called from tpl_actionlink() in /var/www/html/inc/template.php:592 see devel:menus should be used instead!
2026-06-06 19:31:19		tpl_toolsevent() is deprecated. It was called from include() in /var/www/html/lib/tpl/arcadebasic/main.php:202 see devel:menus should be used instead!
2026-06-06 19:37:27		tpl_action() is deprecated. It was called from include() in /var/www/html/lib/tpl/arcadebasic/main.php:159 see devel:menus should be used instead!
2026-06-06 19:37:27		tpl_actionlink() is deprecated. It was called from tpl_action() in /var/www/html/inc/template.php:712 see devel:menus should be used instead!
2026-06-06 19:37:27		tpl_get_action() is deprecated. It was called from tpl_actionlink() in /var/www/html/inc/template.php:592 see devel:menus should be used instead!
2026-06-06 19:37:27		tpl_toolsevent() is deprecated. It was called from include() in /var/www/html/lib/tpl/arcadebasic/main.php:158 see devel:menus should be used instead!
2026-06-06 19:37:27		tpl_action() is deprecated. It was called from include() in /var/www/html/lib/tpl/arcadebasic/main.php:190 see devel:menus should be used instead!
2026-06-06 19:37:27		tpl_actionlink() is deprecated. It was called from tpl_action() in /var/www/html/inc/template.php:712 see devel:menus should be used instead!
2026-06-06 19:37:27		tpl_get_action() is deprecated. It was called from tpl_actionlink() in /var/www/html/inc/template.php:592 see devel:menus should be used instead!
2026-06-06 19:37:27		tpl_action() is deprecated. It was called from include() in /var/www/html/lib/tpl/arcadebasic/main.php:191 see devel:menus should be used instead!
2026-06-06 19:37:27		tpl_actionlink() is deprecated. It was called from tpl_action() in /var/www/html/inc/template.php:712 see devel:menus should be used instead!
2026-06-06 19:37:27		tpl_get_action() is deprecated. It was called from tpl_actionlink() in /var/www/html/inc/template.php:592 see devel:menus should be used instead!
2026-06-06 19:37:27		tpl_action() is deprecated. It was called from include() in /var/www/html/lib/tpl/arcadebasic/main.php:192 see devel:menus should be used instead!
2026-06-06 19:37:27		tpl_actionlink() is deprecated. It was called from tpl_action() in /var/www/html/inc/template.php:712 see devel:menus should be used instead!
2026-06-06 19:37:27		tpl_get_action() is deprecated. It was called from tpl_actionlink() in /var/www/html/inc/template.php:592 see devel:menus should be used instead!
2026-06-06 19:37:27		tpl_toolsevent() is deprecated. It was called from include() in /var/www/html/lib/tpl/arcadebasic/main.php:187 see devel:menus should be used instead!
2026-06-06 19:37:27		tpl_action() is deprecated. It was called from include() in /var/www/html/lib/tpl/arcadebasic/main.php:203 see devel:menus should be used instead!
2026-06-06 19:37:27		tpl_actionlink() is deprecated. It was called from tpl_action() in /var/www/html/inc/template.php:712 see devel:menus should be used instead!
2026-06-06 19:37:27		tpl_get_action() is deprecated. It was called from tpl_actionlink() in /var/www/html/inc/template.php:592 see devel:menus should be used instead!
2026-06-06 19:37:27		tpl_action() is deprecated. It was called from include() in /var/www/html/lib/tpl/arcadebasic/main.php:204 see devel:menus should be used instead!
2026-06-06 19:37:27		tpl_actionlink() is deprecated. It was called from tpl_action() in /var/www/html/inc/template.php:712 see devel:menus should be used instead!
2026-06-06 19:37:27		tpl_get_action() is deprecated. It was called from tpl_actionlink() in /var/www/html/inc/template.php:592 see devel:menus should be used instead!
2026-06-06 19:37:27		tpl_action() is deprecated. It was called from include() in /var/www/html/lib/tpl/arcadebasic/main.php:205 see devel:menus should be used instead!
2026-06-06 19:37:27		tpl_actionlink() is deprecated. It was called from tpl_action() in /var/www/html/inc/template.php:712 see devel:menus should be used instead!
2026-06-06 19:37:27		tpl_get_action() is deprecated. It was called from tpl_actionlink() in /var/www/html/inc/template.php:592 see devel:menus should be used instead!
2026-06-06 19:37:27		tpl_toolsevent() is deprecated. It was called from include() in /var/www/html/lib/tpl/arcadebasic/main.php:202 see devel:menus should be used instead!
2026-06-06 19:49:28		require_once() is deprecated. It was called from require() in /var/www/html/lib/plugins/imagebox/syntax.php:9 Autoloading should be used instead!
2026-06-06 19:49:28		tpl_action() is deprecated. It was called from include() in /var/www/html/lib/tpl/arcadebasic/main.php:159 see devel:menus should be used instead!
2026-06-06 19:49:28		tpl_actionlink() is deprecated. It was called from tpl_action() in /var/www/html/inc/template.php:712 see devel:menus should be used instead!
2026-06-06 19:49:28		tpl_get_action() is deprecated. It was called from tpl_actionlink() in /var/www/html/inc/template.php:592 see devel:menus should be used instead!
2026-06-06 19:49:28		tpl_toolsevent() is deprecated. It was called from include() in /var/www/html/lib/tpl/arcadebasic/main.php:158 see devel:menus should be used instead!
2026-06-06 19:49:28		tpl_action() is deprecated. It was called from include() in /var/www/html/lib/tpl/arcadebasic/main.php:190 see devel:menus should be used instead!
2026-06-06 19:49:28		tpl_actionlink() is deprecated. It was called from tpl_action() in /var/www/html/inc/template.php:712 see devel:menus should be used instead!
2026-06-06 19:49:28		tpl_get_action() is deprecated. It was called from tpl_actionlink() in /var/www/html/inc/template.php:592 see devel:menus should be used instead!
2026-06-06 19:49:28		tpl_action() is deprecated. It was called from include() in /var/www/html/lib/tpl/arcadebasic/main.php:191 see devel:menus should be used instead!
2026-06-06 19:49:28		tpl_actionlink() is deprecated. It was called from tpl_action() in /var/www/html/inc/template.php:712 see devel:menus should be used instead!
2026-06-06 19:49:28		tpl_get_action() is deprecated. It was called from tpl_actionlink() in /var/www/html/inc/template.php:592 see devel:menus should be used instead!
2026-06-06 19:49:28		tpl_action() is deprecated. It was called from include() in /var/www/html/lib/tpl/arcadebasic/main.php:192 see devel:menus should be used instead!
2026-06-06 19:49:28		tpl_actionlink() is deprecated. It was called from tpl_action() in /var/www/html/inc/template.php:712 see devel:menus should be used instead!
2026-06-06 19:49:28		tpl_get_action() is deprecated. It was called from tpl_actionlink() in /var/www/html/inc/template.php:592 see devel:menus should be used instead!
2026-06-06 19:49:28		tpl_toolsevent() is deprecated. It was called from include() in /var/www/html/lib/tpl/arcadebasic/main.php:187 see devel:menus should be used instead!
2026-06-06 19:49:28		tpl_action() is deprecated. It was called from include() in /var/www/html/lib/tpl/arcadebasic/main.php:203 see devel:menus should be used instead!
2026-06-06 19:49:28		tpl_actionlink() is deprecated. It was called from tpl_action() in /var/www/html/inc/template.php:712 see devel:menus should be used instead!
2026-06-06 19:49:28		tpl_get_action() is deprecated. It was called from tpl_actionlink() in /var/www/html/inc/template.php:592 see devel:menus should be used instead!
2026-06-06 19:49:28		tpl_action() is deprecated. It was called from include() in /var/www/html/lib/tpl/arcadebasic/main.php:204 see devel:menus should be used instead!
2026-06-06 19:49:28		tpl_actionlink() is deprecated. It was called from tpl_action() in /var/www/html/inc/template.php:712 see devel:menus should be used instead!
2026-06-06 19:49:28		tpl_get_action() is deprecated. It was called from tpl_actionlink() in /var/www/html/inc/template.php:592 see devel:menus should be used instead!
2026-06-06 19:49:28		tpl_action() is deprecated. It was called from include() in /var/www/html/lib/tpl/arcadebasic/main.php:205 see devel:menus should be used instead!
2026-06-06 19:49:28		tpl_actionlink() is deprecated. It was called from tpl_action() in /var/www/html/inc/template.php:712 see devel:menus should be used instead!
2026-06-06 19:49:28		tpl_get_action() is deprecated. It was called from tpl_actionlink() in /var/www/html/inc/template.php:592 see devel:menus should be used instead!
2026-06-06 19:49:28		tpl_toolsevent() is deprecated. It was called from include() in /var/www/html/lib/tpl/arcadebasic/main.php:202 see devel:menus should be used instead!
2026-06-06 19:57:34		tpl_action() is deprecated. It was called from include() in /var/www/html/lib/tpl/arcadebasic/main.php:159 see devel:menus should be used instead!
2026-06-06 19:57:34		tpl_actionlink() is deprecated. It was called from tpl_action() in /var/www/html/inc/template.php:712 see devel:menus should be used instead!
2026-06-06 19:57:34		tpl_get_action() is deprecated. It was called from tpl_actionlink() in /var/www/html/inc/template.php:592 see devel:menus should be used instead!
2026-06-06 19:57:34		tpl_toolsevent() is deprecated. It was called from include() in /var/www/html/lib/tpl/arcadebasic/main.php:158 see devel:menus should be used instead!
2026-06-06 19:57:34		tpl_action() is deprecated. It was called from include() in /var/www/html/lib/tpl/arcadebasic/main.php:190 see devel:menus should be used instead!
2026-06-06 19:57:34		tpl_actionlink() is deprecated. It was called from tpl_action() in /var/www/html/inc/template.php:712 see devel:menus should be used instead!
2026-06-06 19:57:34		tpl_get_action() is deprecated. It was called from tpl_actionlink() in /var/www/html/inc/template.php:592 see devel:menus should be used instead!
2026-06-06 19:57:34		tpl_action() is deprecated. It was called from include() in /var/www/html/lib/tpl/arcadebasic/main.php:191 see devel:menus should be used instead!
2026-06-06 19:57:34		tpl_actionlink() is deprecated. It was called from tpl_action() in /var/www/html/inc/template.php:712 see devel:menus should be used instead!
2026-06-06 19:57:34		tpl_get_action() is deprecated. It was called from tpl_actionlink() in /var/www/html/inc/template.php:592 see devel:menus should be used instead!
2026-06-06 19:57:34		tpl_action() is deprecated. It was called from include() in /var/www/html/lib/tpl/arcadebasic/main.php:192 see devel:menus should be used instead!
2026-06-06 19:57:34		tpl_actionlink() is deprecated. It was called from tpl_action() in /var/www/html/inc/template.php:712 see devel:menus should be used instead!
2026-06-06 19:57:34		tpl_get_action() is deprecated. It was called from tpl_actionlink() in /var/www/html/inc/template.php:592 see devel:menus should be used instead!
2026-06-06 19:57:34		tpl_toolsevent() is deprecated. It was called from include() in /var/www/html/lib/tpl/arcadebasic/main.php:187 see devel:menus should be used instead!
2026-06-06 19:57:34		tpl_action() is deprecated. It was called from include() in /var/www/html/lib/tpl/arcadebasic/main.php:203 see devel:menus should be used instead!
2026-06-06 19:57:34		tpl_actionlink() is deprecated. It was called from tpl_action() in /var/www/html/inc/template.php:712 see devel:menus should be used instead!
2026-06-06 19:57:34		tpl_get_action() is deprecated. It was called from tpl_actionlink() in /var/www/html/inc/template.php:592 see devel:menus should be used instead!
2026-06-06 19:57:34		tpl_action() is deprecated. It was called from include() in /var/www/html/lib/tpl/arcadebasic/main.php:204 see devel:menus should be used instead!
2026-06-06 19:57:34		tpl_actionlink() is deprecated. It was called from tpl_action() in /var/www/html/inc/template.php:712 see devel:menus should be used instead!
2026-06-06 19:57:34		tpl_get_action() is deprecated. It was called from tpl_actionlink() in /var/www/html/inc/template.php:592 see devel:menus should be used instead!
2026-06-06 19:57:34		tpl_action() is deprecated. It was called from include() in /var/www/html/lib/tpl/arcadebasic/main.php:205 see devel:menus should be used instead!
2026-06-06 19:57:34		tpl_actionlink() is deprecated. It was called from tpl_action() in /var/www/html/inc/template.php:712 see devel:menus should be used instead!
2026-06-06 19:57:34		tpl_get_action() is deprecated. It was called from tpl_actionlink() in /var/www/html/inc/template.php:592 see devel:menus should be used instead!
2026-06-06 19:57:34		tpl_toolsevent() is deprecated. It was called from include() in /var/www/html/lib/tpl/arcadebasic/main.php:202 see devel:menus should be used instead!
2026-06-06 20:10:39		tpl_action() is deprecated. It was called from include() in /var/www/html/lib/tpl/arcadebasic/main.php:159 see devel:menus should be used instead!
2026-06-06 20:10:39		tpl_actionlink() is deprecated. It was called from tpl_action() in /var/www/html/inc/template.php:712 see devel:menus should be used instead!
2026-06-06 20:10:39		tpl_get_action() is deprecated. It was called from tpl_actionlink() in /var/www/html/inc/template.php:592 see devel:menus should be used instead!
2026-06-06 20:10:39		tpl_toolsevent() is deprecated. It was called from include() in /var/www/html/lib/tpl/arcadebasic/main.php:158 see devel:menus should be used instead!
2026-06-06 20:10:39		tpl_action() is deprecated. It was called from include() in /var/www/html/lib/tpl/arcadebasic/main.php:190 see devel:menus should be used instead!
2026-06-06 20:10:39		tpl_actionlink() is deprecated. It was called from tpl_action() in /var/www/html/inc/template.php:712 see devel:menus should be used instead!
2026-06-06 20:10:39		tpl_get_action() is deprecated. It was called from tpl_actionlink() in /var/www/html/inc/template.php:592 see devel:menus should be used instead!
2026-06-06 20:10:39		tpl_action() is deprecated. It was called from include() in /var/www/html/lib/tpl/arcadebasic/main.php:191 see devel:menus should be used instead!
2026-06-06 20:10:39		tpl_actionlink() is deprecated. It was called from tpl_action() in /var/www/html/inc/template.php:712 see devel:menus should be used instead!
2026-06-06 20:10:39		tpl_get_action() is deprecated. It was called from tpl_actionlink() in /var/www/html/inc/template.php:592 see devel:menus should be used instead!
2026-06-06 20:10:39		tpl_action() is deprecated. It was called from include() in /var/www/html/lib/tpl/arcadebasic/main.php:192 see devel:menus should be used instead!
2026-06-06 20:10:39		tpl_actionlink() is deprecated. It was called from tpl_action() in /var/www/html/inc/template.php:712 see devel:menus should be used instead!
2026-06-06 20:10:39		tpl_get_action() is deprecated. It was called from tpl_actionlink() in /var/www/html/inc/template.php:592 see devel:menus should be used instead!
2026-06-06 20:10:39		tpl_toolsevent() is deprecated. It was called from include() in /var/www/html/lib/tpl/arcadebasic/main.php:187 see devel:menus should be used instead!
2026-06-06 20:10:39		tpl_action() is deprecated. It was called from include() in /var/www/html/lib/tpl/arcadebasic/main.php:203 see devel:menus should be used instead!
2026-06-06 20:10:39		tpl_actionlink() is deprecated. It was called from tpl_action() in /var/www/html/inc/template.php:712 see devel:menus should be used instead!
2026-06-06 20:10:39		tpl_get_action() is deprecated. It was called from tpl_actionlink() in /var/www/html/inc/template.php:592 see devel:menus should be used instead!
2026-06-06 20:10:39		tpl_action() is deprecated. It was called from include() in /var/www/html/lib/tpl/arcadebasic/main.php:204 see devel:menus should be used instead!
2026-06-06 20:10:39		tpl_actionlink() is deprecated. It was called from tpl_action() in /var/www/html/inc/template.php:712 see devel:menus should be used instead!
2026-06-06 20:10:39		tpl_get_action() is deprecated. It was called from tpl_actionlink() in /var/www/html/inc/template.php:592 see devel:menus should be used instead!
2026-06-06 20:10:39		tpl_action() is deprecated. It was called from include() in /var/www/html/lib/tpl/arcadebasic/main.php:205 see devel:menus should be used instead!
2026-06-06 20:10:39		tpl_actionlink() is deprecated. It was called from tpl_action() in /var/www/html/inc/template.php:712 see devel:menus should be used instead!
2026-06-06 20:10:39		tpl_get_action() is deprecated. It was called from tpl_actionlink() in /var/www/html/inc/template.php:592 see devel:menus should be used instead!
2026-06-06 20:10:39		tpl_toolsevent() is deprecated. It was called from include() in /var/www/html/lib/tpl/arcadebasic/main.php:202 see devel:menus should be used instead!
2026-06-06 20:16:58		tpl_action() is deprecated. It was called from include() in /var/www/html/lib/tpl/arcadebasic/main.php:159 see devel:menus should be used instead!
2026-06-06 20:16:58		tpl_actionlink() is deprecated. It was called from tpl_action() in /var/www/html/inc/template.php:712 see devel:menus should be used instead!
2026-06-06 20:16:58		tpl_get_action() is deprecated. It was called from tpl_actionlink() in /var/www/html/inc/template.php:592 see devel:menus should be used instead!
2026-06-06 20:16:58		tpl_toolsevent() is deprecated. It was called from include() in /var/www/html/lib/tpl/arcadebasic/main.php:158 see devel:menus should be used instead!
2026-06-06 20:16:58		tpl_action() is deprecated. It was called from include() in /var/www/html/lib/tpl/arcadebasic/main.php:190 see devel:menus should be used instead!
2026-06-06 20:16:58		tpl_actionlink() is deprecated. It was called from tpl_action() in /var/www/html/inc/template.php:712 see devel:menus should be used instead!
2026-06-06 20:16:58		tpl_get_action() is deprecated. It was called from tpl_actionlink() in /var/www/html/inc/template.php:592 see devel:menus should be used instead!
2026-06-06 20:16:58		tpl_action() is deprecated. It was called from include() in /var/www/html/lib/tpl/arcadebasic/main.php:191 see devel:menus should be used instead!
2026-06-06 20:16:58		tpl_actionlink() is deprecated. It was called from tpl_action() in /var/www/html/inc/template.php:712 see devel:menus should be used instead!
2026-06-06 20:16:58		tpl_get_action() is deprecated. It was called from tpl_actionlink() in /var/www/html/inc/template.php:592 see devel:menus should be used instead!
2026-06-06 20:16:58		tpl_action() is deprecated. It was called from include() in /var/www/html/lib/tpl/arcadebasic/main.php:192 see devel:menus should be used instead!
2026-06-06 20:16:58		tpl_actionlink() is deprecated. It was called from tpl_action() in /var/www/html/inc/template.php:712 see devel:menus should be used instead!
2026-06-06 20:16:58		tpl_get_action() is deprecated. It was called from tpl_actionlink() in /var/www/html/inc/template.php:592 see devel:menus should be used instead!
2026-06-06 20:16:58		tpl_toolsevent() is deprecated. It was called from include() in /var/www/html/lib/tpl/arcadebasic/main.php:187 see devel:menus should be used instead!
2026-06-06 20:16:58		tpl_action() is deprecated. It was called from include() in /var/www/html/lib/tpl/arcadebasic/main.php:203 see devel:menus should be used instead!
2026-06-06 20:16:58		tpl_actionlink() is deprecated. It was called from tpl_action() in /var/www/html/inc/template.php:712 see devel:menus should be used instead!
2026-06-06 20:16:58		tpl_get_action() is deprecated. It was called from tpl_actionlink() in /var/www/html/inc/template.php:592 see devel:menus should be used instead!
2026-06-06 20:16:58		tpl_action() is deprecated. It was called from include() in /var/www/html/lib/tpl/arcadebasic/main.php:204 see devel:menus should be used instead!
2026-06-06 20:16:58		tpl_actionlink() is deprecated. It was called from tpl_action() in /var/www/html/inc/template.php:712 see devel:menus should be used instead!
2026-06-06 20:16:58		tpl_get_action() is deprecated. It was called from tpl_actionlink() in /var/www/html/inc/template.php:592 see devel:menus should be used instead!
2026-06-06 20:16:58		tpl_action() is deprecated. It was called from include() in /var/www/html/lib/tpl/arcadebasic/main.php:205 see devel:menus should be used instead!
2026-06-06 20:16:58		tpl_actionlink() is deprecated. It was called from tpl_action() in /var/www/html/inc/template.php:712 see devel:menus should be used instead!
2026-06-06 20:16:58		tpl_get_action() is deprecated. It was called from tpl_actionlink() in /var/www/html/inc/template.php:592 see devel:menus should be used instead!
2026-06-06 20:16:58		tpl_toolsevent() is deprecated. It was called from include() in /var/www/html/lib/tpl/arcadebasic/main.php:202 see devel:menus should be used instead!
2026-06-06 20:29:24		tpl_action() is deprecated. It was called from include() in /var/www/html/lib/tpl/arcadebasic/main.php:159 see devel:menus should be used instead!
2026-06-06 20:29:24		tpl_actionlink() is deprecated. It was called from tpl_action() in /var/www/html/inc/template.php:712 see devel:menus should be used instead!
2026-06-06 20:29:24		tpl_get_action() is deprecated. It was called from tpl_actionlink() in /var/www/html/inc/template.php:592 see devel:menus should be used instead!
2026-06-06 20:29:24		tpl_toolsevent() is deprecated. It was called from include() in /var/www/html/lib/tpl/arcadebasic/main.php:158 see devel:menus should be used instead!
2026-06-06 20:29:24		tpl_action() is deprecated. It was called from include() in /var/www/html/lib/tpl/arcadebasic/main.php:190 see devel:menus should be used instead!
2026-06-06 20:29:24		tpl_actionlink() is deprecated. It was called from tpl_action() in /var/www/html/inc/template.php:712 see devel:menus should be used instead!
2026-06-06 20:29:24		tpl_get_action() is deprecated. It was called from tpl_actionlink() in /var/www/html/inc/template.php:592 see devel:menus should be used instead!
2026-06-06 20:29:24		tpl_action() is deprecated. It was called from include() in /var/www/html/lib/tpl/arcadebasic/main.php:191 see devel:menus should be used instead!
2026-06-06 20:29:24		tpl_actionlink() is deprecated. It was called from tpl_action() in /var/www/html/inc/template.php:712 see devel:menus should be used instead!
2026-06-06 20:29:24		tpl_get_action() is deprecated. It was called from tpl_actionlink() in /var/www/html/inc/template.php:592 see devel:menus should be used instead!
2026-06-06 20:29:24		tpl_action() is deprecated. It was called from include() in /var/www/html/lib/tpl/arcadebasic/main.php:192 see devel:menus should be used instead!
2026-06-06 20:29:24		tpl_actionlink() is deprecated. It was called from tpl_action() in /var/www/html/inc/template.php:712 see devel:menus should be used instead!
2026-06-06 20:29:24		tpl_get_action() is deprecated. It was called from tpl_actionlink() in /var/www/html/inc/template.php:592 see devel:menus should be used instead!
2026-06-06 20:29:24		tpl_toolsevent() is deprecated. It was called from include() in /var/www/html/lib/tpl/arcadebasic/main.php:187 see devel:menus should be used instead!
2026-06-06 20:29:24		tpl_action() is deprecated. It was called from include() in /var/www/html/lib/tpl/arcadebasic/main.php:203 see devel:menus should be used instead!
2026-06-06 20:29:24		tpl_actionlink() is deprecated. It was called from tpl_action() in /var/www/html/inc/template.php:712 see devel:menus should be used instead!
2026-06-06 20:29:24		tpl_get_action() is deprecated. It was called from tpl_actionlink() in /var/www/html/inc/template.php:592 see devel:menus should be used instead!
2026-06-06 20:29:24		tpl_action() is deprecated. It was called from include() in /var/www/html/lib/tpl/arcadebasic/main.php:204 see devel:menus should be used instead!
2026-06-06 20:29:24		tpl_actionlink() is deprecated. It was called from tpl_action() in /var/www/html/inc/template.php:712 see devel:menus should be used instead!
2026-06-06 20:29:24		tpl_get_action() is deprecated. It was called from tpl_actionlink() in /var/www/html/inc/template.php:592 see devel:menus should be used instead!
2026-06-06 20:29:24		tpl_action() is deprecated. It was called from include() in /var/www/html/lib/tpl/arcadebasic/main.php:205 see devel:menus should be used instead!
2026-06-06 20:29:24		tpl_actionlink() is deprecated. It was called from tpl_action() in /var/www/html/inc/template.php:712 see devel:menus should be used instead!
2026-06-06 20:29:24		tpl_get_action() is deprecated. It was called from tpl_actionlink() in /var/www/html/inc/template.php:592 see devel:menus should be used instead!
2026-06-06 20:29:24		tpl_toolsevent() is deprecated. It was called from include() in /var/www/html/lib/tpl/arcadebasic/main.php:202 see devel:menus should be used instead!
2026-06-06 20:37:22		tpl_action() is deprecated. It was called from include() in /var/www/html/lib/tpl/arcadebasic/main.php:159 see devel:menus should be used instead!
2026-06-06 20:37:22		tpl_actionlink() is deprecated. It was called from tpl_action() in /var/www/html/inc/template.php:712 see devel:menus should be used instead!
2026-06-06 20:37:22		tpl_get_action() is deprecated. It was called from tpl_actionlink() in /var/www/html/inc/template.php:592 see devel:menus should be used instead!
2026-06-06 20:37:22		tpl_toolsevent() is deprecated. It was called from include() in /var/www/html/lib/tpl/arcadebasic/main.php:158 see devel:menus should be used instead!
2026-06-06 20:37:22		tpl_action() is deprecated. It was called from include() in /var/www/html/lib/tpl/arcadebasic/main.php:190 see devel:menus should be used instead!
2026-06-06 20:37:22		tpl_actionlink() is deprecated. It was called from tpl_action() in /var/www/html/inc/template.php:712 see devel:menus should be used instead!
2026-06-06 20:37:22		tpl_get_action() is deprecated. It was called from tpl_actionlink() in /var/www/html/inc/template.php:592 see devel:menus should be used instead!
2026-06-06 20:37:22		tpl_action() is deprecated. It was called from include() in /var/www/html/lib/tpl/arcadebasic/main.php:191 see devel:menus should be used instead!
2026-06-06 20:37:22		tpl_actionlink() is deprecated. It was called from tpl_action() in /var/www/html/inc/template.php:712 see devel:menus should be used instead!
2026-06-06 20:37:22		tpl_get_action() is deprecated. It was called from tpl_actionlink() in /var/www/html/inc/template.php:592 see devel:menus should be used instead!
2026-06-06 20:37:22		tpl_action() is deprecated. It was called from include() in /var/www/html/lib/tpl/arcadebasic/main.php:192 see devel:menus should be used instead!
2026-06-06 20:37:22		tpl_actionlink() is deprecated. It was called from tpl_action() in /var/www/html/inc/template.php:712 see devel:menus should be used instead!
2026-06-06 20:37:22		tpl_get_action() is deprecated. It was called from tpl_actionlink() in /var/www/html/inc/template.php:592 see devel:menus should be used instead!
2026-06-06 20:37:22		tpl_toolsevent() is deprecated. It was called from include() in /var/www/html/lib/tpl/arcadebasic/main.php:187 see devel:menus should be used instead!
2026-06-06 20:37:22		tpl_action() is deprecated. It was called from include() in /var/www/html/lib/tpl/arcadebasic/main.php:203 see devel:menus should be used instead!
2026-06-06 20:37:22		tpl_actionlink() is deprecated. It was called from tpl_action() in /var/www/html/inc/template.php:712 see devel:menus should be used instead!
2026-06-06 20:37:22		tpl_get_action() is deprecated. It was called from tpl_actionlink() in /var/www/html/inc/template.php:592 see devel:menus should be used instead!
2026-06-06 20:37:22		tpl_action() is deprecated. It was called from include() in /var/www/html/lib/tpl/arcadebasic/main.php:204 see devel:menus should be used instead!
2026-06-06 20:37:22		tpl_actionlink() is deprecated. It was called from tpl_action() in /var/www/html/inc/template.php:712 see devel:menus should be used instead!
2026-06-06 20:37:22		tpl_get_action() is deprecated. It was called from tpl_actionlink() in /var/www/html/inc/template.php:592 see devel:menus should be used instead!
2026-06-06 20:37:22		tpl_action() is deprecated. It was called from include() in /var/www/html/lib/tpl/arcadebasic/main.php:205 see devel:menus should be used instead!
2026-06-06 20:37:22		tpl_actionlink() is deprecated. It was called from tpl_action() in /var/www/html/inc/template.php:712 see devel:menus should be used instead!
2026-06-06 20:37:22		tpl_get_action() is deprecated. It was called from tpl_actionlink() in /var/www/html/inc/template.php:592 see devel:menus should be used instead!
2026-06-06 20:37:22		tpl_toolsevent() is deprecated. It was called from include() in /var/www/html/lib/tpl/arcadebasic/main.php:202 see devel:menus should be used instead!
2026-06-06 20:48:25		tpl_action() is deprecated. It was called from include() in /var/www/html/lib/tpl/arcadebasic/main.php:159 see devel:menus should be used instead!
2026-06-06 20:48:25		tpl_actionlink() is deprecated. It was called from tpl_action() in /var/www/html/inc/template.php:712 see devel:menus should be used instead!
2026-06-06 20:48:25		tpl_get_action() is deprecated. It was called from tpl_actionlink() in /var/www/html/inc/template.php:592 see devel:menus should be used instead!
2026-06-06 20:48:25		tpl_toolsevent() is deprecated. It was called from include() in /var/www/html/lib/tpl/arcadebasic/main.php:158 see devel:menus should be used instead!
2026-06-06 20:48:25		tpl_action() is deprecated. It was called from include() in /var/www/html/lib/tpl/arcadebasic/main.php:190 see devel:menus should be used instead!
2026-06-06 20:48:25		tpl_actionlink() is deprecated. It was called from tpl_action() in /var/www/html/inc/template.php:712 see devel:menus should be used instead!
2026-06-06 20:48:25		tpl_get_action() is deprecated. It was called from tpl_actionlink() in /var/www/html/inc/template.php:592 see devel:menus should be used instead!
2026-06-06 20:48:25		tpl_action() is deprecated. It was called from include() in /var/www/html/lib/tpl/arcadebasic/main.php:191 see devel:menus should be used instead!
2026-06-06 20:48:25		tpl_actionlink() is deprecated. It was called from tpl_action() in /var/www/html/inc/template.php:712 see devel:menus should be used instead!
2026-06-06 20:48:25		tpl_get_action() is deprecated. It was called from tpl_actionlink() in /var/www/html/inc/template.php:592 see devel:menus should be used instead!
2026-06-06 20:48:25		tpl_action() is deprecated. It was called from include() in /var/www/html/lib/tpl/arcadebasic/main.php:192 see devel:menus should be used instead!
2026-06-06 20:48:25		tpl_actionlink() is deprecated. It was called from tpl_action() in /var/www/html/inc/template.php:712 see devel:menus should be used instead!
2026-06-06 20:48:25		tpl_get_action() is deprecated. It was called from tpl_actionlink() in /var/www/html/inc/template.php:592 see devel:menus should be used instead!
2026-06-06 20:48:25		tpl_toolsevent() is deprecated. It was called from include() in /var/www/html/lib/tpl/arcadebasic/main.php:187 see devel:menus should be used instead!
2026-06-06 20:48:25		tpl_action() is deprecated. It was called from include() in /var/www/html/lib/tpl/arcadebasic/main.php:203 see devel:menus should be used instead!
2026-06-06 20:48:25		tpl_actionlink() is deprecated. It was called from tpl_action() in /var/www/html/inc/template.php:712 see devel:menus should be used instead!
2026-06-06 20:48:25		tpl_get_action() is deprecated. It was called from tpl_actionlink() in /var/www/html/inc/template.php:592 see devel:menus should be used instead!
2026-06-06 20:48:25		tpl_action() is deprecated. It was called from include() in /var/www/html/lib/tpl/arcadebasic/main.php:204 see devel:menus should be used instead!
2026-06-06 20:48:25		tpl_actionlink() is deprecated. It was called from tpl_action() in /var/www/html/inc/template.php:712 see devel:menus should be used instead!
2026-06-06 20:48:25		tpl_get_action() is deprecated. It was called from tpl_actionlink() in /var/www/html/inc/template.php:592 see devel:menus should be used instead!
2026-06-06 20:48:25		tpl_action() is deprecated. It was called from include() in /var/www/html/lib/tpl/arcadebasic/main.php:205 see devel:menus should be used instead!
2026-06-06 20:48:25		tpl_actionlink() is deprecated. It was called from tpl_action() in /var/www/html/inc/template.php:712 see devel:menus should be used instead!
2026-06-06 20:48:25		tpl_get_action() is deprecated. It was called from tpl_actionlink() in /var/www/html/inc/template.php:592 see devel:menus should be used instead!
2026-06-06 20:48:25		tpl_toolsevent() is deprecated. It was called from include() in /var/www/html/lib/tpl/arcadebasic/main.php:202 see devel:menus should be used instead!
2026-06-06 20:49:38		tpl_action() is deprecated. It was called from include() in /var/www/html/lib/tpl/arcadebasic/main.php:159 see devel:menus should be used instead!
2026-06-06 20:49:38		tpl_actionlink() is deprecated. It was called from tpl_action() in /var/www/html/inc/template.php:712 see devel:menus should be used instead!
2026-06-06 20:49:38		tpl_get_action() is deprecated. It was called from tpl_actionlink() in /var/www/html/inc/template.php:592 see devel:menus should be used instead!
2026-06-06 20:49:38		tpl_toolsevent() is deprecated. It was called from include() in /var/www/html/lib/tpl/arcadebasic/main.php:158 see devel:menus should be used instead!
2026-06-06 20:49:38		tpl_action() is deprecated. It was called from include() in /var/www/html/lib/tpl/arcadebasic/main.php:190 see devel:menus should be used instead!
2026-06-06 20:49:38		tpl_actionlink() is deprecated. It was called from tpl_action() in /var/www/html/inc/template.php:712 see devel:menus should be used instead!
2026-06-06 20:49:38		tpl_get_action() is deprecated. It was called from tpl_actionlink() in /var/www/html/inc/template.php:592 see devel:menus should be used instead!
2026-06-06 20:49:38		tpl_action() is deprecated. It was called from include() in /var/www/html/lib/tpl/arcadebasic/main.php:191 see devel:menus should be used instead!
2026-06-06 20:49:38		tpl_actionlink() is deprecated. It was called from tpl_action() in /var/www/html/inc/template.php:712 see devel:menus should be used instead!
2026-06-06 20:49:38		tpl_get_action() is deprecated. It was called from tpl_actionlink() in /var/www/html/inc/template.php:592 see devel:menus should be used instead!
2026-06-06 20:49:38		tpl_action() is deprecated. It was called from include() in /var/www/html/lib/tpl/arcadebasic/main.php:192 see devel:menus should be used instead!
2026-06-06 20:49:38		tpl_actionlink() is deprecated. It was called from tpl_action() in /var/www/html/inc/template.php:712 see devel:menus should be used instead!
2026-06-06 20:49:38		tpl_get_action() is deprecated. It was called from tpl_actionlink() in /var/www/html/inc/template.php:592 see devel:menus should be used instead!
2026-06-06 20:49:38		tpl_toolsevent() is deprecated. It was called from include() in /var/www/html/lib/tpl/arcadebasic/main.php:187 see devel:menus should be used instead!
2026-06-06 20:49:38		tpl_action() is deprecated. It was called from include() in /var/www/html/lib/tpl/arcadebasic/main.php:203 see devel:menus should be used instead!
2026-06-06 20:49:38		tpl_actionlink() is deprecated. It was called from tpl_action() in /var/www/html/inc/template.php:712 see devel:menus should be used instead!
2026-06-06 20:49:38		tpl_get_action() is deprecated. It was called from tpl_actionlink() in /var/www/html/inc/template.php:592 see devel:menus should be used instead!
2026-06-06 20:49:38		tpl_action() is deprecated. It was called from include() in /var/www/html/lib/tpl/arcadebasic/main.php:204 see devel:menus should be used instead!
2026-06-06 20:49:38		tpl_actionlink() is deprecated. It was called from tpl_action() in /var/www/html/inc/template.php:712 see devel:menus should be used instead!
2026-06-06 20:49:38		tpl_get_action() is deprecated. It was called from tpl_actionlink() in /var/www/html/inc/template.php:592 see devel:menus should be used instead!
2026-06-06 20:49:38		tpl_action() is deprecated. It was called from include() in /var/www/html/lib/tpl/arcadebasic/main.php:205 see devel:menus should be used instead!
2026-06-06 20:49:38		tpl_actionlink() is deprecated. It was called from tpl_action() in /var/www/html/inc/template.php:712 see devel:menus should be used instead!
2026-06-06 20:49:38		tpl_get_action() is deprecated. It was called from tpl_actionlink() in /var/www/html/inc/template.php:592 see devel:menus should be used instead!
2026-06-06 20:49:38		tpl_toolsevent() is deprecated. It was called from include() in /var/www/html/lib/tpl/arcadebasic/main.php:202 see devel:menus should be used instead!
2026-06-06 20:57:20		tpl_action() is deprecated. It was called from include() in /var/www/html/lib/tpl/arcadebasic/main.php:159 see devel:menus should be used instead!
2026-06-06 20:57:20		tpl_actionlink() is deprecated. It was called from tpl_action() in /var/www/html/inc/template.php:712 see devel:menus should be used instead!
2026-06-06 20:57:20		tpl_get_action() is deprecated. It was called from tpl_actionlink() in /var/www/html/inc/template.php:592 see devel:menus should be used instead!
2026-06-06 20:57:20		tpl_toolsevent() is deprecated. It was called from include() in /var/www/html/lib/tpl/arcadebasic/main.php:158 see devel:menus should be used instead!
2026-06-06 20:57:20		tpl_action() is deprecated. It was called from include() in /var/www/html/lib/tpl/arcadebasic/main.php:190 see devel:menus should be used instead!
2026-06-06 20:57:20		tpl_actionlink() is deprecated. It was called from tpl_action() in /var/www/html/inc/template.php:712 see devel:menus should be used instead!
2026-06-06 20:57:20		tpl_get_action() is deprecated. It was called from tpl_actionlink() in /var/www/html/inc/template.php:592 see devel:menus should be used instead!
2026-06-06 20:57:20		tpl_action() is deprecated. It was called from include() in /var/www/html/lib/tpl/arcadebasic/main.php:191 see devel:menus should be used instead!
2026-06-06 20:57:20		tpl_actionlink() is deprecated. It was called from tpl_action() in /var/www/html/inc/template.php:712 see devel:menus should be used instead!
2026-06-06 20:57:20		tpl_get_action() is deprecated. It was called from tpl_actionlink() in /var/www/html/inc/template.php:592 see devel:menus should be used instead!
2026-06-06 20:57:20		tpl_action() is deprecated. It was called from include() in /var/www/html/lib/tpl/arcadebasic/main.php:192 see devel:menus should be used instead!
2026-06-06 20:57:20		tpl_actionlink() is deprecated. It was called from tpl_action() in /var/www/html/inc/template.php:712 see devel:menus should be used instead!
2026-06-06 20:57:20		tpl_get_action() is deprecated. It was called from tpl_actionlink() in /var/www/html/inc/template.php:592 see devel:menus should be used instead!
2026-06-06 20:57:20		tpl_toolsevent() is deprecated. It was called from include() in /var/www/html/lib/tpl/arcadebasic/main.php:187 see devel:menus should be used instead!
2026-06-06 20:57:20		tpl_action() is deprecated. It was called from include() in /var/www/html/lib/tpl/arcadebasic/main.php:203 see devel:menus should be used instead!
2026-06-06 20:57:20		tpl_actionlink() is deprecated. It was called from tpl_action() in /var/www/html/inc/template.php:712 see devel:menus should be used instead!
2026-06-06 20:57:20		tpl_get_action() is deprecated. It was called from tpl_actionlink() in /var/www/html/inc/template.php:592 see devel:menus should be used instead!
2026-06-06 20:57:20		tpl_action() is deprecated. It was called from include() in /var/www/html/lib/tpl/arcadebasic/main.php:204 see devel:menus should be used instead!
2026-06-06 20:57:20		tpl_actionlink() is deprecated. It was called from tpl_action() in /var/www/html/inc/template.php:712 see devel:menus should be used instead!
2026-06-06 20:57:20		tpl_get_action() is deprecated. It was called from tpl_actionlink() in /var/www/html/inc/template.php:592 see devel:menus should be used instead!
2026-06-06 20:57:20		tpl_action() is deprecated. It was called from include() in /var/www/html/lib/tpl/arcadebasic/main.php:205 see devel:menus should be used instead!
2026-06-06 20:57:20		tpl_actionlink() is deprecated. It was called from tpl_action() in /var/www/html/inc/template.php:712 see devel:menus should be used instead!
2026-06-06 20:57:20		tpl_get_action() is deprecated. It was called from tpl_actionlink() in /var/www/html/inc/template.php:592 see devel:menus should be used instead!
2026-06-06 20:57:20		tpl_toolsevent() is deprecated. It was called from include() in /var/www/html/lib/tpl/arcadebasic/main.php:202 see devel:menus should be used instead!
2026-06-06 21:06:52		tpl_action() is deprecated. It was called from include() in /var/www/html/lib/tpl/arcadebasic/main.php:159 see devel:menus should be used instead!
2026-06-06 21:06:52		tpl_actionlink() is deprecated. It was called from tpl_action() in /var/www/html/inc/template.php:712 see devel:menus should be used instead!
2026-06-06 21:06:52		tpl_get_action() is deprecated. It was called from tpl_actionlink() in /var/www/html/inc/template.php:592 see devel:menus should be used instead!
2026-06-06 21:06:52		tpl_toolsevent() is deprecated. It was called from include() in /var/www/html/lib/tpl/arcadebasic/main.php:158 see devel:menus should be used instead!
2026-06-06 21:06:52		tpl_action() is deprecated. It was called from include() in /var/www/html/lib/tpl/arcadebasic/main.php:190 see devel:menus should be used instead!
2026-06-06 21:06:52		tpl_actionlink() is deprecated. It was called from tpl_action() in /var/www/html/inc/template.php:712 see devel:menus should be used instead!
2026-06-06 21:06:52		tpl_get_action() is deprecated. It was called from tpl_actionlink() in /var/www/html/inc/template.php:592 see devel:menus should be used instead!
2026-06-06 21:06:52		tpl_action() is deprecated. It was called from include() in /var/www/html/lib/tpl/arcadebasic/main.php:191 see devel:menus should be used instead!
2026-06-06 21:06:52		tpl_actionlink() is deprecated. It was called from tpl_action() in /var/www/html/inc/template.php:712 see devel:menus should be used instead!
2026-06-06 21:06:52		tpl_get_action() is deprecated. It was called from tpl_actionlink() in /var/www/html/inc/template.php:592 see devel:menus should be used instead!
2026-06-06 21:06:52		tpl_action() is deprecated. It was called from include() in /var/www/html/lib/tpl/arcadebasic/main.php:192 see devel:menus should be used instead!
2026-06-06 21:06:52		tpl_actionlink() is deprecated. It was called from tpl_action() in /var/www/html/inc/template.php:712 see devel:menus should be used instead!
2026-06-06 21:06:52		tpl_get_action() is deprecated. It was called from tpl_actionlink() in /var/www/html/inc/template.php:592 see devel:menus should be used instead!
2026-06-06 21:06:52		tpl_toolsevent() is deprecated. It was called from include() in /var/www/html/lib/tpl/arcadebasic/main.php:187 see devel:menus should be used instead!
2026-06-06 21:06:52		tpl_action() is deprecated. It was called from include() in /var/www/html/lib/tpl/arcadebasic/main.php:203 see devel:menus should be used instead!
2026-06-06 21:06:52		tpl_actionlink() is deprecated. It was called from tpl_action() in /var/www/html/inc/template.php:712 see devel:menus should be used instead!
2026-06-06 21:06:52		tpl_get_action() is deprecated. It was called from tpl_actionlink() in /var/www/html/inc/template.php:592 see devel:menus should be used instead!
2026-06-06 21:06:52		tpl_action() is deprecated. It was called from include() in /var/www/html/lib/tpl/arcadebasic/main.php:204 see devel:menus should be used instead!
2026-06-06 21:06:52		tpl_actionlink() is deprecated. It was called from tpl_action() in /var/www/html/inc/template.php:712 see devel:menus should be used instead!
2026-06-06 21:06:52		tpl_get_action() is deprecated. It was called from tpl_actionlink() in /var/www/html/inc/template.php:592 see devel:menus should be used instead!
2026-06-06 21:06:52		tpl_action() is deprecated. It was called from include() in /var/www/html/lib/tpl/arcadebasic/main.php:205 see devel:menus should be used instead!
2026-06-06 21:06:52		tpl_actionlink() is deprecated. It was called from tpl_action() in /var/www/html/inc/template.php:712 see devel:menus should be used instead!
2026-06-06 21:06:52		tpl_get_action() is deprecated. It was called from tpl_actionlink() in /var/www/html/inc/template.php:592 see devel:menus should be used instead!
2026-06-06 21:06:52		tpl_toolsevent() is deprecated. It was called from include() in /var/www/html/lib/tpl/arcadebasic/main.php:202 see devel:menus should be used instead!
2026-06-06 21:22:01		tpl_action() is deprecated. It was called from include() in /var/www/html/lib/tpl/arcadebasic/main.php:159 see devel:menus should be used instead!
2026-06-06 21:22:01		tpl_actionlink() is deprecated. It was called from tpl_action() in /var/www/html/inc/template.php:712 see devel:menus should be used instead!
2026-06-06 21:22:01		tpl_get_action() is deprecated. It was called from tpl_actionlink() in /var/www/html/inc/template.php:592 see devel:menus should be used instead!
2026-06-06 21:22:01		tpl_toolsevent() is deprecated. It was called from include() in /var/www/html/lib/tpl/arcadebasic/main.php:158 see devel:menus should be used instead!
2026-06-06 21:22:01		tpl_action() is deprecated. It was called from include() in /var/www/html/lib/tpl/arcadebasic/main.php:190 see devel:menus should be used instead!
2026-06-06 21:22:01		tpl_actionlink() is deprecated. It was called from tpl_action() in /var/www/html/inc/template.php:712 see devel:menus should be used instead!
2026-06-06 21:22:01		tpl_get_action() is deprecated. It was called from tpl_actionlink() in /var/www/html/inc/template.php:592 see devel:menus should be used instead!
2026-06-06 21:22:01		tpl_action() is deprecated. It was called from include() in /var/www/html/lib/tpl/arcadebasic/main.php:191 see devel:menus should be used instead!
2026-06-06 21:22:01		tpl_actionlink() is deprecated. It was called from tpl_action() in /var/www/html/inc/template.php:712 see devel:menus should be used instead!
2026-06-06 21:22:01		tpl_get_action() is deprecated. It was called from tpl_actionlink() in /var/www/html/inc/template.php:592 see devel:menus should be used instead!
2026-06-06 21:22:01		tpl_action() is deprecated. It was called from include() in /var/www/html/lib/tpl/arcadebasic/main.php:192 see devel:menus should be used instead!
2026-06-06 21:22:01		tpl_actionlink() is deprecated. It was called from tpl_action() in /var/www/html/inc/template.php:712 see devel:menus should be used instead!
2026-06-06 21:22:01		tpl_get_action() is deprecated. It was called from tpl_actionlink() in /var/www/html/inc/template.php:592 see devel:menus should be used instead!
2026-06-06 21:22:01		tpl_toolsevent() is deprecated. It was called from include() in /var/www/html/lib/tpl/arcadebasic/main.php:187 see devel:menus should be used instead!
2026-06-06 21:22:01		tpl_action() is deprecated. It was called from include() in /var/www/html/lib/tpl/arcadebasic/main.php:203 see devel:menus should be used instead!
2026-06-06 21:22:01		tpl_actionlink() is deprecated. It was called from tpl_action() in /var/www/html/inc/template.php:712 see devel:menus should be used instead!
2026-06-06 21:22:01		tpl_get_action() is deprecated. It was called from tpl_actionlink() in /var/www/html/inc/template.php:592 see devel:menus should be used instead!
2026-06-06 21:22:01		tpl_action() is deprecated. It was called from include() in /var/www/html/lib/tpl/arcadebasic/main.php:204 see devel:menus should be used instead!
2026-06-06 21:22:01		tpl_actionlink() is deprecated. It was called from tpl_action() in /var/www/html/inc/template.php:712 see devel:menus should be used instead!
2026-06-06 21:22:01		tpl_get_action() is deprecated. It was called from tpl_actionlink() in /var/www/html/inc/template.php:592 see devel:menus should be used instead!
2026-06-06 21:22:01		tpl_action() is deprecated. It was called from include() in /var/www/html/lib/tpl/arcadebasic/main.php:205 see devel:menus should be used instead!
2026-06-06 21:22:01		tpl_actionlink() is deprecated. It was called from tpl_action() in /var/www/html/inc/template.php:712 see devel:menus should be used instead!
2026-06-06 21:22:01		tpl_get_action() is deprecated. It was called from tpl_actionlink() in /var/www/html/inc/template.php:592 see devel:menus should be used instead!
2026-06-06 21:22:01		tpl_toolsevent() is deprecated. It was called from include() in /var/www/html/lib/tpl/arcadebasic/main.php:202 see devel:menus should be used instead!
2026-06-06 21:49:07		tpl_action() is deprecated. It was called from include() in /var/www/html/lib/tpl/arcadebasic/main.php:159 see devel:menus should be used instead!
2026-06-06 21:49:07		tpl_actionlink() is deprecated. It was called from tpl_action() in /var/www/html/inc/template.php:712 see devel:menus should be used instead!
2026-06-06 21:49:07		tpl_get_action() is deprecated. It was called from tpl_actionlink() in /var/www/html/inc/template.php:592 see devel:menus should be used instead!
2026-06-06 21:49:07		tpl_toolsevent() is deprecated. It was called from include() in /var/www/html/lib/tpl/arcadebasic/main.php:158 see devel:menus should be used instead!
2026-06-06 21:49:07		tpl_action() is deprecated. It was called from include() in /var/www/html/lib/tpl/arcadebasic/main.php:190 see devel:menus should be used instead!
2026-06-06 21:49:07		tpl_actionlink() is deprecated. It was called from tpl_action() in /var/www/html/inc/template.php:712 see devel:menus should be used instead!
2026-06-06 21:49:07		tpl_get_action() is deprecated. It was called from tpl_actionlink() in /var/www/html/inc/template.php:592 see devel:menus should be used instead!
2026-06-06 21:49:07		tpl_action() is deprecated. It was called from include() in /var/www/html/lib/tpl/arcadebasic/main.php:191 see devel:menus should be used instead!
2026-06-06 21:49:07		tpl_actionlink() is deprecated. It was called from tpl_action() in /var/www/html/inc/template.php:712 see devel:menus should be used instead!
2026-06-06 21:49:07		tpl_get_action() is deprecated. It was called from tpl_actionlink() in /var/www/html/inc/template.php:592 see devel:menus should be used instead!
2026-06-06 21:49:07		tpl_action() is deprecated. It was called from include() in /var/www/html/lib/tpl/arcadebasic/main.php:192 see devel:menus should be used instead!
2026-06-06 21:49:07		tpl_actionlink() is deprecated. It was called from tpl_action() in /var/www/html/inc/template.php:712 see devel:menus should be used instead!
2026-06-06 21:49:07		tpl_get_action() is deprecated. It was called from tpl_actionlink() in /var/www/html/inc/template.php:592 see devel:menus should be used instead!
2026-06-06 21:49:07		tpl_toolsevent() is deprecated. It was called from include() in /var/www/html/lib/tpl/arcadebasic/main.php:187 see devel:menus should be used instead!
2026-06-06 21:49:07		tpl_action() is deprecated. It was called from include() in /var/www/html/lib/tpl/arcadebasic/main.php:203 see devel:menus should be used instead!
2026-06-06 21:49:07		tpl_actionlink() is deprecated. It was called from tpl_action() in /var/www/html/inc/template.php:712 see devel:menus should be used instead!
2026-06-06 21:49:07		tpl_get_action() is deprecated. It was called from tpl_actionlink() in /var/www/html/inc/template.php:592 see devel:menus should be used instead!
2026-06-06 21:49:07		tpl_action() is deprecated. It was called from include() in /var/www/html/lib/tpl/arcadebasic/main.php:204 see devel:menus should be used instead!
2026-06-06 21:49:07		tpl_actionlink() is deprecated. It was called from tpl_action() in /var/www/html/inc/template.php:712 see devel:menus should be used instead!
2026-06-06 21:49:07		tpl_get_action() is deprecated. It was called from tpl_actionlink() in /var/www/html/inc/template.php:592 see devel:menus should be used instead!
2026-06-06 21:49:07		tpl_action() is deprecated. It was called from include() in /var/www/html/lib/tpl/arcadebasic/main.php:205 see devel:menus should be used instead!
2026-06-06 21:49:07		tpl_actionlink() is deprecated. It was called from tpl_action() in /var/www/html/inc/template.php:712 see devel:menus should be used instead!
2026-06-06 21:49:07		tpl_get_action() is deprecated. It was called from tpl_actionlink() in /var/www/html/inc/template.php:592 see devel:menus should be used instead!
2026-06-06 21:49:07		tpl_toolsevent() is deprecated. It was called from include() in /var/www/html/lib/tpl/arcadebasic/main.php:202 see devel:menus should be used instead!
2026-06-06 22:41:13		tpl_action() is deprecated. It was called from include() in /var/www/html/lib/tpl/arcadebasic/main.php:159 see devel:menus should be used instead!
2026-06-06 22:41:13		tpl_actionlink() is deprecated. It was called from tpl_action() in /var/www/html/inc/template.php:712 see devel:menus should be used instead!
2026-06-06 22:41:13		tpl_get_action() is deprecated. It was called from tpl_actionlink() in /var/www/html/inc/template.php:592 see devel:menus should be used instead!
2026-06-06 22:41:13		tpl_toolsevent() is deprecated. It was called from include() in /var/www/html/lib/tpl/arcadebasic/main.php:158 see devel:menus should be used instead!
2026-06-06 22:41:13		tpl_action() is deprecated. It was called from include() in /var/www/html/lib/tpl/arcadebasic/main.php:190 see devel:menus should be used instead!
2026-06-06 22:41:13		tpl_actionlink() is deprecated. It was called from tpl_action() in /var/www/html/inc/template.php:712 see devel:menus should be used instead!
2026-06-06 22:41:13		tpl_get_action() is deprecated. It was called from tpl_actionlink() in /var/www/html/inc/template.php:592 see devel:menus should be used instead!
2026-06-06 22:41:13		tpl_action() is deprecated. It was called from include() in /var/www/html/lib/tpl/arcadebasic/main.php:191 see devel:menus should be used instead!
2026-06-06 22:41:13		tpl_actionlink() is deprecated. It was called from tpl_action() in /var/www/html/inc/template.php:712 see devel:menus should be used instead!
2026-06-06 22:41:13		tpl_get_action() is deprecated. It was called from tpl_actionlink() in /var/www/html/inc/template.php:592 see devel:menus should be used instead!
2026-06-06 22:41:13		tpl_action() is deprecated. It was called from include() in /var/www/html/lib/tpl/arcadebasic/main.php:192 see devel:menus should be used instead!
2026-06-06 22:41:13		tpl_actionlink() is deprecated. It was called from tpl_action() in /var/www/html/inc/template.php:712 see devel:menus should be used instead!
2026-06-06 22:41:13		tpl_get_action() is deprecated. It was called from tpl_actionlink() in /var/www/html/inc/template.php:592 see devel:menus should be used instead!
2026-06-06 22:41:13		tpl_toolsevent() is deprecated. It was called from include() in /var/www/html/lib/tpl/arcadebasic/main.php:187 see devel:menus should be used instead!
2026-06-06 22:41:13		tpl_action() is deprecated. It was called from include() in /var/www/html/lib/tpl/arcadebasic/main.php:203 see devel:menus should be used instead!
2026-06-06 22:41:13		tpl_actionlink() is deprecated. It was called from tpl_action() in /var/www/html/inc/template.php:712 see devel:menus should be used instead!
2026-06-06 22:41:13		tpl_get_action() is deprecated. It was called from tpl_actionlink() in /var/www/html/inc/template.php:592 see devel:menus should be used instead!
2026-06-06 22:41:13		tpl_action() is deprecated. It was called from include() in /var/www/html/lib/tpl/arcadebasic/main.php:204 see devel:menus should be used instead!
2026-06-06 22:41:13		tpl_actionlink() is deprecated. It was called from tpl_action() in /var/www/html/inc/template.php:712 see devel:menus should be used instead!
2026-06-06 22:41:13		tpl_get_action() is deprecated. It was called from tpl_actionlink() in /var/www/html/inc/template.php:592 see devel:menus should be used instead!
2026-06-06 22:41:13		tpl_action() is deprecated. It was called from include() in /var/www/html/lib/tpl/arcadebasic/main.php:205 see devel:menus should be used instead!
2026-06-06 22:41:13		tpl_actionlink() is deprecated. It was called from tpl_action() in /var/www/html/inc/template.php:712 see devel:menus should be used instead!
2026-06-06 22:41:13		tpl_get_action() is deprecated. It was called from tpl_actionlink() in /var/www/html/inc/template.php:592 see devel:menus should be used instead!
2026-06-06 22:41:13		tpl_toolsevent() is deprecated. It was called from include() in /var/www/html/lib/tpl/arcadebasic/main.php:202 see devel:menus should be used instead!
2026-06-06 22:44:39		tpl_action() is deprecated. It was called from include() in /var/www/html/lib/tpl/arcadebasic/main.php:159 see devel:menus should be used instead!
2026-06-06 22:44:39		tpl_actionlink() is deprecated. It was called from tpl_action() in /var/www/html/inc/template.php:712 see devel:menus should be used instead!
2026-06-06 22:44:39		tpl_get_action() is deprecated. It was called from tpl_actionlink() in /var/www/html/inc/template.php:592 see devel:menus should be used instead!
2026-06-06 22:44:39		tpl_toolsevent() is deprecated. It was called from include() in /var/www/html/lib/tpl/arcadebasic/main.php:158 see devel:menus should be used instead!
2026-06-06 22:44:39		tpl_action() is deprecated. It was called from include() in /var/www/html/lib/tpl/arcadebasic/main.php:190 see devel:menus should be used instead!
2026-06-06 22:44:39		tpl_actionlink() is deprecated. It was called from tpl_action() in /var/www/html/inc/template.php:712 see devel:menus should be used instead!
2026-06-06 22:44:39		tpl_get_action() is deprecated. It was called from tpl_actionlink() in /var/www/html/inc/template.php:592 see devel:menus should be used instead!
2026-06-06 22:44:39		tpl_action() is deprecated. It was called from include() in /var/www/html/lib/tpl/arcadebasic/main.php:191 see devel:menus should be used instead!
2026-06-06 22:44:39		tpl_actionlink() is deprecated. It was called from tpl_action() in /var/www/html/inc/template.php:712 see devel:menus should be used instead!
2026-06-06 22:44:39		tpl_get_action() is deprecated. It was called from tpl_actionlink() in /var/www/html/inc/template.php:592 see devel:menus should be used instead!
2026-06-06 22:44:39		tpl_action() is deprecated. It was called from include() in /var/www/html/lib/tpl/arcadebasic/main.php:192 see devel:menus should be used instead!
2026-06-06 22:44:39		tpl_actionlink() is deprecated. It was called from tpl_action() in /var/www/html/inc/template.php:712 see devel:menus should be used instead!
2026-06-06 22:44:39		tpl_get_action() is deprecated. It was called from tpl_actionlink() in /var/www/html/inc/template.php:592 see devel:menus should be used instead!
2026-06-06 22:44:39		tpl_toolsevent() is deprecated. It was called from include() in /var/www/html/lib/tpl/arcadebasic/main.php:187 see devel:menus should be used instead!
2026-06-06 22:44:39		tpl_action() is deprecated. It was called from include() in /var/www/html/lib/tpl/arcadebasic/main.php:203 see devel:menus should be used instead!
2026-06-06 22:44:39		tpl_actionlink() is deprecated. It was called from tpl_action() in /var/www/html/inc/template.php:712 see devel:menus should be used instead!
2026-06-06 22:44:39		tpl_get_action() is deprecated. It was called from tpl_actionlink() in /var/www/html/inc/template.php:592 see devel:menus should be used instead!
2026-06-06 22:44:39		tpl_action() is deprecated. It was called from include() in /var/www/html/lib/tpl/arcadebasic/main.php:204 see devel:menus should be used instead!
2026-06-06 22:44:39		tpl_actionlink() is deprecated. It was called from tpl_action() in /var/www/html/inc/template.php:712 see devel:menus should be used instead!
2026-06-06 22:44:39		tpl_get_action() is deprecated. It was called from tpl_actionlink() in /var/www/html/inc/template.php:592 see devel:menus should be used instead!
2026-06-06 22:44:39		tpl_action() is deprecated. It was called from include() in /var/www/html/lib/tpl/arcadebasic/main.php:205 see devel:menus should be used instead!
2026-06-06 22:44:39		tpl_actionlink() is deprecated. It was called from tpl_action() in /var/www/html/inc/template.php:712 see devel:menus should be used instead!
2026-06-06 22:44:39		tpl_get_action() is deprecated. It was called from tpl_actionlink() in /var/www/html/inc/template.php:592 see devel:menus should be used instead!
2026-06-06 22:44:39		tpl_toolsevent() is deprecated. It was called from include() in /var/www/html/lib/tpl/arcadebasic/main.php:202 see devel:menus should be used instead!
