2026-06-07 00:28:00		tpl_action() is deprecated. It was called from include() in /var/www/html/lib/tpl/arcadebasic/main.php:159 see devel:menus should be used instead!
2026-06-07 00:28:00		tpl_actionlink() is deprecated. It was called from tpl_action() in /var/www/html/inc/template.php:712 see devel:menus should be used instead!
2026-06-07 00:28:00		tpl_get_action() is deprecated. It was called from tpl_actionlink() in /var/www/html/inc/template.php:592 see devel:menus should be used instead!
2026-06-07 00:28:00		tpl_toolsevent() is deprecated. It was called from include() in /var/www/html/lib/tpl/arcadebasic/main.php:158 see devel:menus should be used instead!
2026-06-07 00:28:00		tpl_action() is deprecated. It was called from include() in /var/www/html/lib/tpl/arcadebasic/main.php:190 see devel:menus should be used instead!
2026-06-07 00:28:00		tpl_actionlink() is deprecated. It was called from tpl_action() in /var/www/html/inc/template.php:712 see devel:menus should be used instead!
2026-06-07 00:28:00		tpl_get_action() is deprecated. It was called from tpl_actionlink() in /var/www/html/inc/template.php:592 see devel:menus should be used instead!
2026-06-07 00:28:00		tpl_action() is deprecated. It was called from include() in /var/www/html/lib/tpl/arcadebasic/main.php:191 see devel:menus should be used instead!
2026-06-07 00:28:00		tpl_actionlink() is deprecated. It was called from tpl_action() in /var/www/html/inc/template.php:712 see devel:menus should be used instead!
2026-06-07 00:28:00		tpl_get_action() is deprecated. It was called from tpl_actionlink() in /var/www/html/inc/template.php:592 see devel:menus should be used instead!
2026-06-07 00:28:00		tpl_action() is deprecated. It was called from include() in /var/www/html/lib/tpl/arcadebasic/main.php:192 see devel:menus should be used instead!
2026-06-07 00:28:00		tpl_actionlink() is deprecated. It was called from tpl_action() in /var/www/html/inc/template.php:712 see devel:menus should be used instead!
2026-06-07 00:28:00		tpl_get_action() is deprecated. It was called from tpl_actionlink() in /var/www/html/inc/template.php:592 see devel:menus should be used instead!
2026-06-07 00:28:00		tpl_toolsevent() is deprecated. It was called from include() in /var/www/html/lib/tpl/arcadebasic/main.php:187 see devel:menus should be used instead!
2026-06-07 00:28:00		tpl_action() is deprecated. It was called from include() in /var/www/html/lib/tpl/arcadebasic/main.php:203 see devel:menus should be used instead!
2026-06-07 00:28:00		tpl_actionlink() is deprecated. It was called from tpl_action() in /var/www/html/inc/template.php:712 see devel:menus should be used instead!
2026-06-07 00:28:00		tpl_get_action() is deprecated. It was called from tpl_actionlink() in /var/www/html/inc/template.php:592 see devel:menus should be used instead!
2026-06-07 00:28:00		tpl_action() is deprecated. It was called from include() in /var/www/html/lib/tpl/arcadebasic/main.php:204 see devel:menus should be used instead!
2026-06-07 00:28:00		tpl_actionlink() is deprecated. It was called from tpl_action() in /var/www/html/inc/template.php:712 see devel:menus should be used instead!
2026-06-07 00:28:00		tpl_get_action() is deprecated. It was called from tpl_actionlink() in /var/www/html/inc/template.php:592 see devel:menus should be used instead!
2026-06-07 00:28:00		tpl_action() is deprecated. It was called from include() in /var/www/html/lib/tpl/arcadebasic/main.php:205 see devel:menus should be used instead!
2026-06-07 00:28:00		tpl_actionlink() is deprecated. It was called from tpl_action() in /var/www/html/inc/template.php:712 see devel:menus should be used instead!
2026-06-07 00:28:00		tpl_get_action() is deprecated. It was called from tpl_actionlink() in /var/www/html/inc/template.php:592 see devel:menus should be used instead!
2026-06-07 00:28:00		tpl_toolsevent() is deprecated. It was called from include() in /var/www/html/lib/tpl/arcadebasic/main.php:202 see devel:menus should be used instead!
2026-06-07 02:31:47		tpl_action() is deprecated. It was called from include() in /var/www/html/lib/tpl/arcadebasic/main.php:159 see devel:menus should be used instead!
2026-06-07 02:31:47		tpl_actionlink() is deprecated. It was called from tpl_action() in /var/www/html/inc/template.php:712 see devel:menus should be used instead!
2026-06-07 02:31:47		tpl_get_action() is deprecated. It was called from tpl_actionlink() in /var/www/html/inc/template.php:592 see devel:menus should be used instead!
2026-06-07 02:31:47		tpl_toolsevent() is deprecated. It was called from include() in /var/www/html/lib/tpl/arcadebasic/main.php:158 see devel:menus should be used instead!
2026-06-07 02:31:47		tpl_action() is deprecated. It was called from include() in /var/www/html/lib/tpl/arcadebasic/main.php:190 see devel:menus should be used instead!
2026-06-07 02:31:47		tpl_actionlink() is deprecated. It was called from tpl_action() in /var/www/html/inc/template.php:712 see devel:menus should be used instead!
2026-06-07 02:31:47		tpl_get_action() is deprecated. It was called from tpl_actionlink() in /var/www/html/inc/template.php:592 see devel:menus should be used instead!
2026-06-07 02:31:47		tpl_action() is deprecated. It was called from include() in /var/www/html/lib/tpl/arcadebasic/main.php:191 see devel:menus should be used instead!
2026-06-07 02:31:47		tpl_actionlink() is deprecated. It was called from tpl_action() in /var/www/html/inc/template.php:712 see devel:menus should be used instead!
2026-06-07 02:31:47		tpl_get_action() is deprecated. It was called from tpl_actionlink() in /var/www/html/inc/template.php:592 see devel:menus should be used instead!
2026-06-07 02:31:47		tpl_action() is deprecated. It was called from include() in /var/www/html/lib/tpl/arcadebasic/main.php:192 see devel:menus should be used instead!
2026-06-07 02:31:47		tpl_actionlink() is deprecated. It was called from tpl_action() in /var/www/html/inc/template.php:712 see devel:menus should be used instead!
2026-06-07 02:31:47		tpl_get_action() is deprecated. It was called from tpl_actionlink() in /var/www/html/inc/template.php:592 see devel:menus should be used instead!
2026-06-07 02:31:47		tpl_toolsevent() is deprecated. It was called from include() in /var/www/html/lib/tpl/arcadebasic/main.php:187 see devel:menus should be used instead!
2026-06-07 02:31:47		tpl_action() is deprecated. It was called from include() in /var/www/html/lib/tpl/arcadebasic/main.php:203 see devel:menus should be used instead!
2026-06-07 02:31:47		tpl_actionlink() is deprecated. It was called from tpl_action() in /var/www/html/inc/template.php:712 see devel:menus should be used instead!
2026-06-07 02:31:47		tpl_get_action() is deprecated. It was called from tpl_actionlink() in /var/www/html/inc/template.php:592 see devel:menus should be used instead!
2026-06-07 02:31:47		tpl_action() is deprecated. It was called from include() in /var/www/html/lib/tpl/arcadebasic/main.php:204 see devel:menus should be used instead!
2026-06-07 02:31:47		tpl_actionlink() is deprecated. It was called from tpl_action() in /var/www/html/inc/template.php:712 see devel:menus should be used instead!
2026-06-07 02:31:47		tpl_get_action() is deprecated. It was called from tpl_actionlink() in /var/www/html/inc/template.php:592 see devel:menus should be used instead!
2026-06-07 02:31:47		tpl_action() is deprecated. It was called from include() in /var/www/html/lib/tpl/arcadebasic/main.php:205 see devel:menus should be used instead!
2026-06-07 02:31:47		tpl_actionlink() is deprecated. It was called from tpl_action() in /var/www/html/inc/template.php:712 see devel:menus should be used instead!
2026-06-07 02:31:47		tpl_get_action() is deprecated. It was called from tpl_actionlink() in /var/www/html/inc/template.php:592 see devel:menus should be used instead!
2026-06-07 02:31:47		tpl_toolsevent() is deprecated. It was called from include() in /var/www/html/lib/tpl/arcadebasic/main.php:202 see devel:menus should be used instead!
2026-06-07 05:06:37		tpl_action() is deprecated. It was called from include() in /var/www/html/lib/tpl/arcadebasic/main.php:159 see devel:menus should be used instead!
2026-06-07 05:06:37		tpl_actionlink() is deprecated. It was called from tpl_action() in /var/www/html/inc/template.php:712 see devel:menus should be used instead!
2026-06-07 05:06:37		tpl_get_action() is deprecated. It was called from tpl_actionlink() in /var/www/html/inc/template.php:592 see devel:menus should be used instead!
2026-06-07 05:06:37		tpl_toolsevent() is deprecated. It was called from include() in /var/www/html/lib/tpl/arcadebasic/main.php:158 see devel:menus should be used instead!
2026-06-07 05:06:37		tpl_action() is deprecated. It was called from include() in /var/www/html/lib/tpl/arcadebasic/main.php:190 see devel:menus should be used instead!
2026-06-07 05:06:37		tpl_actionlink() is deprecated. It was called from tpl_action() in /var/www/html/inc/template.php:712 see devel:menus should be used instead!
2026-06-07 05:06:37		tpl_get_action() is deprecated. It was called from tpl_actionlink() in /var/www/html/inc/template.php:592 see devel:menus should be used instead!
2026-06-07 05:06:37		tpl_action() is deprecated. It was called from include() in /var/www/html/lib/tpl/arcadebasic/main.php:191 see devel:menus should be used instead!
2026-06-07 05:06:37		tpl_actionlink() is deprecated. It was called from tpl_action() in /var/www/html/inc/template.php:712 see devel:menus should be used instead!
2026-06-07 05:06:37		tpl_get_action() is deprecated. It was called from tpl_actionlink() in /var/www/html/inc/template.php:592 see devel:menus should be used instead!
2026-06-07 05:06:37		tpl_action() is deprecated. It was called from include() in /var/www/html/lib/tpl/arcadebasic/main.php:192 see devel:menus should be used instead!
2026-06-07 05:06:37		tpl_actionlink() is deprecated. It was called from tpl_action() in /var/www/html/inc/template.php:712 see devel:menus should be used instead!
2026-06-07 05:06:37		tpl_get_action() is deprecated. It was called from tpl_actionlink() in /var/www/html/inc/template.php:592 see devel:menus should be used instead!
2026-06-07 05:06:37		tpl_toolsevent() is deprecated. It was called from include() in /var/www/html/lib/tpl/arcadebasic/main.php:187 see devel:menus should be used instead!
2026-06-07 05:06:37		tpl_action() is deprecated. It was called from include() in /var/www/html/lib/tpl/arcadebasic/main.php:203 see devel:menus should be used instead!
2026-06-07 05:06:37		tpl_actionlink() is deprecated. It was called from tpl_action() in /var/www/html/inc/template.php:712 see devel:menus should be used instead!
2026-06-07 05:06:37		tpl_get_action() is deprecated. It was called from tpl_actionlink() in /var/www/html/inc/template.php:592 see devel:menus should be used instead!
2026-06-07 05:06:37		tpl_action() is deprecated. It was called from include() in /var/www/html/lib/tpl/arcadebasic/main.php:204 see devel:menus should be used instead!
2026-06-07 05:06:37		tpl_actionlink() is deprecated. It was called from tpl_action() in /var/www/html/inc/template.php:712 see devel:menus should be used instead!
2026-06-07 05:06:37		tpl_get_action() is deprecated. It was called from tpl_actionlink() in /var/www/html/inc/template.php:592 see devel:menus should be used instead!
2026-06-07 05:06:37		tpl_action() is deprecated. It was called from include() in /var/www/html/lib/tpl/arcadebasic/main.php:205 see devel:menus should be used instead!
2026-06-07 05:06:37		tpl_actionlink() is deprecated. It was called from tpl_action() in /var/www/html/inc/template.php:712 see devel:menus should be used instead!
2026-06-07 05:06:37		tpl_get_action() is deprecated. It was called from tpl_actionlink() in /var/www/html/inc/template.php:592 see devel:menus should be used instead!
2026-06-07 05:06:37		tpl_toolsevent() is deprecated. It was called from include() in /var/www/html/lib/tpl/arcadebasic/main.php:202 see devel:menus should be used instead!
2026-06-07 05:07:25		tpl_action() is deprecated. It was called from include() in /var/www/html/lib/tpl/arcadebasic/main.php:159 see devel:menus should be used instead!
2026-06-07 05:07:25		tpl_actionlink() is deprecated. It was called from tpl_action() in /var/www/html/inc/template.php:712 see devel:menus should be used instead!
2026-06-07 05:07:25		tpl_get_action() is deprecated. It was called from tpl_actionlink() in /var/www/html/inc/template.php:592 see devel:menus should be used instead!
2026-06-07 05:07:25		tpl_toolsevent() is deprecated. It was called from include() in /var/www/html/lib/tpl/arcadebasic/main.php:158 see devel:menus should be used instead!
2026-06-07 05:07:25		tpl_action() is deprecated. It was called from include() in /var/www/html/lib/tpl/arcadebasic/main.php:190 see devel:menus should be used instead!
2026-06-07 05:07:25		tpl_actionlink() is deprecated. It was called from tpl_action() in /var/www/html/inc/template.php:712 see devel:menus should be used instead!
2026-06-07 05:07:25		tpl_get_action() is deprecated. It was called from tpl_actionlink() in /var/www/html/inc/template.php:592 see devel:menus should be used instead!
2026-06-07 05:07:25		tpl_action() is deprecated. It was called from include() in /var/www/html/lib/tpl/arcadebasic/main.php:191 see devel:menus should be used instead!
2026-06-07 05:07:25		tpl_actionlink() is deprecated. It was called from tpl_action() in /var/www/html/inc/template.php:712 see devel:menus should be used instead!
2026-06-07 05:07:25		tpl_get_action() is deprecated. It was called from tpl_actionlink() in /var/www/html/inc/template.php:592 see devel:menus should be used instead!
2026-06-07 05:07:25		tpl_action() is deprecated. It was called from include() in /var/www/html/lib/tpl/arcadebasic/main.php:192 see devel:menus should be used instead!
2026-06-07 05:07:25		tpl_actionlink() is deprecated. It was called from tpl_action() in /var/www/html/inc/template.php:712 see devel:menus should be used instead!
2026-06-07 05:07:25		tpl_get_action() is deprecated. It was called from tpl_actionlink() in /var/www/html/inc/template.php:592 see devel:menus should be used instead!
2026-06-07 05:07:25		tpl_toolsevent() is deprecated. It was called from include() in /var/www/html/lib/tpl/arcadebasic/main.php:187 see devel:menus should be used instead!
2026-06-07 05:07:25		tpl_action() is deprecated. It was called from include() in /var/www/html/lib/tpl/arcadebasic/main.php:203 see devel:menus should be used instead!
2026-06-07 05:07:25		tpl_actionlink() is deprecated. It was called from tpl_action() in /var/www/html/inc/template.php:712 see devel:menus should be used instead!
2026-06-07 05:07:25		tpl_get_action() is deprecated. It was called from tpl_actionlink() in /var/www/html/inc/template.php:592 see devel:menus should be used instead!
2026-06-07 05:07:25		tpl_action() is deprecated. It was called from include() in /var/www/html/lib/tpl/arcadebasic/main.php:204 see devel:menus should be used instead!
2026-06-07 05:07:25		tpl_actionlink() is deprecated. It was called from tpl_action() in /var/www/html/inc/template.php:712 see devel:menus should be used instead!
2026-06-07 05:07:25		tpl_get_action() is deprecated. It was called from tpl_actionlink() in /var/www/html/inc/template.php:592 see devel:menus should be used instead!
2026-06-07 05:07:25		tpl_action() is deprecated. It was called from include() in /var/www/html/lib/tpl/arcadebasic/main.php:205 see devel:menus should be used instead!
2026-06-07 05:07:25		tpl_actionlink() is deprecated. It was called from tpl_action() in /var/www/html/inc/template.php:712 see devel:menus should be used instead!
2026-06-07 05:07:25		tpl_get_action() is deprecated. It was called from tpl_actionlink() in /var/www/html/inc/template.php:592 see devel:menus should be used instead!
2026-06-07 05:07:25		tpl_toolsevent() is deprecated. It was called from include() in /var/www/html/lib/tpl/arcadebasic/main.php:202 see devel:menus should be used instead!
2026-06-07 05:17:47		tpl_action() is deprecated. It was called from include() in /var/www/html/lib/tpl/arcadebasic/main.php:159 see devel:menus should be used instead!
2026-06-07 05:17:47		tpl_actionlink() is deprecated. It was called from tpl_action() in /var/www/html/inc/template.php:712 see devel:menus should be used instead!
2026-06-07 05:17:47		tpl_get_action() is deprecated. It was called from tpl_actionlink() in /var/www/html/inc/template.php:592 see devel:menus should be used instead!
2026-06-07 05:17:47		tpl_toolsevent() is deprecated. It was called from include() in /var/www/html/lib/tpl/arcadebasic/main.php:158 see devel:menus should be used instead!
2026-06-07 05:17:47		tpl_action() is deprecated. It was called from include() in /var/www/html/lib/tpl/arcadebasic/main.php:190 see devel:menus should be used instead!
2026-06-07 05:17:47		tpl_actionlink() is deprecated. It was called from tpl_action() in /var/www/html/inc/template.php:712 see devel:menus should be used instead!
2026-06-07 05:17:47		tpl_get_action() is deprecated. It was called from tpl_actionlink() in /var/www/html/inc/template.php:592 see devel:menus should be used instead!
2026-06-07 05:17:47		tpl_action() is deprecated. It was called from include() in /var/www/html/lib/tpl/arcadebasic/main.php:191 see devel:menus should be used instead!
2026-06-07 05:17:47		tpl_actionlink() is deprecated. It was called from tpl_action() in /var/www/html/inc/template.php:712 see devel:menus should be used instead!
2026-06-07 05:17:47		tpl_get_action() is deprecated. It was called from tpl_actionlink() in /var/www/html/inc/template.php:592 see devel:menus should be used instead!
2026-06-07 05:17:47		tpl_action() is deprecated. It was called from include() in /var/www/html/lib/tpl/arcadebasic/main.php:192 see devel:menus should be used instead!
2026-06-07 05:17:47		tpl_actionlink() is deprecated. It was called from tpl_action() in /var/www/html/inc/template.php:712 see devel:menus should be used instead!
2026-06-07 05:17:47		tpl_get_action() is deprecated. It was called from tpl_actionlink() in /var/www/html/inc/template.php:592 see devel:menus should be used instead!
2026-06-07 05:17:47		tpl_toolsevent() is deprecated. It was called from include() in /var/www/html/lib/tpl/arcadebasic/main.php:187 see devel:menus should be used instead!
2026-06-07 05:17:47		tpl_action() is deprecated. It was called from include() in /var/www/html/lib/tpl/arcadebasic/main.php:203 see devel:menus should be used instead!
2026-06-07 05:17:47		tpl_actionlink() is deprecated. It was called from tpl_action() in /var/www/html/inc/template.php:712 see devel:menus should be used instead!
2026-06-07 05:17:47		tpl_get_action() is deprecated. It was called from tpl_actionlink() in /var/www/html/inc/template.php:592 see devel:menus should be used instead!
2026-06-07 05:17:47		tpl_action() is deprecated. It was called from include() in /var/www/html/lib/tpl/arcadebasic/main.php:204 see devel:menus should be used instead!
2026-06-07 05:17:47		tpl_actionlink() is deprecated. It was called from tpl_action() in /var/www/html/inc/template.php:712 see devel:menus should be used instead!
2026-06-07 05:17:47		tpl_get_action() is deprecated. It was called from tpl_actionlink() in /var/www/html/inc/template.php:592 see devel:menus should be used instead!
2026-06-07 05:17:47		tpl_action() is deprecated. It was called from include() in /var/www/html/lib/tpl/arcadebasic/main.php:205 see devel:menus should be used instead!
2026-06-07 05:17:47		tpl_actionlink() is deprecated. It was called from tpl_action() in /var/www/html/inc/template.php:712 see devel:menus should be used instead!
2026-06-07 05:17:47		tpl_get_action() is deprecated. It was called from tpl_actionlink() in /var/www/html/inc/template.php:592 see devel:menus should be used instead!
2026-06-07 05:17:47		tpl_toolsevent() is deprecated. It was called from include() in /var/www/html/lib/tpl/arcadebasic/main.php:202 see devel:menus should be used instead!
2026-06-07 07:06:48		tpl_action() is deprecated. It was called from include() in /var/www/html/lib/tpl/arcadebasic/main.php:159 see devel:menus should be used instead!
2026-06-07 07:06:48		tpl_actionlink() is deprecated. It was called from tpl_action() in /var/www/html/inc/template.php:712 see devel:menus should be used instead!
2026-06-07 07:06:48		tpl_get_action() is deprecated. It was called from tpl_actionlink() in /var/www/html/inc/template.php:592 see devel:menus should be used instead!
2026-06-07 07:06:48		tpl_toolsevent() is deprecated. It was called from include() in /var/www/html/lib/tpl/arcadebasic/main.php:158 see devel:menus should be used instead!
2026-06-07 07:06:48		tpl_action() is deprecated. It was called from include() in /var/www/html/lib/tpl/arcadebasic/main.php:190 see devel:menus should be used instead!
2026-06-07 07:06:48		tpl_actionlink() is deprecated. It was called from tpl_action() in /var/www/html/inc/template.php:712 see devel:menus should be used instead!
2026-06-07 07:06:48		tpl_get_action() is deprecated. It was called from tpl_actionlink() in /var/www/html/inc/template.php:592 see devel:menus should be used instead!
2026-06-07 07:06:48		tpl_action() is deprecated. It was called from include() in /var/www/html/lib/tpl/arcadebasic/main.php:191 see devel:menus should be used instead!
2026-06-07 07:06:48		tpl_actionlink() is deprecated. It was called from tpl_action() in /var/www/html/inc/template.php:712 see devel:menus should be used instead!
2026-06-07 07:06:48		tpl_get_action() is deprecated. It was called from tpl_actionlink() in /var/www/html/inc/template.php:592 see devel:menus should be used instead!
2026-06-07 07:06:48		tpl_action() is deprecated. It was called from include() in /var/www/html/lib/tpl/arcadebasic/main.php:192 see devel:menus should be used instead!
2026-06-07 07:06:48		tpl_actionlink() is deprecated. It was called from tpl_action() in /var/www/html/inc/template.php:712 see devel:menus should be used instead!
2026-06-07 07:06:48		tpl_get_action() is deprecated. It was called from tpl_actionlink() in /var/www/html/inc/template.php:592 see devel:menus should be used instead!
2026-06-07 07:06:48		tpl_toolsevent() is deprecated. It was called from include() in /var/www/html/lib/tpl/arcadebasic/main.php:187 see devel:menus should be used instead!
2026-06-07 07:06:48		tpl_action() is deprecated. It was called from include() in /var/www/html/lib/tpl/arcadebasic/main.php:203 see devel:menus should be used instead!
2026-06-07 07:06:48		tpl_actionlink() is deprecated. It was called from tpl_action() in /var/www/html/inc/template.php:712 see devel:menus should be used instead!
2026-06-07 07:06:48		tpl_get_action() is deprecated. It was called from tpl_actionlink() in /var/www/html/inc/template.php:592 see devel:menus should be used instead!
2026-06-07 07:06:48		tpl_action() is deprecated. It was called from include() in /var/www/html/lib/tpl/arcadebasic/main.php:204 see devel:menus should be used instead!
2026-06-07 07:06:48		tpl_actionlink() is deprecated. It was called from tpl_action() in /var/www/html/inc/template.php:712 see devel:menus should be used instead!
2026-06-07 07:06:48		tpl_get_action() is deprecated. It was called from tpl_actionlink() in /var/www/html/inc/template.php:592 see devel:menus should be used instead!
2026-06-07 07:06:48		tpl_action() is deprecated. It was called from include() in /var/www/html/lib/tpl/arcadebasic/main.php:205 see devel:menus should be used instead!
2026-06-07 07:06:48		tpl_actionlink() is deprecated. It was called from tpl_action() in /var/www/html/inc/template.php:712 see devel:menus should be used instead!
2026-06-07 07:06:48		tpl_get_action() is deprecated. It was called from tpl_actionlink() in /var/www/html/inc/template.php:592 see devel:menus should be used instead!
2026-06-07 07:06:48		tpl_toolsevent() is deprecated. It was called from include() in /var/www/html/lib/tpl/arcadebasic/main.php:202 see devel:menus should be used instead!
2026-06-07 07:11:59		tpl_action() is deprecated. It was called from include() in /var/www/html/lib/tpl/arcadebasic/main.php:159 see devel:menus should be used instead!
2026-06-07 07:11:59		tpl_actionlink() is deprecated. It was called from tpl_action() in /var/www/html/inc/template.php:712 see devel:menus should be used instead!
2026-06-07 07:11:59		tpl_get_action() is deprecated. It was called from tpl_actionlink() in /var/www/html/inc/template.php:592 see devel:menus should be used instead!
2026-06-07 07:11:59		tpl_toolsevent() is deprecated. It was called from include() in /var/www/html/lib/tpl/arcadebasic/main.php:158 see devel:menus should be used instead!
2026-06-07 07:11:59		tpl_action() is deprecated. It was called from include() in /var/www/html/lib/tpl/arcadebasic/main.php:190 see devel:menus should be used instead!
2026-06-07 07:11:59		tpl_actionlink() is deprecated. It was called from tpl_action() in /var/www/html/inc/template.php:712 see devel:menus should be used instead!
2026-06-07 07:11:59		tpl_get_action() is deprecated. It was called from tpl_actionlink() in /var/www/html/inc/template.php:592 see devel:menus should be used instead!
2026-06-07 07:11:59		tpl_action() is deprecated. It was called from include() in /var/www/html/lib/tpl/arcadebasic/main.php:191 see devel:menus should be used instead!
2026-06-07 07:11:59		tpl_actionlink() is deprecated. It was called from tpl_action() in /var/www/html/inc/template.php:712 see devel:menus should be used instead!
2026-06-07 07:11:59		tpl_get_action() is deprecated. It was called from tpl_actionlink() in /var/www/html/inc/template.php:592 see devel:menus should be used instead!
2026-06-07 07:11:59		tpl_action() is deprecated. It was called from include() in /var/www/html/lib/tpl/arcadebasic/main.php:192 see devel:menus should be used instead!
2026-06-07 07:11:59		tpl_actionlink() is deprecated. It was called from tpl_action() in /var/www/html/inc/template.php:712 see devel:menus should be used instead!
2026-06-07 07:11:59		tpl_get_action() is deprecated. It was called from tpl_actionlink() in /var/www/html/inc/template.php:592 see devel:menus should be used instead!
2026-06-07 07:11:59		tpl_toolsevent() is deprecated. It was called from include() in /var/www/html/lib/tpl/arcadebasic/main.php:187 see devel:menus should be used instead!
2026-06-07 07:11:59		tpl_action() is deprecated. It was called from include() in /var/www/html/lib/tpl/arcadebasic/main.php:203 see devel:menus should be used instead!
2026-06-07 07:11:59		tpl_actionlink() is deprecated. It was called from tpl_action() in /var/www/html/inc/template.php:712 see devel:menus should be used instead!
2026-06-07 07:11:59		tpl_get_action() is deprecated. It was called from tpl_actionlink() in /var/www/html/inc/template.php:592 see devel:menus should be used instead!
2026-06-07 07:11:59		tpl_action() is deprecated. It was called from include() in /var/www/html/lib/tpl/arcadebasic/main.php:204 see devel:menus should be used instead!
2026-06-07 07:11:59		tpl_actionlink() is deprecated. It was called from tpl_action() in /var/www/html/inc/template.php:712 see devel:menus should be used instead!
2026-06-07 07:11:59		tpl_get_action() is deprecated. It was called from tpl_actionlink() in /var/www/html/inc/template.php:592 see devel:menus should be used instead!
2026-06-07 07:11:59		tpl_action() is deprecated. It was called from include() in /var/www/html/lib/tpl/arcadebasic/main.php:205 see devel:menus should be used instead!
2026-06-07 07:11:59		tpl_actionlink() is deprecated. It was called from tpl_action() in /var/www/html/inc/template.php:712 see devel:menus should be used instead!
2026-06-07 07:11:59		tpl_get_action() is deprecated. It was called from tpl_actionlink() in /var/www/html/inc/template.php:592 see devel:menus should be used instead!
2026-06-07 07:11:59		tpl_toolsevent() is deprecated. It was called from include() in /var/www/html/lib/tpl/arcadebasic/main.php:202 see devel:menus should be used instead!
2026-06-07 07:47:53		tpl_action() is deprecated. It was called from include() in /var/www/html/lib/tpl/arcadebasic/main.php:159 see devel:menus should be used instead!
2026-06-07 07:47:53		tpl_actionlink() is deprecated. It was called from tpl_action() in /var/www/html/inc/template.php:712 see devel:menus should be used instead!
2026-06-07 07:47:53		tpl_get_action() is deprecated. It was called from tpl_actionlink() in /var/www/html/inc/template.php:592 see devel:menus should be used instead!
2026-06-07 07:47:53		tpl_toolsevent() is deprecated. It was called from include() in /var/www/html/lib/tpl/arcadebasic/main.php:158 see devel:menus should be used instead!
2026-06-07 07:47:53		tpl_action() is deprecated. It was called from include() in /var/www/html/lib/tpl/arcadebasic/main.php:190 see devel:menus should be used instead!
2026-06-07 07:47:53		tpl_actionlink() is deprecated. It was called from tpl_action() in /var/www/html/inc/template.php:712 see devel:menus should be used instead!
2026-06-07 07:47:53		tpl_get_action() is deprecated. It was called from tpl_actionlink() in /var/www/html/inc/template.php:592 see devel:menus should be used instead!
2026-06-07 07:47:53		tpl_action() is deprecated. It was called from include() in /var/www/html/lib/tpl/arcadebasic/main.php:191 see devel:menus should be used instead!
2026-06-07 07:47:53		tpl_actionlink() is deprecated. It was called from tpl_action() in /var/www/html/inc/template.php:712 see devel:menus should be used instead!
2026-06-07 07:47:53		tpl_get_action() is deprecated. It was called from tpl_actionlink() in /var/www/html/inc/template.php:592 see devel:menus should be used instead!
2026-06-07 07:47:53		tpl_action() is deprecated. It was called from include() in /var/www/html/lib/tpl/arcadebasic/main.php:192 see devel:menus should be used instead!
2026-06-07 07:47:53		tpl_actionlink() is deprecated. It was called from tpl_action() in /var/www/html/inc/template.php:712 see devel:menus should be used instead!
2026-06-07 07:47:53		tpl_get_action() is deprecated. It was called from tpl_actionlink() in /var/www/html/inc/template.php:592 see devel:menus should be used instead!
2026-06-07 07:47:53		tpl_toolsevent() is deprecated. It was called from include() in /var/www/html/lib/tpl/arcadebasic/main.php:187 see devel:menus should be used instead!
2026-06-07 07:47:53		tpl_action() is deprecated. It was called from include() in /var/www/html/lib/tpl/arcadebasic/main.php:203 see devel:menus should be used instead!
2026-06-07 07:47:53		tpl_actionlink() is deprecated. It was called from tpl_action() in /var/www/html/inc/template.php:712 see devel:menus should be used instead!
2026-06-07 07:47:53		tpl_get_action() is deprecated. It was called from tpl_actionlink() in /var/www/html/inc/template.php:592 see devel:menus should be used instead!
2026-06-07 07:47:53		tpl_action() is deprecated. It was called from include() in /var/www/html/lib/tpl/arcadebasic/main.php:204 see devel:menus should be used instead!
2026-06-07 07:47:53		tpl_actionlink() is deprecated. It was called from tpl_action() in /var/www/html/inc/template.php:712 see devel:menus should be used instead!
2026-06-07 07:47:53		tpl_get_action() is deprecated. It was called from tpl_actionlink() in /var/www/html/inc/template.php:592 see devel:menus should be used instead!
2026-06-07 07:47:53		tpl_action() is deprecated. It was called from include() in /var/www/html/lib/tpl/arcadebasic/main.php:205 see devel:menus should be used instead!
2026-06-07 07:47:53		tpl_actionlink() is deprecated. It was called from tpl_action() in /var/www/html/inc/template.php:712 see devel:menus should be used instead!
2026-06-07 07:47:53		tpl_get_action() is deprecated. It was called from tpl_actionlink() in /var/www/html/inc/template.php:592 see devel:menus should be used instead!
2026-06-07 07:47:53		tpl_toolsevent() is deprecated. It was called from include() in /var/www/html/lib/tpl/arcadebasic/main.php:202 see devel:menus should be used instead!
2026-06-07 08:10:10		tpl_action() is deprecated. It was called from include() in /var/www/html/lib/tpl/arcadebasic/main.php:159 see devel:menus should be used instead!
2026-06-07 08:10:10		tpl_actionlink() is deprecated. It was called from tpl_action() in /var/www/html/inc/template.php:712 see devel:menus should be used instead!
2026-06-07 08:10:10		tpl_get_action() is deprecated. It was called from tpl_actionlink() in /var/www/html/inc/template.php:592 see devel:menus should be used instead!
2026-06-07 08:10:10		tpl_toolsevent() is deprecated. It was called from include() in /var/www/html/lib/tpl/arcadebasic/main.php:158 see devel:menus should be used instead!
2026-06-07 08:10:10		tpl_action() is deprecated. It was called from include() in /var/www/html/lib/tpl/arcadebasic/main.php:190 see devel:menus should be used instead!
2026-06-07 08:10:10		tpl_actionlink() is deprecated. It was called from tpl_action() in /var/www/html/inc/template.php:712 see devel:menus should be used instead!
2026-06-07 08:10:10		tpl_get_action() is deprecated. It was called from tpl_actionlink() in /var/www/html/inc/template.php:592 see devel:menus should be used instead!
2026-06-07 08:10:10		tpl_action() is deprecated. It was called from include() in /var/www/html/lib/tpl/arcadebasic/main.php:191 see devel:menus should be used instead!
2026-06-07 08:10:10		tpl_actionlink() is deprecated. It was called from tpl_action() in /var/www/html/inc/template.php:712 see devel:menus should be used instead!
2026-06-07 08:10:10		tpl_get_action() is deprecated. It was called from tpl_actionlink() in /var/www/html/inc/template.php:592 see devel:menus should be used instead!
2026-06-07 08:10:10		tpl_action() is deprecated. It was called from include() in /var/www/html/lib/tpl/arcadebasic/main.php:192 see devel:menus should be used instead!
2026-06-07 08:10:10		tpl_actionlink() is deprecated. It was called from tpl_action() in /var/www/html/inc/template.php:712 see devel:menus should be used instead!
2026-06-07 08:10:10		tpl_get_action() is deprecated. It was called from tpl_actionlink() in /var/www/html/inc/template.php:592 see devel:menus should be used instead!
2026-06-07 08:10:10		tpl_toolsevent() is deprecated. It was called from include() in /var/www/html/lib/tpl/arcadebasic/main.php:187 see devel:menus should be used instead!
2026-06-07 08:10:10		tpl_action() is deprecated. It was called from include() in /var/www/html/lib/tpl/arcadebasic/main.php:203 see devel:menus should be used instead!
2026-06-07 08:10:10		tpl_actionlink() is deprecated. It was called from tpl_action() in /var/www/html/inc/template.php:712 see devel:menus should be used instead!
2026-06-07 08:10:10		tpl_get_action() is deprecated. It was called from tpl_actionlink() in /var/www/html/inc/template.php:592 see devel:menus should be used instead!
2026-06-07 08:10:10		tpl_action() is deprecated. It was called from include() in /var/www/html/lib/tpl/arcadebasic/main.php:204 see devel:menus should be used instead!
2026-06-07 08:10:10		tpl_actionlink() is deprecated. It was called from tpl_action() in /var/www/html/inc/template.php:712 see devel:menus should be used instead!
2026-06-07 08:10:10		tpl_get_action() is deprecated. It was called from tpl_actionlink() in /var/www/html/inc/template.php:592 see devel:menus should be used instead!
2026-06-07 08:10:10		tpl_action() is deprecated. It was called from include() in /var/www/html/lib/tpl/arcadebasic/main.php:205 see devel:menus should be used instead!
2026-06-07 08:10:10		tpl_actionlink() is deprecated. It was called from tpl_action() in /var/www/html/inc/template.php:712 see devel:menus should be used instead!
2026-06-07 08:10:10		tpl_get_action() is deprecated. It was called from tpl_actionlink() in /var/www/html/inc/template.php:592 see devel:menus should be used instead!
2026-06-07 08:10:10		tpl_toolsevent() is deprecated. It was called from include() in /var/www/html/lib/tpl/arcadebasic/main.php:202 see devel:menus should be used instead!
2026-06-07 08:20:33		tpl_action() is deprecated. It was called from include() in /var/www/html/lib/tpl/arcadebasic/main.php:159 see devel:menus should be used instead!
2026-06-07 08:20:33		tpl_actionlink() is deprecated. It was called from tpl_action() in /var/www/html/inc/template.php:712 see devel:menus should be used instead!
2026-06-07 08:20:33		tpl_get_action() is deprecated. It was called from tpl_actionlink() in /var/www/html/inc/template.php:592 see devel:menus should be used instead!
2026-06-07 08:20:33		tpl_toolsevent() is deprecated. It was called from include() in /var/www/html/lib/tpl/arcadebasic/main.php:158 see devel:menus should be used instead!
2026-06-07 08:20:33		tpl_action() is deprecated. It was called from include() in /var/www/html/lib/tpl/arcadebasic/main.php:190 see devel:menus should be used instead!
2026-06-07 08:20:33		tpl_actionlink() is deprecated. It was called from tpl_action() in /var/www/html/inc/template.php:712 see devel:menus should be used instead!
2026-06-07 08:20:33		tpl_get_action() is deprecated. It was called from tpl_actionlink() in /var/www/html/inc/template.php:592 see devel:menus should be used instead!
2026-06-07 08:20:33		tpl_action() is deprecated. It was called from include() in /var/www/html/lib/tpl/arcadebasic/main.php:191 see devel:menus should be used instead!
2026-06-07 08:20:33		tpl_actionlink() is deprecated. It was called from tpl_action() in /var/www/html/inc/template.php:712 see devel:menus should be used instead!
2026-06-07 08:20:33		tpl_get_action() is deprecated. It was called from tpl_actionlink() in /var/www/html/inc/template.php:592 see devel:menus should be used instead!
2026-06-07 08:20:33		tpl_action() is deprecated. It was called from include() in /var/www/html/lib/tpl/arcadebasic/main.php:192 see devel:menus should be used instead!
2026-06-07 08:20:33		tpl_actionlink() is deprecated. It was called from tpl_action() in /var/www/html/inc/template.php:712 see devel:menus should be used instead!
2026-06-07 08:20:33		tpl_get_action() is deprecated. It was called from tpl_actionlink() in /var/www/html/inc/template.php:592 see devel:menus should be used instead!
2026-06-07 08:20:33		tpl_toolsevent() is deprecated. It was called from include() in /var/www/html/lib/tpl/arcadebasic/main.php:187 see devel:menus should be used instead!
2026-06-07 08:20:33		tpl_action() is deprecated. It was called from include() in /var/www/html/lib/tpl/arcadebasic/main.php:203 see devel:menus should be used instead!
2026-06-07 08:20:33		tpl_actionlink() is deprecated. It was called from tpl_action() in /var/www/html/inc/template.php:712 see devel:menus should be used instead!
2026-06-07 08:20:33		tpl_get_action() is deprecated. It was called from tpl_actionlink() in /var/www/html/inc/template.php:592 see devel:menus should be used instead!
2026-06-07 08:20:33		tpl_action() is deprecated. It was called from include() in /var/www/html/lib/tpl/arcadebasic/main.php:204 see devel:menus should be used instead!
2026-06-07 08:20:33		tpl_actionlink() is deprecated. It was called from tpl_action() in /var/www/html/inc/template.php:712 see devel:menus should be used instead!
2026-06-07 08:20:33		tpl_get_action() is deprecated. It was called from tpl_actionlink() in /var/www/html/inc/template.php:592 see devel:menus should be used instead!
2026-06-07 08:20:33		tpl_action() is deprecated. It was called from include() in /var/www/html/lib/tpl/arcadebasic/main.php:205 see devel:menus should be used instead!
2026-06-07 08:20:33		tpl_actionlink() is deprecated. It was called from tpl_action() in /var/www/html/inc/template.php:712 see devel:menus should be used instead!
2026-06-07 08:20:33		tpl_get_action() is deprecated. It was called from tpl_actionlink() in /var/www/html/inc/template.php:592 see devel:menus should be used instead!
2026-06-07 08:20:33		tpl_toolsevent() is deprecated. It was called from include() in /var/www/html/lib/tpl/arcadebasic/main.php:202 see devel:menus should be used instead!
2026-06-07 08:20:48		tpl_action() is deprecated. It was called from include() in /var/www/html/lib/tpl/arcadebasic/main.php:159 see devel:menus should be used instead!
2026-06-07 08:20:48		tpl_actionlink() is deprecated. It was called from tpl_action() in /var/www/html/inc/template.php:712 see devel:menus should be used instead!
2026-06-07 08:20:48		tpl_get_action() is deprecated. It was called from tpl_actionlink() in /var/www/html/inc/template.php:592 see devel:menus should be used instead!
2026-06-07 08:20:48		tpl_toolsevent() is deprecated. It was called from include() in /var/www/html/lib/tpl/arcadebasic/main.php:158 see devel:menus should be used instead!
2026-06-07 08:20:48		tpl_action() is deprecated. It was called from include() in /var/www/html/lib/tpl/arcadebasic/main.php:190 see devel:menus should be used instead!
2026-06-07 08:20:48		tpl_actionlink() is deprecated. It was called from tpl_action() in /var/www/html/inc/template.php:712 see devel:menus should be used instead!
2026-06-07 08:20:48		tpl_get_action() is deprecated. It was called from tpl_actionlink() in /var/www/html/inc/template.php:592 see devel:menus should be used instead!
2026-06-07 08:20:48		tpl_action() is deprecated. It was called from include() in /var/www/html/lib/tpl/arcadebasic/main.php:191 see devel:menus should be used instead!
2026-06-07 08:20:48		tpl_actionlink() is deprecated. It was called from tpl_action() in /var/www/html/inc/template.php:712 see devel:menus should be used instead!
2026-06-07 08:20:48		tpl_get_action() is deprecated. It was called from tpl_actionlink() in /var/www/html/inc/template.php:592 see devel:menus should be used instead!
2026-06-07 08:20:48		tpl_action() is deprecated. It was called from include() in /var/www/html/lib/tpl/arcadebasic/main.php:192 see devel:menus should be used instead!
2026-06-07 08:20:48		tpl_actionlink() is deprecated. It was called from tpl_action() in /var/www/html/inc/template.php:712 see devel:menus should be used instead!
2026-06-07 08:20:48		tpl_get_action() is deprecated. It was called from tpl_actionlink() in /var/www/html/inc/template.php:592 see devel:menus should be used instead!
2026-06-07 08:20:48		tpl_toolsevent() is deprecated. It was called from include() in /var/www/html/lib/tpl/arcadebasic/main.php:187 see devel:menus should be used instead!
2026-06-07 08:20:48		tpl_action() is deprecated. It was called from include() in /var/www/html/lib/tpl/arcadebasic/main.php:203 see devel:menus should be used instead!
2026-06-07 08:20:48		tpl_actionlink() is deprecated. It was called from tpl_action() in /var/www/html/inc/template.php:712 see devel:menus should be used instead!
2026-06-07 08:20:48		tpl_get_action() is deprecated. It was called from tpl_actionlink() in /var/www/html/inc/template.php:592 see devel:menus should be used instead!
2026-06-07 08:20:48		tpl_action() is deprecated. It was called from include() in /var/www/html/lib/tpl/arcadebasic/main.php:204 see devel:menus should be used instead!
2026-06-07 08:20:48		tpl_actionlink() is deprecated. It was called from tpl_action() in /var/www/html/inc/template.php:712 see devel:menus should be used instead!
2026-06-07 08:20:48		tpl_get_action() is deprecated. It was called from tpl_actionlink() in /var/www/html/inc/template.php:592 see devel:menus should be used instead!
2026-06-07 08:20:48		tpl_action() is deprecated. It was called from include() in /var/www/html/lib/tpl/arcadebasic/main.php:205 see devel:menus should be used instead!
2026-06-07 08:20:48		tpl_actionlink() is deprecated. It was called from tpl_action() in /var/www/html/inc/template.php:712 see devel:menus should be used instead!
2026-06-07 08:20:48		tpl_get_action() is deprecated. It was called from tpl_actionlink() in /var/www/html/inc/template.php:592 see devel:menus should be used instead!
2026-06-07 08:20:48		tpl_toolsevent() is deprecated. It was called from include() in /var/www/html/lib/tpl/arcadebasic/main.php:202 see devel:menus should be used instead!
2026-06-07 08:21:00		tpl_action() is deprecated. It was called from include() in /var/www/html/lib/tpl/arcadebasic/main.php:159 see devel:menus should be used instead!
2026-06-07 08:21:00		tpl_actionlink() is deprecated. It was called from tpl_action() in /var/www/html/inc/template.php:712 see devel:menus should be used instead!
2026-06-07 08:21:00		tpl_get_action() is deprecated. It was called from tpl_actionlink() in /var/www/html/inc/template.php:592 see devel:menus should be used instead!
2026-06-07 08:21:00		tpl_toolsevent() is deprecated. It was called from include() in /var/www/html/lib/tpl/arcadebasic/main.php:158 see devel:menus should be used instead!
2026-06-07 08:21:00		tpl_action() is deprecated. It was called from include() in /var/www/html/lib/tpl/arcadebasic/main.php:190 see devel:menus should be used instead!
2026-06-07 08:21:00		tpl_actionlink() is deprecated. It was called from tpl_action() in /var/www/html/inc/template.php:712 see devel:menus should be used instead!
2026-06-07 08:21:00		tpl_get_action() is deprecated. It was called from tpl_actionlink() in /var/www/html/inc/template.php:592 see devel:menus should be used instead!
2026-06-07 08:21:00		tpl_action() is deprecated. It was called from include() in /var/www/html/lib/tpl/arcadebasic/main.php:191 see devel:menus should be used instead!
2026-06-07 08:21:00		tpl_actionlink() is deprecated. It was called from tpl_action() in /var/www/html/inc/template.php:712 see devel:menus should be used instead!
2026-06-07 08:21:00		tpl_get_action() is deprecated. It was called from tpl_actionlink() in /var/www/html/inc/template.php:592 see devel:menus should be used instead!
2026-06-07 08:21:00		tpl_action() is deprecated. It was called from include() in /var/www/html/lib/tpl/arcadebasic/main.php:192 see devel:menus should be used instead!
2026-06-07 08:21:00		tpl_actionlink() is deprecated. It was called from tpl_action() in /var/www/html/inc/template.php:712 see devel:menus should be used instead!
2026-06-07 08:21:00		tpl_get_action() is deprecated. It was called from tpl_actionlink() in /var/www/html/inc/template.php:592 see devel:menus should be used instead!
2026-06-07 08:21:00		tpl_toolsevent() is deprecated. It was called from include() in /var/www/html/lib/tpl/arcadebasic/main.php:187 see devel:menus should be used instead!
2026-06-07 08:21:00		tpl_action() is deprecated. It was called from include() in /var/www/html/lib/tpl/arcadebasic/main.php:203 see devel:menus should be used instead!
2026-06-07 08:21:00		tpl_actionlink() is deprecated. It was called from tpl_action() in /var/www/html/inc/template.php:712 see devel:menus should be used instead!
2026-06-07 08:21:00		tpl_get_action() is deprecated. It was called from tpl_actionlink() in /var/www/html/inc/template.php:592 see devel:menus should be used instead!
2026-06-07 08:21:00		tpl_action() is deprecated. It was called from include() in /var/www/html/lib/tpl/arcadebasic/main.php:204 see devel:menus should be used instead!
2026-06-07 08:21:00		tpl_actionlink() is deprecated. It was called from tpl_action() in /var/www/html/inc/template.php:712 see devel:menus should be used instead!
2026-06-07 08:21:00		tpl_get_action() is deprecated. It was called from tpl_actionlink() in /var/www/html/inc/template.php:592 see devel:menus should be used instead!
2026-06-07 08:21:00		tpl_action() is deprecated. It was called from include() in /var/www/html/lib/tpl/arcadebasic/main.php:205 see devel:menus should be used instead!
2026-06-07 08:21:00		tpl_actionlink() is deprecated. It was called from tpl_action() in /var/www/html/inc/template.php:712 see devel:menus should be used instead!
2026-06-07 08:21:00		tpl_get_action() is deprecated. It was called from tpl_actionlink() in /var/www/html/inc/template.php:592 see devel:menus should be used instead!
2026-06-07 08:21:00		tpl_toolsevent() is deprecated. It was called from include() in /var/www/html/lib/tpl/arcadebasic/main.php:202 see devel:menus should be used instead!
2026-06-07 08:41:09		tpl_action() is deprecated. It was called from include() in /var/www/html/lib/tpl/arcadebasic/main.php:159 see devel:menus should be used instead!
2026-06-07 08:41:09		tpl_actionlink() is deprecated. It was called from tpl_action() in /var/www/html/inc/template.php:712 see devel:menus should be used instead!
2026-06-07 08:41:09		tpl_get_action() is deprecated. It was called from tpl_actionlink() in /var/www/html/inc/template.php:592 see devel:menus should be used instead!
2026-06-07 08:41:09		tpl_toolsevent() is deprecated. It was called from include() in /var/www/html/lib/tpl/arcadebasic/main.php:158 see devel:menus should be used instead!
2026-06-07 08:41:09		tpl_action() is deprecated. It was called from include() in /var/www/html/lib/tpl/arcadebasic/main.php:190 see devel:menus should be used instead!
2026-06-07 08:41:09		tpl_actionlink() is deprecated. It was called from tpl_action() in /var/www/html/inc/template.php:712 see devel:menus should be used instead!
2026-06-07 08:41:09		tpl_get_action() is deprecated. It was called from tpl_actionlink() in /var/www/html/inc/template.php:592 see devel:menus should be used instead!
2026-06-07 08:41:09		tpl_action() is deprecated. It was called from include() in /var/www/html/lib/tpl/arcadebasic/main.php:191 see devel:menus should be used instead!
2026-06-07 08:41:09		tpl_actionlink() is deprecated. It was called from tpl_action() in /var/www/html/inc/template.php:712 see devel:menus should be used instead!
2026-06-07 08:41:09		tpl_get_action() is deprecated. It was called from tpl_actionlink() in /var/www/html/inc/template.php:592 see devel:menus should be used instead!
2026-06-07 08:41:09		tpl_action() is deprecated. It was called from include() in /var/www/html/lib/tpl/arcadebasic/main.php:192 see devel:menus should be used instead!
2026-06-07 08:41:09		tpl_actionlink() is deprecated. It was called from tpl_action() in /var/www/html/inc/template.php:712 see devel:menus should be used instead!
2026-06-07 08:41:09		tpl_get_action() is deprecated. It was called from tpl_actionlink() in /var/www/html/inc/template.php:592 see devel:menus should be used instead!
2026-06-07 08:41:09		tpl_toolsevent() is deprecated. It was called from include() in /var/www/html/lib/tpl/arcadebasic/main.php:187 see devel:menus should be used instead!
2026-06-07 08:41:09		tpl_action() is deprecated. It was called from include() in /var/www/html/lib/tpl/arcadebasic/main.php:203 see devel:menus should be used instead!
2026-06-07 08:41:09		tpl_actionlink() is deprecated. It was called from tpl_action() in /var/www/html/inc/template.php:712 see devel:menus should be used instead!
2026-06-07 08:41:09		tpl_get_action() is deprecated. It was called from tpl_actionlink() in /var/www/html/inc/template.php:592 see devel:menus should be used instead!
2026-06-07 08:41:09		tpl_action() is deprecated. It was called from include() in /var/www/html/lib/tpl/arcadebasic/main.php:204 see devel:menus should be used instead!
2026-06-07 08:41:09		tpl_actionlink() is deprecated. It was called from tpl_action() in /var/www/html/inc/template.php:712 see devel:menus should be used instead!
2026-06-07 08:41:09		tpl_get_action() is deprecated. It was called from tpl_actionlink() in /var/www/html/inc/template.php:592 see devel:menus should be used instead!
2026-06-07 08:41:09		tpl_action() is deprecated. It was called from include() in /var/www/html/lib/tpl/arcadebasic/main.php:205 see devel:menus should be used instead!
2026-06-07 08:41:09		tpl_actionlink() is deprecated. It was called from tpl_action() in /var/www/html/inc/template.php:712 see devel:menus should be used instead!
2026-06-07 08:41:09		tpl_get_action() is deprecated. It was called from tpl_actionlink() in /var/www/html/inc/template.php:592 see devel:menus should be used instead!
2026-06-07 08:41:09		tpl_toolsevent() is deprecated. It was called from include() in /var/www/html/lib/tpl/arcadebasic/main.php:202 see devel:menus should be used instead!
2026-06-07 09:53:19		tpl_action() is deprecated. It was called from include() in /var/www/html/lib/tpl/arcadebasic/main.php:159 see devel:menus should be used instead!
2026-06-07 09:53:19		tpl_actionlink() is deprecated. It was called from tpl_action() in /var/www/html/inc/template.php:712 see devel:menus should be used instead!
2026-06-07 09:53:19		tpl_get_action() is deprecated. It was called from tpl_actionlink() in /var/www/html/inc/template.php:592 see devel:menus should be used instead!
2026-06-07 09:53:19		tpl_toolsevent() is deprecated. It was called from include() in /var/www/html/lib/tpl/arcadebasic/main.php:158 see devel:menus should be used instead!
2026-06-07 09:53:19		tpl_action() is deprecated. It was called from include() in /var/www/html/lib/tpl/arcadebasic/main.php:190 see devel:menus should be used instead!
2026-06-07 09:53:19		tpl_actionlink() is deprecated. It was called from tpl_action() in /var/www/html/inc/template.php:712 see devel:menus should be used instead!
2026-06-07 09:53:19		tpl_get_action() is deprecated. It was called from tpl_actionlink() in /var/www/html/inc/template.php:592 see devel:menus should be used instead!
2026-06-07 09:53:19		tpl_action() is deprecated. It was called from include() in /var/www/html/lib/tpl/arcadebasic/main.php:191 see devel:menus should be used instead!
2026-06-07 09:53:19		tpl_actionlink() is deprecated. It was called from tpl_action() in /var/www/html/inc/template.php:712 see devel:menus should be used instead!
2026-06-07 09:53:19		tpl_get_action() is deprecated. It was called from tpl_actionlink() in /var/www/html/inc/template.php:592 see devel:menus should be used instead!
2026-06-07 09:53:19		tpl_action() is deprecated. It was called from include() in /var/www/html/lib/tpl/arcadebasic/main.php:192 see devel:menus should be used instead!
2026-06-07 09:53:19		tpl_actionlink() is deprecated. It was called from tpl_action() in /var/www/html/inc/template.php:712 see devel:menus should be used instead!
2026-06-07 09:53:19		tpl_get_action() is deprecated. It was called from tpl_actionlink() in /var/www/html/inc/template.php:592 see devel:menus should be used instead!
2026-06-07 09:53:19		tpl_toolsevent() is deprecated. It was called from include() in /var/www/html/lib/tpl/arcadebasic/main.php:187 see devel:menus should be used instead!
2026-06-07 09:53:19		tpl_action() is deprecated. It was called from include() in /var/www/html/lib/tpl/arcadebasic/main.php:203 see devel:menus should be used instead!
2026-06-07 09:53:19		tpl_actionlink() is deprecated. It was called from tpl_action() in /var/www/html/inc/template.php:712 see devel:menus should be used instead!
2026-06-07 09:53:19		tpl_get_action() is deprecated. It was called from tpl_actionlink() in /var/www/html/inc/template.php:592 see devel:menus should be used instead!
2026-06-07 09:53:19		tpl_action() is deprecated. It was called from include() in /var/www/html/lib/tpl/arcadebasic/main.php:204 see devel:menus should be used instead!
2026-06-07 09:53:19		tpl_actionlink() is deprecated. It was called from tpl_action() in /var/www/html/inc/template.php:712 see devel:menus should be used instead!
2026-06-07 09:53:19		tpl_get_action() is deprecated. It was called from tpl_actionlink() in /var/www/html/inc/template.php:592 see devel:menus should be used instead!
2026-06-07 09:53:19		tpl_action() is deprecated. It was called from include() in /var/www/html/lib/tpl/arcadebasic/main.php:205 see devel:menus should be used instead!
2026-06-07 09:53:19		tpl_actionlink() is deprecated. It was called from tpl_action() in /var/www/html/inc/template.php:712 see devel:menus should be used instead!
2026-06-07 09:53:19		tpl_get_action() is deprecated. It was called from tpl_actionlink() in /var/www/html/inc/template.php:592 see devel:menus should be used instead!
2026-06-07 09:53:19		tpl_toolsevent() is deprecated. It was called from include() in /var/www/html/lib/tpl/arcadebasic/main.php:202 see devel:menus should be used instead!
2026-06-07 09:56:36		tpl_action() is deprecated. It was called from include() in /var/www/html/lib/tpl/arcadebasic/main.php:159 see devel:menus should be used instead!
2026-06-07 09:56:36		tpl_actionlink() is deprecated. It was called from tpl_action() in /var/www/html/inc/template.php:712 see devel:menus should be used instead!
2026-06-07 09:56:36		tpl_get_action() is deprecated. It was called from tpl_actionlink() in /var/www/html/inc/template.php:592 see devel:menus should be used instead!
2026-06-07 09:56:36		tpl_toolsevent() is deprecated. It was called from include() in /var/www/html/lib/tpl/arcadebasic/main.php:158 see devel:menus should be used instead!
2026-06-07 09:56:36		tpl_action() is deprecated. It was called from include() in /var/www/html/lib/tpl/arcadebasic/main.php:190 see devel:menus should be used instead!
2026-06-07 09:56:36		tpl_actionlink() is deprecated. It was called from tpl_action() in /var/www/html/inc/template.php:712 see devel:menus should be used instead!
2026-06-07 09:56:36		tpl_get_action() is deprecated. It was called from tpl_actionlink() in /var/www/html/inc/template.php:592 see devel:menus should be used instead!
2026-06-07 09:56:36		tpl_action() is deprecated. It was called from include() in /var/www/html/lib/tpl/arcadebasic/main.php:191 see devel:menus should be used instead!
2026-06-07 09:56:36		tpl_actionlink() is deprecated. It was called from tpl_action() in /var/www/html/inc/template.php:712 see devel:menus should be used instead!
2026-06-07 09:56:36		tpl_get_action() is deprecated. It was called from tpl_actionlink() in /var/www/html/inc/template.php:592 see devel:menus should be used instead!
2026-06-07 09:56:36		tpl_action() is deprecated. It was called from include() in /var/www/html/lib/tpl/arcadebasic/main.php:192 see devel:menus should be used instead!
2026-06-07 09:56:36		tpl_actionlink() is deprecated. It was called from tpl_action() in /var/www/html/inc/template.php:712 see devel:menus should be used instead!
2026-06-07 09:56:36		tpl_get_action() is deprecated. It was called from tpl_actionlink() in /var/www/html/inc/template.php:592 see devel:menus should be used instead!
2026-06-07 09:56:36		tpl_toolsevent() is deprecated. It was called from include() in /var/www/html/lib/tpl/arcadebasic/main.php:187 see devel:menus should be used instead!
2026-06-07 09:56:36		tpl_action() is deprecated. It was called from include() in /var/www/html/lib/tpl/arcadebasic/main.php:203 see devel:menus should be used instead!
2026-06-07 09:56:36		tpl_actionlink() is deprecated. It was called from tpl_action() in /var/www/html/inc/template.php:712 see devel:menus should be used instead!
2026-06-07 09:56:36		tpl_get_action() is deprecated. It was called from tpl_actionlink() in /var/www/html/inc/template.php:592 see devel:menus should be used instead!
2026-06-07 09:56:36		tpl_action() is deprecated. It was called from include() in /var/www/html/lib/tpl/arcadebasic/main.php:204 see devel:menus should be used instead!
2026-06-07 09:56:36		tpl_actionlink() is deprecated. It was called from tpl_action() in /var/www/html/inc/template.php:712 see devel:menus should be used instead!
2026-06-07 09:56:36		tpl_get_action() is deprecated. It was called from tpl_actionlink() in /var/www/html/inc/template.php:592 see devel:menus should be used instead!
2026-06-07 09:56:36		tpl_action() is deprecated. It was called from include() in /var/www/html/lib/tpl/arcadebasic/main.php:205 see devel:menus should be used instead!
2026-06-07 09:56:36		tpl_actionlink() is deprecated. It was called from tpl_action() in /var/www/html/inc/template.php:712 see devel:menus should be used instead!
2026-06-07 09:56:36		tpl_get_action() is deprecated. It was called from tpl_actionlink() in /var/www/html/inc/template.php:592 see devel:menus should be used instead!
2026-06-07 09:56:36		tpl_toolsevent() is deprecated. It was called from include() in /var/www/html/lib/tpl/arcadebasic/main.php:202 see devel:menus should be used instead!
2026-06-07 09:58:31		tpl_action() is deprecated. It was called from include() in /var/www/html/lib/tpl/arcadebasic/main.php:159 see devel:menus should be used instead!
2026-06-07 09:58:31		tpl_actionlink() is deprecated. It was called from tpl_action() in /var/www/html/inc/template.php:712 see devel:menus should be used instead!
2026-06-07 09:58:31		tpl_get_action() is deprecated. It was called from tpl_actionlink() in /var/www/html/inc/template.php:592 see devel:menus should be used instead!
2026-06-07 09:58:31		tpl_toolsevent() is deprecated. It was called from include() in /var/www/html/lib/tpl/arcadebasic/main.php:158 see devel:menus should be used instead!
2026-06-07 09:58:31		tpl_action() is deprecated. It was called from include() in /var/www/html/lib/tpl/arcadebasic/main.php:190 see devel:menus should be used instead!
2026-06-07 09:58:31		tpl_actionlink() is deprecated. It was called from tpl_action() in /var/www/html/inc/template.php:712 see devel:menus should be used instead!
2026-06-07 09:58:31		tpl_get_action() is deprecated. It was called from tpl_actionlink() in /var/www/html/inc/template.php:592 see devel:menus should be used instead!
2026-06-07 09:58:31		tpl_action() is deprecated. It was called from include() in /var/www/html/lib/tpl/arcadebasic/main.php:191 see devel:menus should be used instead!
2026-06-07 09:58:31		tpl_actionlink() is deprecated. It was called from tpl_action() in /var/www/html/inc/template.php:712 see devel:menus should be used instead!
2026-06-07 09:58:31		tpl_get_action() is deprecated. It was called from tpl_actionlink() in /var/www/html/inc/template.php:592 see devel:menus should be used instead!
2026-06-07 09:58:31		tpl_action() is deprecated. It was called from include() in /var/www/html/lib/tpl/arcadebasic/main.php:192 see devel:menus should be used instead!
2026-06-07 09:58:31		tpl_actionlink() is deprecated. It was called from tpl_action() in /var/www/html/inc/template.php:712 see devel:menus should be used instead!
2026-06-07 09:58:31		tpl_get_action() is deprecated. It was called from tpl_actionlink() in /var/www/html/inc/template.php:592 see devel:menus should be used instead!
2026-06-07 09:58:31		tpl_toolsevent() is deprecated. It was called from include() in /var/www/html/lib/tpl/arcadebasic/main.php:187 see devel:menus should be used instead!
2026-06-07 09:58:31		tpl_action() is deprecated. It was called from include() in /var/www/html/lib/tpl/arcadebasic/main.php:203 see devel:menus should be used instead!
2026-06-07 09:58:31		tpl_actionlink() is deprecated. It was called from tpl_action() in /var/www/html/inc/template.php:712 see devel:menus should be used instead!
2026-06-07 09:58:31		tpl_get_action() is deprecated. It was called from tpl_actionlink() in /var/www/html/inc/template.php:592 see devel:menus should be used instead!
2026-06-07 09:58:31		tpl_action() is deprecated. It was called from include() in /var/www/html/lib/tpl/arcadebasic/main.php:204 see devel:menus should be used instead!
2026-06-07 09:58:31		tpl_actionlink() is deprecated. It was called from tpl_action() in /var/www/html/inc/template.php:712 see devel:menus should be used instead!
2026-06-07 09:58:31		tpl_get_action() is deprecated. It was called from tpl_actionlink() in /var/www/html/inc/template.php:592 see devel:menus should be used instead!
2026-06-07 09:58:31		tpl_action() is deprecated. It was called from include() in /var/www/html/lib/tpl/arcadebasic/main.php:205 see devel:menus should be used instead!
2026-06-07 09:58:31		tpl_actionlink() is deprecated. It was called from tpl_action() in /var/www/html/inc/template.php:712 see devel:menus should be used instead!
2026-06-07 09:58:31		tpl_get_action() is deprecated. It was called from tpl_actionlink() in /var/www/html/inc/template.php:592 see devel:menus should be used instead!
2026-06-07 09:58:31		tpl_toolsevent() is deprecated. It was called from include() in /var/www/html/lib/tpl/arcadebasic/main.php:202 see devel:menus should be used instead!
2026-06-07 09:58:37		tpl_action() is deprecated. It was called from include() in /var/www/html/lib/tpl/arcadebasic/main.php:159 see devel:menus should be used instead!
2026-06-07 09:58:37		tpl_actionlink() is deprecated. It was called from tpl_action() in /var/www/html/inc/template.php:712 see devel:menus should be used instead!
2026-06-07 09:58:37		tpl_get_action() is deprecated. It was called from tpl_actionlink() in /var/www/html/inc/template.php:592 see devel:menus should be used instead!
2026-06-07 09:58:37		tpl_toolsevent() is deprecated. It was called from include() in /var/www/html/lib/tpl/arcadebasic/main.php:158 see devel:menus should be used instead!
2026-06-07 09:58:37		tpl_action() is deprecated. It was called from include() in /var/www/html/lib/tpl/arcadebasic/main.php:190 see devel:menus should be used instead!
2026-06-07 09:58:37		tpl_actionlink() is deprecated. It was called from tpl_action() in /var/www/html/inc/template.php:712 see devel:menus should be used instead!
2026-06-07 09:58:37		tpl_get_action() is deprecated. It was called from tpl_actionlink() in /var/www/html/inc/template.php:592 see devel:menus should be used instead!
2026-06-07 09:58:37		tpl_action() is deprecated. It was called from include() in /var/www/html/lib/tpl/arcadebasic/main.php:191 see devel:menus should be used instead!
2026-06-07 09:58:37		tpl_actionlink() is deprecated. It was called from tpl_action() in /var/www/html/inc/template.php:712 see devel:menus should be used instead!
2026-06-07 09:58:37		tpl_get_action() is deprecated. It was called from tpl_actionlink() in /var/www/html/inc/template.php:592 see devel:menus should be used instead!
2026-06-07 09:58:37		tpl_action() is deprecated. It was called from include() in /var/www/html/lib/tpl/arcadebasic/main.php:192 see devel:menus should be used instead!
2026-06-07 09:58:37		tpl_actionlink() is deprecated. It was called from tpl_action() in /var/www/html/inc/template.php:712 see devel:menus should be used instead!
2026-06-07 09:58:37		tpl_get_action() is deprecated. It was called from tpl_actionlink() in /var/www/html/inc/template.php:592 see devel:menus should be used instead!
2026-06-07 09:58:37		tpl_toolsevent() is deprecated. It was called from include() in /var/www/html/lib/tpl/arcadebasic/main.php:187 see devel:menus should be used instead!
2026-06-07 09:58:37		tpl_action() is deprecated. It was called from include() in /var/www/html/lib/tpl/arcadebasic/main.php:203 see devel:menus should be used instead!
2026-06-07 09:58:37		tpl_actionlink() is deprecated. It was called from tpl_action() in /var/www/html/inc/template.php:712 see devel:menus should be used instead!
2026-06-07 09:58:37		tpl_get_action() is deprecated. It was called from tpl_actionlink() in /var/www/html/inc/template.php:592 see devel:menus should be used instead!
2026-06-07 09:58:37		tpl_action() is deprecated. It was called from include() in /var/www/html/lib/tpl/arcadebasic/main.php:204 see devel:menus should be used instead!
2026-06-07 09:58:37		tpl_actionlink() is deprecated. It was called from tpl_action() in /var/www/html/inc/template.php:712 see devel:menus should be used instead!
2026-06-07 09:58:37		tpl_get_action() is deprecated. It was called from tpl_actionlink() in /var/www/html/inc/template.php:592 see devel:menus should be used instead!
2026-06-07 09:58:37		tpl_action() is deprecated. It was called from include() in /var/www/html/lib/tpl/arcadebasic/main.php:205 see devel:menus should be used instead!
2026-06-07 09:58:37		tpl_actionlink() is deprecated. It was called from tpl_action() in /var/www/html/inc/template.php:712 see devel:menus should be used instead!
2026-06-07 09:58:37		tpl_get_action() is deprecated. It was called from tpl_actionlink() in /var/www/html/inc/template.php:592 see devel:menus should be used instead!
2026-06-07 09:58:37		tpl_toolsevent() is deprecated. It was called from include() in /var/www/html/lib/tpl/arcadebasic/main.php:202 see devel:menus should be used instead!
2026-06-07 09:58:41		tpl_action() is deprecated. It was called from include() in /var/www/html/lib/tpl/arcadebasic/main.php:159 see devel:menus should be used instead!
2026-06-07 09:58:41		tpl_actionlink() is deprecated. It was called from tpl_action() in /var/www/html/inc/template.php:712 see devel:menus should be used instead!
2026-06-07 09:58:41		tpl_get_action() is deprecated. It was called from tpl_actionlink() in /var/www/html/inc/template.php:592 see devel:menus should be used instead!
2026-06-07 09:58:41		tpl_toolsevent() is deprecated. It was called from include() in /var/www/html/lib/tpl/arcadebasic/main.php:158 see devel:menus should be used instead!
2026-06-07 09:58:41		tpl_action() is deprecated. It was called from include() in /var/www/html/lib/tpl/arcadebasic/main.php:190 see devel:menus should be used instead!
2026-06-07 09:58:41		tpl_actionlink() is deprecated. It was called from tpl_action() in /var/www/html/inc/template.php:712 see devel:menus should be used instead!
2026-06-07 09:58:41		tpl_get_action() is deprecated. It was called from tpl_actionlink() in /var/www/html/inc/template.php:592 see devel:menus should be used instead!
2026-06-07 09:58:41		tpl_action() is deprecated. It was called from include() in /var/www/html/lib/tpl/arcadebasic/main.php:191 see devel:menus should be used instead!
2026-06-07 09:58:41		tpl_actionlink() is deprecated. It was called from tpl_action() in /var/www/html/inc/template.php:712 see devel:menus should be used instead!
2026-06-07 09:58:41		tpl_get_action() is deprecated. It was called from tpl_actionlink() in /var/www/html/inc/template.php:592 see devel:menus should be used instead!
2026-06-07 09:58:41		tpl_action() is deprecated. It was called from include() in /var/www/html/lib/tpl/arcadebasic/main.php:192 see devel:menus should be used instead!
2026-06-07 09:58:41		tpl_actionlink() is deprecated. It was called from tpl_action() in /var/www/html/inc/template.php:712 see devel:menus should be used instead!
2026-06-07 09:58:41		tpl_get_action() is deprecated. It was called from tpl_actionlink() in /var/www/html/inc/template.php:592 see devel:menus should be used instead!
2026-06-07 09:58:41		tpl_toolsevent() is deprecated. It was called from include() in /var/www/html/lib/tpl/arcadebasic/main.php:187 see devel:menus should be used instead!
2026-06-07 09:58:41		tpl_action() is deprecated. It was called from include() in /var/www/html/lib/tpl/arcadebasic/main.php:203 see devel:menus should be used instead!
2026-06-07 09:58:41		tpl_actionlink() is deprecated. It was called from tpl_action() in /var/www/html/inc/template.php:712 see devel:menus should be used instead!
2026-06-07 09:58:41		tpl_get_action() is deprecated. It was called from tpl_actionlink() in /var/www/html/inc/template.php:592 see devel:menus should be used instead!
2026-06-07 09:58:41		tpl_action() is deprecated. It was called from include() in /var/www/html/lib/tpl/arcadebasic/main.php:204 see devel:menus should be used instead!
2026-06-07 09:58:41		tpl_actionlink() is deprecated. It was called from tpl_action() in /var/www/html/inc/template.php:712 see devel:menus should be used instead!
2026-06-07 09:58:41		tpl_get_action() is deprecated. It was called from tpl_actionlink() in /var/www/html/inc/template.php:592 see devel:menus should be used instead!
2026-06-07 09:58:41		tpl_action() is deprecated. It was called from include() in /var/www/html/lib/tpl/arcadebasic/main.php:205 see devel:menus should be used instead!
2026-06-07 09:58:41		tpl_actionlink() is deprecated. It was called from tpl_action() in /var/www/html/inc/template.php:712 see devel:menus should be used instead!
2026-06-07 09:58:41		tpl_get_action() is deprecated. It was called from tpl_actionlink() in /var/www/html/inc/template.php:592 see devel:menus should be used instead!
2026-06-07 09:58:41		tpl_toolsevent() is deprecated. It was called from include() in /var/www/html/lib/tpl/arcadebasic/main.php:202 see devel:menus should be used instead!
2026-06-07 11:20:29		tpl_action() is deprecated. It was called from include() in /var/www/html/lib/tpl/arcadebasic/main.php:159 see devel:menus should be used instead!
2026-06-07 11:20:29		tpl_actionlink() is deprecated. It was called from tpl_action() in /var/www/html/inc/template.php:712 see devel:menus should be used instead!
2026-06-07 11:20:29		tpl_get_action() is deprecated. It was called from tpl_actionlink() in /var/www/html/inc/template.php:592 see devel:menus should be used instead!
2026-06-07 11:20:29		tpl_toolsevent() is deprecated. It was called from include() in /var/www/html/lib/tpl/arcadebasic/main.php:158 see devel:menus should be used instead!
2026-06-07 11:20:29		tpl_action() is deprecated. It was called from include() in /var/www/html/lib/tpl/arcadebasic/main.php:190 see devel:menus should be used instead!
2026-06-07 11:20:29		tpl_actionlink() is deprecated. It was called from tpl_action() in /var/www/html/inc/template.php:712 see devel:menus should be used instead!
2026-06-07 11:20:29		tpl_get_action() is deprecated. It was called from tpl_actionlink() in /var/www/html/inc/template.php:592 see devel:menus should be used instead!
2026-06-07 11:20:29		tpl_action() is deprecated. It was called from include() in /var/www/html/lib/tpl/arcadebasic/main.php:191 see devel:menus should be used instead!
2026-06-07 11:20:29		tpl_actionlink() is deprecated. It was called from tpl_action() in /var/www/html/inc/template.php:712 see devel:menus should be used instead!
2026-06-07 11:20:29		tpl_get_action() is deprecated. It was called from tpl_actionlink() in /var/www/html/inc/template.php:592 see devel:menus should be used instead!
2026-06-07 11:20:29		tpl_action() is deprecated. It was called from include() in /var/www/html/lib/tpl/arcadebasic/main.php:192 see devel:menus should be used instead!
2026-06-07 11:20:29		tpl_actionlink() is deprecated. It was called from tpl_action() in /var/www/html/inc/template.php:712 see devel:menus should be used instead!
2026-06-07 11:20:29		tpl_get_action() is deprecated. It was called from tpl_actionlink() in /var/www/html/inc/template.php:592 see devel:menus should be used instead!
2026-06-07 11:20:29		tpl_toolsevent() is deprecated. It was called from include() in /var/www/html/lib/tpl/arcadebasic/main.php:187 see devel:menus should be used instead!
2026-06-07 11:20:29		tpl_action() is deprecated. It was called from include() in /var/www/html/lib/tpl/arcadebasic/main.php:203 see devel:menus should be used instead!
2026-06-07 11:20:29		tpl_actionlink() is deprecated. It was called from tpl_action() in /var/www/html/inc/template.php:712 see devel:menus should be used instead!
2026-06-07 11:20:29		tpl_get_action() is deprecated. It was called from tpl_actionlink() in /var/www/html/inc/template.php:592 see devel:menus should be used instead!
2026-06-07 11:20:29		tpl_action() is deprecated. It was called from include() in /var/www/html/lib/tpl/arcadebasic/main.php:204 see devel:menus should be used instead!
2026-06-07 11:20:29		tpl_actionlink() is deprecated. It was called from tpl_action() in /var/www/html/inc/template.php:712 see devel:menus should be used instead!
2026-06-07 11:20:29		tpl_get_action() is deprecated. It was called from tpl_actionlink() in /var/www/html/inc/template.php:592 see devel:menus should be used instead!
2026-06-07 11:20:29		tpl_action() is deprecated. It was called from include() in /var/www/html/lib/tpl/arcadebasic/main.php:205 see devel:menus should be used instead!
2026-06-07 11:20:29		tpl_actionlink() is deprecated. It was called from tpl_action() in /var/www/html/inc/template.php:712 see devel:menus should be used instead!
2026-06-07 11:20:29		tpl_get_action() is deprecated. It was called from tpl_actionlink() in /var/www/html/inc/template.php:592 see devel:menus should be used instead!
2026-06-07 11:20:29		tpl_toolsevent() is deprecated. It was called from include() in /var/www/html/lib/tpl/arcadebasic/main.php:202 see devel:menus should be used instead!
2026-06-07 12:47:55		tpl_action() is deprecated. It was called from include() in /var/www/html/lib/tpl/arcadebasic/main.php:159 see devel:menus should be used instead!
2026-06-07 12:47:55		tpl_actionlink() is deprecated. It was called from tpl_action() in /var/www/html/inc/template.php:712 see devel:menus should be used instead!
2026-06-07 12:47:55		tpl_get_action() is deprecated. It was called from tpl_actionlink() in /var/www/html/inc/template.php:592 see devel:menus should be used instead!
2026-06-07 12:47:55		tpl_toolsevent() is deprecated. It was called from include() in /var/www/html/lib/tpl/arcadebasic/main.php:158 see devel:menus should be used instead!
2026-06-07 12:47:55		tpl_action() is deprecated. It was called from include() in /var/www/html/lib/tpl/arcadebasic/main.php:190 see devel:menus should be used instead!
2026-06-07 12:47:55		tpl_actionlink() is deprecated. It was called from tpl_action() in /var/www/html/inc/template.php:712 see devel:menus should be used instead!
2026-06-07 12:47:55		tpl_get_action() is deprecated. It was called from tpl_actionlink() in /var/www/html/inc/template.php:592 see devel:menus should be used instead!
2026-06-07 12:47:55		tpl_action() is deprecated. It was called from include() in /var/www/html/lib/tpl/arcadebasic/main.php:191 see devel:menus should be used instead!
2026-06-07 12:47:55		tpl_actionlink() is deprecated. It was called from tpl_action() in /var/www/html/inc/template.php:712 see devel:menus should be used instead!
2026-06-07 12:47:55		tpl_get_action() is deprecated. It was called from tpl_actionlink() in /var/www/html/inc/template.php:592 see devel:menus should be used instead!
2026-06-07 12:47:55		tpl_action() is deprecated. It was called from include() in /var/www/html/lib/tpl/arcadebasic/main.php:192 see devel:menus should be used instead!
2026-06-07 12:47:55		tpl_actionlink() is deprecated. It was called from tpl_action() in /var/www/html/inc/template.php:712 see devel:menus should be used instead!
2026-06-07 12:47:55		tpl_get_action() is deprecated. It was called from tpl_actionlink() in /var/www/html/inc/template.php:592 see devel:menus should be used instead!
2026-06-07 12:47:55		tpl_toolsevent() is deprecated. It was called from include() in /var/www/html/lib/tpl/arcadebasic/main.php:187 see devel:menus should be used instead!
2026-06-07 12:47:55		tpl_action() is deprecated. It was called from include() in /var/www/html/lib/tpl/arcadebasic/main.php:203 see devel:menus should be used instead!
2026-06-07 12:47:55		tpl_actionlink() is deprecated. It was called from tpl_action() in /var/www/html/inc/template.php:712 see devel:menus should be used instead!
2026-06-07 12:47:55		tpl_get_action() is deprecated. It was called from tpl_actionlink() in /var/www/html/inc/template.php:592 see devel:menus should be used instead!
2026-06-07 12:47:55		tpl_action() is deprecated. It was called from include() in /var/www/html/lib/tpl/arcadebasic/main.php:204 see devel:menus should be used instead!
2026-06-07 12:47:55		tpl_actionlink() is deprecated. It was called from tpl_action() in /var/www/html/inc/template.php:712 see devel:menus should be used instead!
2026-06-07 12:47:55		tpl_get_action() is deprecated. It was called from tpl_actionlink() in /var/www/html/inc/template.php:592 see devel:menus should be used instead!
2026-06-07 12:47:55		tpl_action() is deprecated. It was called from include() in /var/www/html/lib/tpl/arcadebasic/main.php:205 see devel:menus should be used instead!
2026-06-07 12:47:55		tpl_actionlink() is deprecated. It was called from tpl_action() in /var/www/html/inc/template.php:712 see devel:menus should be used instead!
2026-06-07 12:47:55		tpl_get_action() is deprecated. It was called from tpl_actionlink() in /var/www/html/inc/template.php:592 see devel:menus should be used instead!
2026-06-07 12:47:55		tpl_toolsevent() is deprecated. It was called from include() in /var/www/html/lib/tpl/arcadebasic/main.php:202 see devel:menus should be used instead!
2026-06-07 14:01:39		tpl_action() is deprecated. It was called from include() in /var/www/html/lib/tpl/arcadebasic/main.php:159 see devel:menus should be used instead!
2026-06-07 14:01:39		tpl_actionlink() is deprecated. It was called from tpl_action() in /var/www/html/inc/template.php:712 see devel:menus should be used instead!
2026-06-07 14:01:39		tpl_get_action() is deprecated. It was called from tpl_actionlink() in /var/www/html/inc/template.php:592 see devel:menus should be used instead!
2026-06-07 14:01:39		tpl_toolsevent() is deprecated. It was called from include() in /var/www/html/lib/tpl/arcadebasic/main.php:158 see devel:menus should be used instead!
2026-06-07 14:01:39		tpl_action() is deprecated. It was called from include() in /var/www/html/lib/tpl/arcadebasic/main.php:190 see devel:menus should be used instead!
2026-06-07 14:01:39		tpl_actionlink() is deprecated. It was called from tpl_action() in /var/www/html/inc/template.php:712 see devel:menus should be used instead!
2026-06-07 14:01:39		tpl_get_action() is deprecated. It was called from tpl_actionlink() in /var/www/html/inc/template.php:592 see devel:menus should be used instead!
2026-06-07 14:01:39		tpl_action() is deprecated. It was called from include() in /var/www/html/lib/tpl/arcadebasic/main.php:191 see devel:menus should be used instead!
2026-06-07 14:01:39		tpl_actionlink() is deprecated. It was called from tpl_action() in /var/www/html/inc/template.php:712 see devel:menus should be used instead!
2026-06-07 14:01:39		tpl_get_action() is deprecated. It was called from tpl_actionlink() in /var/www/html/inc/template.php:592 see devel:menus should be used instead!
2026-06-07 14:01:39		tpl_action() is deprecated. It was called from include() in /var/www/html/lib/tpl/arcadebasic/main.php:192 see devel:menus should be used instead!
2026-06-07 14:01:39		tpl_actionlink() is deprecated. It was called from tpl_action() in /var/www/html/inc/template.php:712 see devel:menus should be used instead!
2026-06-07 14:01:39		tpl_get_action() is deprecated. It was called from tpl_actionlink() in /var/www/html/inc/template.php:592 see devel:menus should be used instead!
2026-06-07 14:01:39		tpl_toolsevent() is deprecated. It was called from include() in /var/www/html/lib/tpl/arcadebasic/main.php:187 see devel:menus should be used instead!
2026-06-07 14:01:39		tpl_action() is deprecated. It was called from include() in /var/www/html/lib/tpl/arcadebasic/main.php:203 see devel:menus should be used instead!
2026-06-07 14:01:39		tpl_actionlink() is deprecated. It was called from tpl_action() in /var/www/html/inc/template.php:712 see devel:menus should be used instead!
2026-06-07 14:01:39		tpl_get_action() is deprecated. It was called from tpl_actionlink() in /var/www/html/inc/template.php:592 see devel:menus should be used instead!
2026-06-07 14:01:39		tpl_action() is deprecated. It was called from include() in /var/www/html/lib/tpl/arcadebasic/main.php:204 see devel:menus should be used instead!
2026-06-07 14:01:39		tpl_actionlink() is deprecated. It was called from tpl_action() in /var/www/html/inc/template.php:712 see devel:menus should be used instead!
2026-06-07 14:01:39		tpl_get_action() is deprecated. It was called from tpl_actionlink() in /var/www/html/inc/template.php:592 see devel:menus should be used instead!
2026-06-07 14:01:39		tpl_action() is deprecated. It was called from include() in /var/www/html/lib/tpl/arcadebasic/main.php:205 see devel:menus should be used instead!
2026-06-07 14:01:39		tpl_actionlink() is deprecated. It was called from tpl_action() in /var/www/html/inc/template.php:712 see devel:menus should be used instead!
2026-06-07 14:01:39		tpl_get_action() is deprecated. It was called from tpl_actionlink() in /var/www/html/inc/template.php:592 see devel:menus should be used instead!
2026-06-07 14:01:39		tpl_toolsevent() is deprecated. It was called from include() in /var/www/html/lib/tpl/arcadebasic/main.php:202 see devel:menus should be used instead!
2026-06-07 15:43:16		tpl_action() is deprecated. It was called from include() in /var/www/html/lib/tpl/arcadebasic/main.php:159 see devel:menus should be used instead!
2026-06-07 15:43:16		tpl_actionlink() is deprecated. It was called from tpl_action() in /var/www/html/inc/template.php:712 see devel:menus should be used instead!
2026-06-07 15:43:16		tpl_get_action() is deprecated. It was called from tpl_actionlink() in /var/www/html/inc/template.php:592 see devel:menus should be used instead!
2026-06-07 15:43:16		tpl_toolsevent() is deprecated. It was called from include() in /var/www/html/lib/tpl/arcadebasic/main.php:158 see devel:menus should be used instead!
2026-06-07 15:43:16		tpl_action() is deprecated. It was called from include() in /var/www/html/lib/tpl/arcadebasic/main.php:190 see devel:menus should be used instead!
2026-06-07 15:43:16		tpl_actionlink() is deprecated. It was called from tpl_action() in /var/www/html/inc/template.php:712 see devel:menus should be used instead!
2026-06-07 15:43:16		tpl_get_action() is deprecated. It was called from tpl_actionlink() in /var/www/html/inc/template.php:592 see devel:menus should be used instead!
2026-06-07 15:43:16		tpl_action() is deprecated. It was called from include() in /var/www/html/lib/tpl/arcadebasic/main.php:191 see devel:menus should be used instead!
2026-06-07 15:43:16		tpl_actionlink() is deprecated. It was called from tpl_action() in /var/www/html/inc/template.php:712 see devel:menus should be used instead!
2026-06-07 15:43:16		tpl_get_action() is deprecated. It was called from tpl_actionlink() in /var/www/html/inc/template.php:592 see devel:menus should be used instead!
2026-06-07 15:43:16		tpl_action() is deprecated. It was called from include() in /var/www/html/lib/tpl/arcadebasic/main.php:192 see devel:menus should be used instead!
2026-06-07 15:43:16		tpl_actionlink() is deprecated. It was called from tpl_action() in /var/www/html/inc/template.php:712 see devel:menus should be used instead!
2026-06-07 15:43:16		tpl_get_action() is deprecated. It was called from tpl_actionlink() in /var/www/html/inc/template.php:592 see devel:menus should be used instead!
2026-06-07 15:43:16		tpl_toolsevent() is deprecated. It was called from include() in /var/www/html/lib/tpl/arcadebasic/main.php:187 see devel:menus should be used instead!
2026-06-07 15:43:16		tpl_action() is deprecated. It was called from include() in /var/www/html/lib/tpl/arcadebasic/main.php:203 see devel:menus should be used instead!
2026-06-07 15:43:16		tpl_actionlink() is deprecated. It was called from tpl_action() in /var/www/html/inc/template.php:712 see devel:menus should be used instead!
2026-06-07 15:43:16		tpl_get_action() is deprecated. It was called from tpl_actionlink() in /var/www/html/inc/template.php:592 see devel:menus should be used instead!
2026-06-07 15:43:16		tpl_action() is deprecated. It was called from include() in /var/www/html/lib/tpl/arcadebasic/main.php:204 see devel:menus should be used instead!
2026-06-07 15:43:16		tpl_actionlink() is deprecated. It was called from tpl_action() in /var/www/html/inc/template.php:712 see devel:menus should be used instead!
2026-06-07 15:43:16		tpl_get_action() is deprecated. It was called from tpl_actionlink() in /var/www/html/inc/template.php:592 see devel:menus should be used instead!
2026-06-07 15:43:16		tpl_action() is deprecated. It was called from include() in /var/www/html/lib/tpl/arcadebasic/main.php:205 see devel:menus should be used instead!
2026-06-07 15:43:16		tpl_actionlink() is deprecated. It was called from tpl_action() in /var/www/html/inc/template.php:712 see devel:menus should be used instead!
2026-06-07 15:43:16		tpl_get_action() is deprecated. It was called from tpl_actionlink() in /var/www/html/inc/template.php:592 see devel:menus should be used instead!
2026-06-07 15:43:16		tpl_toolsevent() is deprecated. It was called from include() in /var/www/html/lib/tpl/arcadebasic/main.php:202 see devel:menus should be used instead!
2026-06-07 15:49:51		tpl_action() is deprecated. It was called from include() in /var/www/html/lib/tpl/arcadebasic/main.php:159 see devel:menus should be used instead!
2026-06-07 15:49:51		tpl_actionlink() is deprecated. It was called from tpl_action() in /var/www/html/inc/template.php:712 see devel:menus should be used instead!
2026-06-07 15:49:51		tpl_get_action() is deprecated. It was called from tpl_actionlink() in /var/www/html/inc/template.php:592 see devel:menus should be used instead!
2026-06-07 15:49:51		tpl_toolsevent() is deprecated. It was called from include() in /var/www/html/lib/tpl/arcadebasic/main.php:158 see devel:menus should be used instead!
2026-06-07 15:49:51		tpl_action() is deprecated. It was called from include() in /var/www/html/lib/tpl/arcadebasic/main.php:190 see devel:menus should be used instead!
2026-06-07 15:49:51		tpl_actionlink() is deprecated. It was called from tpl_action() in /var/www/html/inc/template.php:712 see devel:menus should be used instead!
2026-06-07 15:49:51		tpl_get_action() is deprecated. It was called from tpl_actionlink() in /var/www/html/inc/template.php:592 see devel:menus should be used instead!
2026-06-07 15:49:51		tpl_action() is deprecated. It was called from include() in /var/www/html/lib/tpl/arcadebasic/main.php:191 see devel:menus should be used instead!
2026-06-07 15:49:51		tpl_actionlink() is deprecated. It was called from tpl_action() in /var/www/html/inc/template.php:712 see devel:menus should be used instead!
2026-06-07 15:49:51		tpl_get_action() is deprecated. It was called from tpl_actionlink() in /var/www/html/inc/template.php:592 see devel:menus should be used instead!
2026-06-07 15:49:51		tpl_action() is deprecated. It was called from include() in /var/www/html/lib/tpl/arcadebasic/main.php:192 see devel:menus should be used instead!
2026-06-07 15:49:51		tpl_actionlink() is deprecated. It was called from tpl_action() in /var/www/html/inc/template.php:712 see devel:menus should be used instead!
2026-06-07 15:49:51		tpl_get_action() is deprecated. It was called from tpl_actionlink() in /var/www/html/inc/template.php:592 see devel:menus should be used instead!
2026-06-07 15:49:51		tpl_toolsevent() is deprecated. It was called from include() in /var/www/html/lib/tpl/arcadebasic/main.php:187 see devel:menus should be used instead!
2026-06-07 15:49:51		tpl_action() is deprecated. It was called from include() in /var/www/html/lib/tpl/arcadebasic/main.php:203 see devel:menus should be used instead!
2026-06-07 15:49:51		tpl_actionlink() is deprecated. It was called from tpl_action() in /var/www/html/inc/template.php:712 see devel:menus should be used instead!
2026-06-07 15:49:51		tpl_get_action() is deprecated. It was called from tpl_actionlink() in /var/www/html/inc/template.php:592 see devel:menus should be used instead!
2026-06-07 15:49:51		tpl_action() is deprecated. It was called from include() in /var/www/html/lib/tpl/arcadebasic/main.php:204 see devel:menus should be used instead!
2026-06-07 15:49:51		tpl_actionlink() is deprecated. It was called from tpl_action() in /var/www/html/inc/template.php:712 see devel:menus should be used instead!
2026-06-07 15:49:51		tpl_get_action() is deprecated. It was called from tpl_actionlink() in /var/www/html/inc/template.php:592 see devel:menus should be used instead!
2026-06-07 15:49:51		tpl_action() is deprecated. It was called from include() in /var/www/html/lib/tpl/arcadebasic/main.php:205 see devel:menus should be used instead!
2026-06-07 15:49:51		tpl_actionlink() is deprecated. It was called from tpl_action() in /var/www/html/inc/template.php:712 see devel:menus should be used instead!
2026-06-07 15:49:51		tpl_get_action() is deprecated. It was called from tpl_actionlink() in /var/www/html/inc/template.php:592 see devel:menus should be used instead!
2026-06-07 15:49:51		tpl_toolsevent() is deprecated. It was called from include() in /var/www/html/lib/tpl/arcadebasic/main.php:202 see devel:menus should be used instead!
2026-06-07 16:19:32		tpl_action() is deprecated. It was called from include() in /var/www/html/lib/tpl/arcadebasic/main.php:159 see devel:menus should be used instead!
2026-06-07 16:19:32		tpl_actionlink() is deprecated. It was called from tpl_action() in /var/www/html/inc/template.php:712 see devel:menus should be used instead!
2026-06-07 16:19:32		tpl_get_action() is deprecated. It was called from tpl_actionlink() in /var/www/html/inc/template.php:592 see devel:menus should be used instead!
2026-06-07 16:19:32		tpl_toolsevent() is deprecated. It was called from include() in /var/www/html/lib/tpl/arcadebasic/main.php:158 see devel:menus should be used instead!
2026-06-07 16:19:32		tpl_action() is deprecated. It was called from include() in /var/www/html/lib/tpl/arcadebasic/main.php:190 see devel:menus should be used instead!
2026-06-07 16:19:32		tpl_actionlink() is deprecated. It was called from tpl_action() in /var/www/html/inc/template.php:712 see devel:menus should be used instead!
2026-06-07 16:19:32		tpl_get_action() is deprecated. It was called from tpl_actionlink() in /var/www/html/inc/template.php:592 see devel:menus should be used instead!
2026-06-07 16:19:32		tpl_action() is deprecated. It was called from include() in /var/www/html/lib/tpl/arcadebasic/main.php:191 see devel:menus should be used instead!
2026-06-07 16:19:32		tpl_actionlink() is deprecated. It was called from tpl_action() in /var/www/html/inc/template.php:712 see devel:menus should be used instead!
2026-06-07 16:19:32		tpl_get_action() is deprecated. It was called from tpl_actionlink() in /var/www/html/inc/template.php:592 see devel:menus should be used instead!
2026-06-07 16:19:32		tpl_action() is deprecated. It was called from include() in /var/www/html/lib/tpl/arcadebasic/main.php:192 see devel:menus should be used instead!
2026-06-07 16:19:32		tpl_actionlink() is deprecated. It was called from tpl_action() in /var/www/html/inc/template.php:712 see devel:menus should be used instead!
2026-06-07 16:19:32		tpl_get_action() is deprecated. It was called from tpl_actionlink() in /var/www/html/inc/template.php:592 see devel:menus should be used instead!
2026-06-07 16:19:32		tpl_toolsevent() is deprecated. It was called from include() in /var/www/html/lib/tpl/arcadebasic/main.php:187 see devel:menus should be used instead!
2026-06-07 16:19:32		tpl_action() is deprecated. It was called from include() in /var/www/html/lib/tpl/arcadebasic/main.php:203 see devel:menus should be used instead!
2026-06-07 16:19:32		tpl_actionlink() is deprecated. It was called from tpl_action() in /var/www/html/inc/template.php:712 see devel:menus should be used instead!
2026-06-07 16:19:32		tpl_get_action() is deprecated. It was called from tpl_actionlink() in /var/www/html/inc/template.php:592 see devel:menus should be used instead!
2026-06-07 16:19:32		tpl_action() is deprecated. It was called from include() in /var/www/html/lib/tpl/arcadebasic/main.php:204 see devel:menus should be used instead!
2026-06-07 16:19:32		tpl_actionlink() is deprecated. It was called from tpl_action() in /var/www/html/inc/template.php:712 see devel:menus should be used instead!
2026-06-07 16:19:32		tpl_get_action() is deprecated. It was called from tpl_actionlink() in /var/www/html/inc/template.php:592 see devel:menus should be used instead!
2026-06-07 16:19:32		tpl_action() is deprecated. It was called from include() in /var/www/html/lib/tpl/arcadebasic/main.php:205 see devel:menus should be used instead!
2026-06-07 16:19:32		tpl_actionlink() is deprecated. It was called from tpl_action() in /var/www/html/inc/template.php:712 see devel:menus should be used instead!
2026-06-07 16:19:32		tpl_get_action() is deprecated. It was called from tpl_actionlink() in /var/www/html/inc/template.php:592 see devel:menus should be used instead!
2026-06-07 16:19:32		tpl_toolsevent() is deprecated. It was called from include() in /var/www/html/lib/tpl/arcadebasic/main.php:202 see devel:menus should be used instead!
2026-06-07 16:45:28		tpl_action() is deprecated. It was called from include() in /var/www/html/lib/tpl/arcadebasic/main.php:159 see devel:menus should be used instead!
2026-06-07 16:45:28		tpl_actionlink() is deprecated. It was called from tpl_action() in /var/www/html/inc/template.php:712 see devel:menus should be used instead!
2026-06-07 16:45:28		tpl_get_action() is deprecated. It was called from tpl_actionlink() in /var/www/html/inc/template.php:592 see devel:menus should be used instead!
2026-06-07 16:45:28		tpl_toolsevent() is deprecated. It was called from include() in /var/www/html/lib/tpl/arcadebasic/main.php:158 see devel:menus should be used instead!
2026-06-07 16:45:28		tpl_action() is deprecated. It was called from include() in /var/www/html/lib/tpl/arcadebasic/main.php:190 see devel:menus should be used instead!
2026-06-07 16:45:28		tpl_actionlink() is deprecated. It was called from tpl_action() in /var/www/html/inc/template.php:712 see devel:menus should be used instead!
2026-06-07 16:45:28		tpl_get_action() is deprecated. It was called from tpl_actionlink() in /var/www/html/inc/template.php:592 see devel:menus should be used instead!
2026-06-07 16:45:28		tpl_action() is deprecated. It was called from include() in /var/www/html/lib/tpl/arcadebasic/main.php:191 see devel:menus should be used instead!
2026-06-07 16:45:28		tpl_actionlink() is deprecated. It was called from tpl_action() in /var/www/html/inc/template.php:712 see devel:menus should be used instead!
2026-06-07 16:45:28		tpl_get_action() is deprecated. It was called from tpl_actionlink() in /var/www/html/inc/template.php:592 see devel:menus should be used instead!
2026-06-07 16:45:28		tpl_action() is deprecated. It was called from include() in /var/www/html/lib/tpl/arcadebasic/main.php:192 see devel:menus should be used instead!
2026-06-07 16:45:28		tpl_actionlink() is deprecated. It was called from tpl_action() in /var/www/html/inc/template.php:712 see devel:menus should be used instead!
2026-06-07 16:45:28		tpl_get_action() is deprecated. It was called from tpl_actionlink() in /var/www/html/inc/template.php:592 see devel:menus should be used instead!
2026-06-07 16:45:28		tpl_toolsevent() is deprecated. It was called from include() in /var/www/html/lib/tpl/arcadebasic/main.php:187 see devel:menus should be used instead!
2026-06-07 16:45:28		tpl_action() is deprecated. It was called from include() in /var/www/html/lib/tpl/arcadebasic/main.php:203 see devel:menus should be used instead!
2026-06-07 16:45:28		tpl_actionlink() is deprecated. It was called from tpl_action() in /var/www/html/inc/template.php:712 see devel:menus should be used instead!
2026-06-07 16:45:28		tpl_get_action() is deprecated. It was called from tpl_actionlink() in /var/www/html/inc/template.php:592 see devel:menus should be used instead!
2026-06-07 16:45:28		tpl_action() is deprecated. It was called from include() in /var/www/html/lib/tpl/arcadebasic/main.php:204 see devel:menus should be used instead!
2026-06-07 16:45:28		tpl_actionlink() is deprecated. It was called from tpl_action() in /var/www/html/inc/template.php:712 see devel:menus should be used instead!
2026-06-07 16:45:28		tpl_get_action() is deprecated. It was called from tpl_actionlink() in /var/www/html/inc/template.php:592 see devel:menus should be used instead!
2026-06-07 16:45:28		tpl_action() is deprecated. It was called from include() in /var/www/html/lib/tpl/arcadebasic/main.php:205 see devel:menus should be used instead!
2026-06-07 16:45:28		tpl_actionlink() is deprecated. It was called from tpl_action() in /var/www/html/inc/template.php:712 see devel:menus should be used instead!
2026-06-07 16:45:28		tpl_get_action() is deprecated. It was called from tpl_actionlink() in /var/www/html/inc/template.php:592 see devel:menus should be used instead!
2026-06-07 16:45:28		tpl_toolsevent() is deprecated. It was called from include() in /var/www/html/lib/tpl/arcadebasic/main.php:202 see devel:menus should be used instead!
2026-06-07 17:40:57		tpl_action() is deprecated. It was called from include() in /var/www/html/lib/tpl/arcadebasic/main.php:159 see devel:menus should be used instead!
2026-06-07 17:40:57		tpl_actionlink() is deprecated. It was called from tpl_action() in /var/www/html/inc/template.php:712 see devel:menus should be used instead!
2026-06-07 17:40:57		tpl_get_action() is deprecated. It was called from tpl_actionlink() in /var/www/html/inc/template.php:592 see devel:menus should be used instead!
2026-06-07 17:40:57		tpl_toolsevent() is deprecated. It was called from include() in /var/www/html/lib/tpl/arcadebasic/main.php:158 see devel:menus should be used instead!
2026-06-07 17:40:57		tpl_action() is deprecated. It was called from include() in /var/www/html/lib/tpl/arcadebasic/main.php:190 see devel:menus should be used instead!
2026-06-07 17:40:57		tpl_actionlink() is deprecated. It was called from tpl_action() in /var/www/html/inc/template.php:712 see devel:menus should be used instead!
2026-06-07 17:40:57		tpl_get_action() is deprecated. It was called from tpl_actionlink() in /var/www/html/inc/template.php:592 see devel:menus should be used instead!
2026-06-07 17:40:57		tpl_action() is deprecated. It was called from include() in /var/www/html/lib/tpl/arcadebasic/main.php:191 see devel:menus should be used instead!
2026-06-07 17:40:57		tpl_actionlink() is deprecated. It was called from tpl_action() in /var/www/html/inc/template.php:712 see devel:menus should be used instead!
2026-06-07 17:40:57		tpl_get_action() is deprecated. It was called from tpl_actionlink() in /var/www/html/inc/template.php:592 see devel:menus should be used instead!
2026-06-07 17:40:57		tpl_action() is deprecated. It was called from include() in /var/www/html/lib/tpl/arcadebasic/main.php:192 see devel:menus should be used instead!
2026-06-07 17:40:57		tpl_actionlink() is deprecated. It was called from tpl_action() in /var/www/html/inc/template.php:712 see devel:menus should be used instead!
2026-06-07 17:40:57		tpl_get_action() is deprecated. It was called from tpl_actionlink() in /var/www/html/inc/template.php:592 see devel:menus should be used instead!
2026-06-07 17:40:57		tpl_toolsevent() is deprecated. It was called from include() in /var/www/html/lib/tpl/arcadebasic/main.php:187 see devel:menus should be used instead!
2026-06-07 17:40:57		tpl_action() is deprecated. It was called from include() in /var/www/html/lib/tpl/arcadebasic/main.php:203 see devel:menus should be used instead!
2026-06-07 17:40:57		tpl_actionlink() is deprecated. It was called from tpl_action() in /var/www/html/inc/template.php:712 see devel:menus should be used instead!
2026-06-07 17:40:57		tpl_get_action() is deprecated. It was called from tpl_actionlink() in /var/www/html/inc/template.php:592 see devel:menus should be used instead!
2026-06-07 17:40:57		tpl_action() is deprecated. It was called from include() in /var/www/html/lib/tpl/arcadebasic/main.php:204 see devel:menus should be used instead!
2026-06-07 17:40:57		tpl_actionlink() is deprecated. It was called from tpl_action() in /var/www/html/inc/template.php:712 see devel:menus should be used instead!
2026-06-07 17:40:57		tpl_get_action() is deprecated. It was called from tpl_actionlink() in /var/www/html/inc/template.php:592 see devel:menus should be used instead!
2026-06-07 17:40:57		tpl_action() is deprecated. It was called from include() in /var/www/html/lib/tpl/arcadebasic/main.php:205 see devel:menus should be used instead!
2026-06-07 17:40:57		tpl_actionlink() is deprecated. It was called from tpl_action() in /var/www/html/inc/template.php:712 see devel:menus should be used instead!
2026-06-07 17:40:57		tpl_get_action() is deprecated. It was called from tpl_actionlink() in /var/www/html/inc/template.php:592 see devel:menus should be used instead!
2026-06-07 17:40:57		tpl_toolsevent() is deprecated. It was called from include() in /var/www/html/lib/tpl/arcadebasic/main.php:202 see devel:menus should be used instead!
2026-06-07 18:17:50		tpl_action() is deprecated. It was called from include() in /var/www/html/lib/tpl/arcadebasic/main.php:159 see devel:menus should be used instead!
2026-06-07 18:17:50		tpl_actionlink() is deprecated. It was called from tpl_action() in /var/www/html/inc/template.php:712 see devel:menus should be used instead!
2026-06-07 18:17:50		tpl_get_action() is deprecated. It was called from tpl_actionlink() in /var/www/html/inc/template.php:592 see devel:menus should be used instead!
2026-06-07 18:17:50		tpl_toolsevent() is deprecated. It was called from include() in /var/www/html/lib/tpl/arcadebasic/main.php:158 see devel:menus should be used instead!
2026-06-07 18:17:50		tpl_action() is deprecated. It was called from include() in /var/www/html/lib/tpl/arcadebasic/main.php:190 see devel:menus should be used instead!
2026-06-07 18:17:50		tpl_actionlink() is deprecated. It was called from tpl_action() in /var/www/html/inc/template.php:712 see devel:menus should be used instead!
2026-06-07 18:17:50		tpl_get_action() is deprecated. It was called from tpl_actionlink() in /var/www/html/inc/template.php:592 see devel:menus should be used instead!
2026-06-07 18:17:50		tpl_action() is deprecated. It was called from include() in /var/www/html/lib/tpl/arcadebasic/main.php:191 see devel:menus should be used instead!
2026-06-07 18:17:50		tpl_actionlink() is deprecated. It was called from tpl_action() in /var/www/html/inc/template.php:712 see devel:menus should be used instead!
2026-06-07 18:17:50		tpl_get_action() is deprecated. It was called from tpl_actionlink() in /var/www/html/inc/template.php:592 see devel:menus should be used instead!
2026-06-07 18:17:50		tpl_action() is deprecated. It was called from include() in /var/www/html/lib/tpl/arcadebasic/main.php:192 see devel:menus should be used instead!
2026-06-07 18:17:50		tpl_actionlink() is deprecated. It was called from tpl_action() in /var/www/html/inc/template.php:712 see devel:menus should be used instead!
2026-06-07 18:17:50		tpl_get_action() is deprecated. It was called from tpl_actionlink() in /var/www/html/inc/template.php:592 see devel:menus should be used instead!
2026-06-07 18:17:50		tpl_toolsevent() is deprecated. It was called from include() in /var/www/html/lib/tpl/arcadebasic/main.php:187 see devel:menus should be used instead!
2026-06-07 18:17:50		tpl_action() is deprecated. It was called from include() in /var/www/html/lib/tpl/arcadebasic/main.php:203 see devel:menus should be used instead!
2026-06-07 18:17:50		tpl_actionlink() is deprecated. It was called from tpl_action() in /var/www/html/inc/template.php:712 see devel:menus should be used instead!
2026-06-07 18:17:50		tpl_get_action() is deprecated. It was called from tpl_actionlink() in /var/www/html/inc/template.php:592 see devel:menus should be used instead!
2026-06-07 18:17:50		tpl_action() is deprecated. It was called from include() in /var/www/html/lib/tpl/arcadebasic/main.php:204 see devel:menus should be used instead!
2026-06-07 18:17:50		tpl_actionlink() is deprecated. It was called from tpl_action() in /var/www/html/inc/template.php:712 see devel:menus should be used instead!
2026-06-07 18:17:50		tpl_get_action() is deprecated. It was called from tpl_actionlink() in /var/www/html/inc/template.php:592 see devel:menus should be used instead!
2026-06-07 18:17:50		tpl_action() is deprecated. It was called from include() in /var/www/html/lib/tpl/arcadebasic/main.php:205 see devel:menus should be used instead!
2026-06-07 18:17:50		tpl_actionlink() is deprecated. It was called from tpl_action() in /var/www/html/inc/template.php:712 see devel:menus should be used instead!
2026-06-07 18:17:50		tpl_get_action() is deprecated. It was called from tpl_actionlink() in /var/www/html/inc/template.php:592 see devel:menus should be used instead!
2026-06-07 18:17:50		tpl_toolsevent() is deprecated. It was called from include() in /var/www/html/lib/tpl/arcadebasic/main.php:202 see devel:menus should be used instead!
2026-06-07 19:21:58		tpl_action() is deprecated. It was called from include() in /var/www/html/lib/tpl/arcadebasic/main.php:159 see devel:menus should be used instead!
2026-06-07 19:21:58		tpl_actionlink() is deprecated. It was called from tpl_action() in /var/www/html/inc/template.php:712 see devel:menus should be used instead!
2026-06-07 19:21:58		tpl_get_action() is deprecated. It was called from tpl_actionlink() in /var/www/html/inc/template.php:592 see devel:menus should be used instead!
2026-06-07 19:21:58		tpl_toolsevent() is deprecated. It was called from include() in /var/www/html/lib/tpl/arcadebasic/main.php:158 see devel:menus should be used instead!
2026-06-07 19:21:58		tpl_action() is deprecated. It was called from include() in /var/www/html/lib/tpl/arcadebasic/main.php:190 see devel:menus should be used instead!
2026-06-07 19:21:58		tpl_actionlink() is deprecated. It was called from tpl_action() in /var/www/html/inc/template.php:712 see devel:menus should be used instead!
2026-06-07 19:21:58		tpl_get_action() is deprecated. It was called from tpl_actionlink() in /var/www/html/inc/template.php:592 see devel:menus should be used instead!
2026-06-07 19:21:58		tpl_action() is deprecated. It was called from include() in /var/www/html/lib/tpl/arcadebasic/main.php:191 see devel:menus should be used instead!
2026-06-07 19:21:58		tpl_actionlink() is deprecated. It was called from tpl_action() in /var/www/html/inc/template.php:712 see devel:menus should be used instead!
2026-06-07 19:21:58		tpl_get_action() is deprecated. It was called from tpl_actionlink() in /var/www/html/inc/template.php:592 see devel:menus should be used instead!
2026-06-07 19:21:58		tpl_action() is deprecated. It was called from include() in /var/www/html/lib/tpl/arcadebasic/main.php:192 see devel:menus should be used instead!
2026-06-07 19:21:58		tpl_actionlink() is deprecated. It was called from tpl_action() in /var/www/html/inc/template.php:712 see devel:menus should be used instead!
2026-06-07 19:21:58		tpl_get_action() is deprecated. It was called from tpl_actionlink() in /var/www/html/inc/template.php:592 see devel:menus should be used instead!
2026-06-07 19:21:58		tpl_toolsevent() is deprecated. It was called from include() in /var/www/html/lib/tpl/arcadebasic/main.php:187 see devel:menus should be used instead!
2026-06-07 19:21:58		tpl_action() is deprecated. It was called from include() in /var/www/html/lib/tpl/arcadebasic/main.php:203 see devel:menus should be used instead!
2026-06-07 19:21:58		tpl_actionlink() is deprecated. It was called from tpl_action() in /var/www/html/inc/template.php:712 see devel:menus should be used instead!
2026-06-07 19:21:58		tpl_get_action() is deprecated. It was called from tpl_actionlink() in /var/www/html/inc/template.php:592 see devel:menus should be used instead!
2026-06-07 19:21:58		tpl_action() is deprecated. It was called from include() in /var/www/html/lib/tpl/arcadebasic/main.php:204 see devel:menus should be used instead!
2026-06-07 19:21:58		tpl_actionlink() is deprecated. It was called from tpl_action() in /var/www/html/inc/template.php:712 see devel:menus should be used instead!
2026-06-07 19:21:58		tpl_get_action() is deprecated. It was called from tpl_actionlink() in /var/www/html/inc/template.php:592 see devel:menus should be used instead!
2026-06-07 19:21:58		tpl_action() is deprecated. It was called from include() in /var/www/html/lib/tpl/arcadebasic/main.php:205 see devel:menus should be used instead!
2026-06-07 19:21:58		tpl_actionlink() is deprecated. It was called from tpl_action() in /var/www/html/inc/template.php:712 see devel:menus should be used instead!
2026-06-07 19:21:58		tpl_get_action() is deprecated. It was called from tpl_actionlink() in /var/www/html/inc/template.php:592 see devel:menus should be used instead!
2026-06-07 19:21:58		tpl_toolsevent() is deprecated. It was called from include() in /var/www/html/lib/tpl/arcadebasic/main.php:202 see devel:menus should be used instead!
2026-06-07 19:52:20		tpl_action() is deprecated. It was called from include() in /var/www/html/lib/tpl/arcadebasic/main.php:159 see devel:menus should be used instead!
2026-06-07 19:52:20		tpl_actionlink() is deprecated. It was called from tpl_action() in /var/www/html/inc/template.php:712 see devel:menus should be used instead!
2026-06-07 19:52:20		tpl_get_action() is deprecated. It was called from tpl_actionlink() in /var/www/html/inc/template.php:592 see devel:menus should be used instead!
2026-06-07 19:52:20		tpl_toolsevent() is deprecated. It was called from include() in /var/www/html/lib/tpl/arcadebasic/main.php:158 see devel:menus should be used instead!
2026-06-07 19:52:20		tpl_action() is deprecated. It was called from include() in /var/www/html/lib/tpl/arcadebasic/main.php:190 see devel:menus should be used instead!
2026-06-07 19:52:20		tpl_actionlink() is deprecated. It was called from tpl_action() in /var/www/html/inc/template.php:712 see devel:menus should be used instead!
2026-06-07 19:52:20		tpl_get_action() is deprecated. It was called from tpl_actionlink() in /var/www/html/inc/template.php:592 see devel:menus should be used instead!
2026-06-07 19:52:20		tpl_action() is deprecated. It was called from include() in /var/www/html/lib/tpl/arcadebasic/main.php:191 see devel:menus should be used instead!
2026-06-07 19:52:20		tpl_actionlink() is deprecated. It was called from tpl_action() in /var/www/html/inc/template.php:712 see devel:menus should be used instead!
2026-06-07 19:52:20		tpl_get_action() is deprecated. It was called from tpl_actionlink() in /var/www/html/inc/template.php:592 see devel:menus should be used instead!
2026-06-07 19:52:20		tpl_action() is deprecated. It was called from include() in /var/www/html/lib/tpl/arcadebasic/main.php:192 see devel:menus should be used instead!
2026-06-07 19:52:20		tpl_actionlink() is deprecated. It was called from tpl_action() in /var/www/html/inc/template.php:712 see devel:menus should be used instead!
2026-06-07 19:52:20		tpl_get_action() is deprecated. It was called from tpl_actionlink() in /var/www/html/inc/template.php:592 see devel:menus should be used instead!
2026-06-07 19:52:20		tpl_toolsevent() is deprecated. It was called from include() in /var/www/html/lib/tpl/arcadebasic/main.php:187 see devel:menus should be used instead!
2026-06-07 19:52:20		tpl_action() is deprecated. It was called from include() in /var/www/html/lib/tpl/arcadebasic/main.php:203 see devel:menus should be used instead!
2026-06-07 19:52:20		tpl_actionlink() is deprecated. It was called from tpl_action() in /var/www/html/inc/template.php:712 see devel:menus should be used instead!
2026-06-07 19:52:20		tpl_get_action() is deprecated. It was called from tpl_actionlink() in /var/www/html/inc/template.php:592 see devel:menus should be used instead!
2026-06-07 19:52:20		tpl_action() is deprecated. It was called from include() in /var/www/html/lib/tpl/arcadebasic/main.php:204 see devel:menus should be used instead!
2026-06-07 19:52:20		tpl_actionlink() is deprecated. It was called from tpl_action() in /var/www/html/inc/template.php:712 see devel:menus should be used instead!
2026-06-07 19:52:20		tpl_get_action() is deprecated. It was called from tpl_actionlink() in /var/www/html/inc/template.php:592 see devel:menus should be used instead!
2026-06-07 19:52:20		tpl_action() is deprecated. It was called from include() in /var/www/html/lib/tpl/arcadebasic/main.php:205 see devel:menus should be used instead!
2026-06-07 19:52:20		tpl_actionlink() is deprecated. It was called from tpl_action() in /var/www/html/inc/template.php:712 see devel:menus should be used instead!
2026-06-07 19:52:20		tpl_get_action() is deprecated. It was called from tpl_actionlink() in /var/www/html/inc/template.php:592 see devel:menus should be used instead!
2026-06-07 19:52:20		tpl_toolsevent() is deprecated. It was called from include() in /var/www/html/lib/tpl/arcadebasic/main.php:202 see devel:menus should be used instead!
2026-06-07 20:28:20		tpl_action() is deprecated. It was called from include() in /var/www/html/lib/tpl/arcadebasic/main.php:159 see devel:menus should be used instead!
2026-06-07 20:28:20		tpl_actionlink() is deprecated. It was called from tpl_action() in /var/www/html/inc/template.php:712 see devel:menus should be used instead!
2026-06-07 20:28:20		tpl_get_action() is deprecated. It was called from tpl_actionlink() in /var/www/html/inc/template.php:592 see devel:menus should be used instead!
2026-06-07 20:28:20		tpl_toolsevent() is deprecated. It was called from include() in /var/www/html/lib/tpl/arcadebasic/main.php:158 see devel:menus should be used instead!
2026-06-07 20:28:20		tpl_action() is deprecated. It was called from include() in /var/www/html/lib/tpl/arcadebasic/main.php:190 see devel:menus should be used instead!
2026-06-07 20:28:20		tpl_actionlink() is deprecated. It was called from tpl_action() in /var/www/html/inc/template.php:712 see devel:menus should be used instead!
2026-06-07 20:28:20		tpl_get_action() is deprecated. It was called from tpl_actionlink() in /var/www/html/inc/template.php:592 see devel:menus should be used instead!
2026-06-07 20:28:20		tpl_action() is deprecated. It was called from include() in /var/www/html/lib/tpl/arcadebasic/main.php:191 see devel:menus should be used instead!
2026-06-07 20:28:20		tpl_actionlink() is deprecated. It was called from tpl_action() in /var/www/html/inc/template.php:712 see devel:menus should be used instead!
2026-06-07 20:28:20		tpl_get_action() is deprecated. It was called from tpl_actionlink() in /var/www/html/inc/template.php:592 see devel:menus should be used instead!
2026-06-07 20:28:20		tpl_action() is deprecated. It was called from include() in /var/www/html/lib/tpl/arcadebasic/main.php:192 see devel:menus should be used instead!
2026-06-07 20:28:20		tpl_actionlink() is deprecated. It was called from tpl_action() in /var/www/html/inc/template.php:712 see devel:menus should be used instead!
2026-06-07 20:28:20		tpl_get_action() is deprecated. It was called from tpl_actionlink() in /var/www/html/inc/template.php:592 see devel:menus should be used instead!
2026-06-07 20:28:20		tpl_toolsevent() is deprecated. It was called from include() in /var/www/html/lib/tpl/arcadebasic/main.php:187 see devel:menus should be used instead!
2026-06-07 20:28:20		tpl_action() is deprecated. It was called from include() in /var/www/html/lib/tpl/arcadebasic/main.php:203 see devel:menus should be used instead!
2026-06-07 20:28:20		tpl_actionlink() is deprecated. It was called from tpl_action() in /var/www/html/inc/template.php:712 see devel:menus should be used instead!
2026-06-07 20:28:20		tpl_get_action() is deprecated. It was called from tpl_actionlink() in /var/www/html/inc/template.php:592 see devel:menus should be used instead!
2026-06-07 20:28:20		tpl_action() is deprecated. It was called from include() in /var/www/html/lib/tpl/arcadebasic/main.php:204 see devel:menus should be used instead!
2026-06-07 20:28:20		tpl_actionlink() is deprecated. It was called from tpl_action() in /var/www/html/inc/template.php:712 see devel:menus should be used instead!
2026-06-07 20:28:20		tpl_get_action() is deprecated. It was called from tpl_actionlink() in /var/www/html/inc/template.php:592 see devel:menus should be used instead!
2026-06-07 20:28:20		tpl_action() is deprecated. It was called from include() in /var/www/html/lib/tpl/arcadebasic/main.php:205 see devel:menus should be used instead!
2026-06-07 20:28:20		tpl_actionlink() is deprecated. It was called from tpl_action() in /var/www/html/inc/template.php:712 see devel:menus should be used instead!
2026-06-07 20:28:20		tpl_get_action() is deprecated. It was called from tpl_actionlink() in /var/www/html/inc/template.php:592 see devel:menus should be used instead!
2026-06-07 20:28:20		tpl_toolsevent() is deprecated. It was called from include() in /var/www/html/lib/tpl/arcadebasic/main.php:202 see devel:menus should be used instead!
2026-06-07 22:43:44		tpl_action() is deprecated. It was called from include() in /var/www/html/lib/tpl/arcadebasic/main.php:159 see devel:menus should be used instead!
2026-06-07 22:43:44		tpl_actionlink() is deprecated. It was called from tpl_action() in /var/www/html/inc/template.php:712 see devel:menus should be used instead!
2026-06-07 22:43:44		tpl_get_action() is deprecated. It was called from tpl_actionlink() in /var/www/html/inc/template.php:592 see devel:menus should be used instead!
2026-06-07 22:43:44		tpl_toolsevent() is deprecated. It was called from include() in /var/www/html/lib/tpl/arcadebasic/main.php:158 see devel:menus should be used instead!
2026-06-07 22:43:44		tpl_action() is deprecated. It was called from include() in /var/www/html/lib/tpl/arcadebasic/main.php:190 see devel:menus should be used instead!
2026-06-07 22:43:44		tpl_actionlink() is deprecated. It was called from tpl_action() in /var/www/html/inc/template.php:712 see devel:menus should be used instead!
2026-06-07 22:43:44		tpl_get_action() is deprecated. It was called from tpl_actionlink() in /var/www/html/inc/template.php:592 see devel:menus should be used instead!
2026-06-07 22:43:44		tpl_action() is deprecated. It was called from include() in /var/www/html/lib/tpl/arcadebasic/main.php:191 see devel:menus should be used instead!
2026-06-07 22:43:44		tpl_actionlink() is deprecated. It was called from tpl_action() in /var/www/html/inc/template.php:712 see devel:menus should be used instead!
2026-06-07 22:43:44		tpl_get_action() is deprecated. It was called from tpl_actionlink() in /var/www/html/inc/template.php:592 see devel:menus should be used instead!
2026-06-07 22:43:44		tpl_action() is deprecated. It was called from include() in /var/www/html/lib/tpl/arcadebasic/main.php:192 see devel:menus should be used instead!
2026-06-07 22:43:44		tpl_actionlink() is deprecated. It was called from tpl_action() in /var/www/html/inc/template.php:712 see devel:menus should be used instead!
2026-06-07 22:43:44		tpl_get_action() is deprecated. It was called from tpl_actionlink() in /var/www/html/inc/template.php:592 see devel:menus should be used instead!
2026-06-07 22:43:44		tpl_toolsevent() is deprecated. It was called from include() in /var/www/html/lib/tpl/arcadebasic/main.php:187 see devel:menus should be used instead!
2026-06-07 22:43:44		tpl_action() is deprecated. It was called from include() in /var/www/html/lib/tpl/arcadebasic/main.php:203 see devel:menus should be used instead!
2026-06-07 22:43:44		tpl_actionlink() is deprecated. It was called from tpl_action() in /var/www/html/inc/template.php:712 see devel:menus should be used instead!
2026-06-07 22:43:44		tpl_get_action() is deprecated. It was called from tpl_actionlink() in /var/www/html/inc/template.php:592 see devel:menus should be used instead!
2026-06-07 22:43:44		tpl_action() is deprecated. It was called from include() in /var/www/html/lib/tpl/arcadebasic/main.php:204 see devel:menus should be used instead!
2026-06-07 22:43:44		tpl_actionlink() is deprecated. It was called from tpl_action() in /var/www/html/inc/template.php:712 see devel:menus should be used instead!
2026-06-07 22:43:44		tpl_get_action() is deprecated. It was called from tpl_actionlink() in /var/www/html/inc/template.php:592 see devel:menus should be used instead!
2026-06-07 22:43:44		tpl_action() is deprecated. It was called from include() in /var/www/html/lib/tpl/arcadebasic/main.php:205 see devel:menus should be used instead!
2026-06-07 22:43:44		tpl_actionlink() is deprecated. It was called from tpl_action() in /var/www/html/inc/template.php:712 see devel:menus should be used instead!
2026-06-07 22:43:44		tpl_get_action() is deprecated. It was called from tpl_actionlink() in /var/www/html/inc/template.php:592 see devel:menus should be used instead!
2026-06-07 22:43:44		tpl_toolsevent() is deprecated. It was called from include() in /var/www/html/lib/tpl/arcadebasic/main.php:202 see devel:menus should be used instead!
2026-06-07 23:04:04		tpl_action() is deprecated. It was called from include() in /var/www/html/lib/tpl/arcadebasic/main.php:159 see devel:menus should be used instead!
2026-06-07 23:04:04		tpl_actionlink() is deprecated. It was called from tpl_action() in /var/www/html/inc/template.php:712 see devel:menus should be used instead!
2026-06-07 23:04:04		tpl_get_action() is deprecated. It was called from tpl_actionlink() in /var/www/html/inc/template.php:592 see devel:menus should be used instead!
2026-06-07 23:04:04		tpl_toolsevent() is deprecated. It was called from include() in /var/www/html/lib/tpl/arcadebasic/main.php:158 see devel:menus should be used instead!
2026-06-07 23:04:04		tpl_action() is deprecated. It was called from include() in /var/www/html/lib/tpl/arcadebasic/main.php:190 see devel:menus should be used instead!
2026-06-07 23:04:04		tpl_actionlink() is deprecated. It was called from tpl_action() in /var/www/html/inc/template.php:712 see devel:menus should be used instead!
2026-06-07 23:04:04		tpl_get_action() is deprecated. It was called from tpl_actionlink() in /var/www/html/inc/template.php:592 see devel:menus should be used instead!
2026-06-07 23:04:04		tpl_action() is deprecated. It was called from include() in /var/www/html/lib/tpl/arcadebasic/main.php:191 see devel:menus should be used instead!
2026-06-07 23:04:04		tpl_actionlink() is deprecated. It was called from tpl_action() in /var/www/html/inc/template.php:712 see devel:menus should be used instead!
2026-06-07 23:04:04		tpl_get_action() is deprecated. It was called from tpl_actionlink() in /var/www/html/inc/template.php:592 see devel:menus should be used instead!
2026-06-07 23:04:04		tpl_action() is deprecated. It was called from include() in /var/www/html/lib/tpl/arcadebasic/main.php:192 see devel:menus should be used instead!
2026-06-07 23:04:04		tpl_actionlink() is deprecated. It was called from tpl_action() in /var/www/html/inc/template.php:712 see devel:menus should be used instead!
2026-06-07 23:04:04		tpl_get_action() is deprecated. It was called from tpl_actionlink() in /var/www/html/inc/template.php:592 see devel:menus should be used instead!
2026-06-07 23:04:04		tpl_toolsevent() is deprecated. It was called from include() in /var/www/html/lib/tpl/arcadebasic/main.php:187 see devel:menus should be used instead!
2026-06-07 23:04:04		tpl_action() is deprecated. It was called from include() in /var/www/html/lib/tpl/arcadebasic/main.php:203 see devel:menus should be used instead!
2026-06-07 23:04:04		tpl_actionlink() is deprecated. It was called from tpl_action() in /var/www/html/inc/template.php:712 see devel:menus should be used instead!
2026-06-07 23:04:04		tpl_get_action() is deprecated. It was called from tpl_actionlink() in /var/www/html/inc/template.php:592 see devel:menus should be used instead!
2026-06-07 23:04:04		tpl_action() is deprecated. It was called from include() in /var/www/html/lib/tpl/arcadebasic/main.php:204 see devel:menus should be used instead!
2026-06-07 23:04:04		tpl_actionlink() is deprecated. It was called from tpl_action() in /var/www/html/inc/template.php:712 see devel:menus should be used instead!
2026-06-07 23:04:04		tpl_get_action() is deprecated. It was called from tpl_actionlink() in /var/www/html/inc/template.php:592 see devel:menus should be used instead!
2026-06-07 23:04:04		tpl_action() is deprecated. It was called from include() in /var/www/html/lib/tpl/arcadebasic/main.php:205 see devel:menus should be used instead!
2026-06-07 23:04:04		tpl_actionlink() is deprecated. It was called from tpl_action() in /var/www/html/inc/template.php:712 see devel:menus should be used instead!
2026-06-07 23:04:04		tpl_get_action() is deprecated. It was called from tpl_actionlink() in /var/www/html/inc/template.php:592 see devel:menus should be used instead!
2026-06-07 23:04:04		tpl_toolsevent() is deprecated. It was called from include() in /var/www/html/lib/tpl/arcadebasic/main.php:202 see devel:menus should be used instead!
2026-06-07 23:23:07		tpl_action() is deprecated. It was called from include() in /var/www/html/lib/tpl/arcadebasic/main.php:159 see devel:menus should be used instead!
2026-06-07 23:23:07		tpl_actionlink() is deprecated. It was called from tpl_action() in /var/www/html/inc/template.php:712 see devel:menus should be used instead!
2026-06-07 23:23:07		tpl_get_action() is deprecated. It was called from tpl_actionlink() in /var/www/html/inc/template.php:592 see devel:menus should be used instead!
2026-06-07 23:23:07		tpl_toolsevent() is deprecated. It was called from include() in /var/www/html/lib/tpl/arcadebasic/main.php:158 see devel:menus should be used instead!
2026-06-07 23:23:07		tpl_action() is deprecated. It was called from include() in /var/www/html/lib/tpl/arcadebasic/main.php:190 see devel:menus should be used instead!
2026-06-07 23:23:07		tpl_actionlink() is deprecated. It was called from tpl_action() in /var/www/html/inc/template.php:712 see devel:menus should be used instead!
2026-06-07 23:23:07		tpl_get_action() is deprecated. It was called from tpl_actionlink() in /var/www/html/inc/template.php:592 see devel:menus should be used instead!
2026-06-07 23:23:07		tpl_action() is deprecated. It was called from include() in /var/www/html/lib/tpl/arcadebasic/main.php:191 see devel:menus should be used instead!
2026-06-07 23:23:07		tpl_actionlink() is deprecated. It was called from tpl_action() in /var/www/html/inc/template.php:712 see devel:menus should be used instead!
2026-06-07 23:23:07		tpl_get_action() is deprecated. It was called from tpl_actionlink() in /var/www/html/inc/template.php:592 see devel:menus should be used instead!
2026-06-07 23:23:07		tpl_action() is deprecated. It was called from include() in /var/www/html/lib/tpl/arcadebasic/main.php:192 see devel:menus should be used instead!
2026-06-07 23:23:07		tpl_actionlink() is deprecated. It was called from tpl_action() in /var/www/html/inc/template.php:712 see devel:menus should be used instead!
2026-06-07 23:23:07		tpl_get_action() is deprecated. It was called from tpl_actionlink() in /var/www/html/inc/template.php:592 see devel:menus should be used instead!
2026-06-07 23:23:07		tpl_toolsevent() is deprecated. It was called from include() in /var/www/html/lib/tpl/arcadebasic/main.php:187 see devel:menus should be used instead!
2026-06-07 23:23:07		tpl_action() is deprecated. It was called from include() in /var/www/html/lib/tpl/arcadebasic/main.php:203 see devel:menus should be used instead!
2026-06-07 23:23:07		tpl_actionlink() is deprecated. It was called from tpl_action() in /var/www/html/inc/template.php:712 see devel:menus should be used instead!
2026-06-07 23:23:07		tpl_get_action() is deprecated. It was called from tpl_actionlink() in /var/www/html/inc/template.php:592 see devel:menus should be used instead!
2026-06-07 23:23:07		tpl_action() is deprecated. It was called from include() in /var/www/html/lib/tpl/arcadebasic/main.php:204 see devel:menus should be used instead!
2026-06-07 23:23:07		tpl_actionlink() is deprecated. It was called from tpl_action() in /var/www/html/inc/template.php:712 see devel:menus should be used instead!
2026-06-07 23:23:07		tpl_get_action() is deprecated. It was called from tpl_actionlink() in /var/www/html/inc/template.php:592 see devel:menus should be used instead!
2026-06-07 23:23:07		tpl_action() is deprecated. It was called from include() in /var/www/html/lib/tpl/arcadebasic/main.php:205 see devel:menus should be used instead!
2026-06-07 23:23:07		tpl_actionlink() is deprecated. It was called from tpl_action() in /var/www/html/inc/template.php:712 see devel:menus should be used instead!
2026-06-07 23:23:07		tpl_get_action() is deprecated. It was called from tpl_actionlink() in /var/www/html/inc/template.php:592 see devel:menus should be used instead!
2026-06-07 23:23:07		tpl_toolsevent() is deprecated. It was called from include() in /var/www/html/lib/tpl/arcadebasic/main.php:202 see devel:menus should be used instead!
2026-06-07 23:49:28		tpl_action() is deprecated. It was called from include() in /var/www/html/lib/tpl/arcadebasic/main.php:159 see devel:menus should be used instead!
2026-06-07 23:49:28		tpl_actionlink() is deprecated. It was called from tpl_action() in /var/www/html/inc/template.php:712 see devel:menus should be used instead!
2026-06-07 23:49:28		tpl_get_action() is deprecated. It was called from tpl_actionlink() in /var/www/html/inc/template.php:592 see devel:menus should be used instead!
2026-06-07 23:49:28		tpl_toolsevent() is deprecated. It was called from include() in /var/www/html/lib/tpl/arcadebasic/main.php:158 see devel:menus should be used instead!
2026-06-07 23:49:28		tpl_action() is deprecated. It was called from include() in /var/www/html/lib/tpl/arcadebasic/main.php:190 see devel:menus should be used instead!
2026-06-07 23:49:28		tpl_actionlink() is deprecated. It was called from tpl_action() in /var/www/html/inc/template.php:712 see devel:menus should be used instead!
2026-06-07 23:49:28		tpl_get_action() is deprecated. It was called from tpl_actionlink() in /var/www/html/inc/template.php:592 see devel:menus should be used instead!
2026-06-07 23:49:28		tpl_action() is deprecated. It was called from include() in /var/www/html/lib/tpl/arcadebasic/main.php:191 see devel:menus should be used instead!
2026-06-07 23:49:28		tpl_actionlink() is deprecated. It was called from tpl_action() in /var/www/html/inc/template.php:712 see devel:menus should be used instead!
2026-06-07 23:49:28		tpl_get_action() is deprecated. It was called from tpl_actionlink() in /var/www/html/inc/template.php:592 see devel:menus should be used instead!
2026-06-07 23:49:28		tpl_action() is deprecated. It was called from include() in /var/www/html/lib/tpl/arcadebasic/main.php:192 see devel:menus should be used instead!
2026-06-07 23:49:28		tpl_actionlink() is deprecated. It was called from tpl_action() in /var/www/html/inc/template.php:712 see devel:menus should be used instead!
2026-06-07 23:49:28		tpl_get_action() is deprecated. It was called from tpl_actionlink() in /var/www/html/inc/template.php:592 see devel:menus should be used instead!
2026-06-07 23:49:28		tpl_toolsevent() is deprecated. It was called from include() in /var/www/html/lib/tpl/arcadebasic/main.php:187 see devel:menus should be used instead!
2026-06-07 23:49:28		tpl_action() is deprecated. It was called from include() in /var/www/html/lib/tpl/arcadebasic/main.php:203 see devel:menus should be used instead!
2026-06-07 23:49:28		tpl_actionlink() is deprecated. It was called from tpl_action() in /var/www/html/inc/template.php:712 see devel:menus should be used instead!
2026-06-07 23:49:28		tpl_get_action() is deprecated. It was called from tpl_actionlink() in /var/www/html/inc/template.php:592 see devel:menus should be used instead!
2026-06-07 23:49:28		tpl_action() is deprecated. It was called from include() in /var/www/html/lib/tpl/arcadebasic/main.php:204 see devel:menus should be used instead!
2026-06-07 23:49:28		tpl_actionlink() is deprecated. It was called from tpl_action() in /var/www/html/inc/template.php:712 see devel:menus should be used instead!
2026-06-07 23:49:28		tpl_get_action() is deprecated. It was called from tpl_actionlink() in /var/www/html/inc/template.php:592 see devel:menus should be used instead!
2026-06-07 23:49:28		tpl_action() is deprecated. It was called from include() in /var/www/html/lib/tpl/arcadebasic/main.php:205 see devel:menus should be used instead!
2026-06-07 23:49:28		tpl_actionlink() is deprecated. It was called from tpl_action() in /var/www/html/inc/template.php:712 see devel:menus should be used instead!
2026-06-07 23:49:28		tpl_get_action() is deprecated. It was called from tpl_actionlink() in /var/www/html/inc/template.php:592 see devel:menus should be used instead!
2026-06-07 23:49:28		tpl_toolsevent() is deprecated. It was called from include() in /var/www/html/lib/tpl/arcadebasic/main.php:202 see devel:menus should be used instead!
