2026-06-05 00:05:15		tpl_action() is deprecated. It was called from include() in /var/www/html/lib/tpl/arcadebasic/main.php:159 see devel:menus should be used instead!
2026-06-05 00:05:15		tpl_actionlink() is deprecated. It was called from tpl_action() in /var/www/html/inc/template.php:712 see devel:menus should be used instead!
2026-06-05 00:05:15		tpl_get_action() is deprecated. It was called from tpl_actionlink() in /var/www/html/inc/template.php:592 see devel:menus should be used instead!
2026-06-05 00:05:15		tpl_toolsevent() is deprecated. It was called from include() in /var/www/html/lib/tpl/arcadebasic/main.php:158 see devel:menus should be used instead!
2026-06-05 00:05:15		tpl_action() is deprecated. It was called from include() in /var/www/html/lib/tpl/arcadebasic/main.php:190 see devel:menus should be used instead!
2026-06-05 00:05:15		tpl_actionlink() is deprecated. It was called from tpl_action() in /var/www/html/inc/template.php:712 see devel:menus should be used instead!
2026-06-05 00:05:15		tpl_get_action() is deprecated. It was called from tpl_actionlink() in /var/www/html/inc/template.php:592 see devel:menus should be used instead!
2026-06-05 00:05:15		tpl_action() is deprecated. It was called from include() in /var/www/html/lib/tpl/arcadebasic/main.php:191 see devel:menus should be used instead!
2026-06-05 00:05:15		tpl_actionlink() is deprecated. It was called from tpl_action() in /var/www/html/inc/template.php:712 see devel:menus should be used instead!
2026-06-05 00:05:15		tpl_get_action() is deprecated. It was called from tpl_actionlink() in /var/www/html/inc/template.php:592 see devel:menus should be used instead!
2026-06-05 00:05:15		tpl_action() is deprecated. It was called from include() in /var/www/html/lib/tpl/arcadebasic/main.php:192 see devel:menus should be used instead!
2026-06-05 00:05:15		tpl_actionlink() is deprecated. It was called from tpl_action() in /var/www/html/inc/template.php:712 see devel:menus should be used instead!
2026-06-05 00:05:15		tpl_get_action() is deprecated. It was called from tpl_actionlink() in /var/www/html/inc/template.php:592 see devel:menus should be used instead!
2026-06-05 00:05:15		tpl_toolsevent() is deprecated. It was called from include() in /var/www/html/lib/tpl/arcadebasic/main.php:187 see devel:menus should be used instead!
2026-06-05 00:05:15		tpl_action() is deprecated. It was called from include() in /var/www/html/lib/tpl/arcadebasic/main.php:203 see devel:menus should be used instead!
2026-06-05 00:05:15		tpl_actionlink() is deprecated. It was called from tpl_action() in /var/www/html/inc/template.php:712 see devel:menus should be used instead!
2026-06-05 00:05:15		tpl_get_action() is deprecated. It was called from tpl_actionlink() in /var/www/html/inc/template.php:592 see devel:menus should be used instead!
2026-06-05 00:05:15		tpl_action() is deprecated. It was called from include() in /var/www/html/lib/tpl/arcadebasic/main.php:204 see devel:menus should be used instead!
2026-06-05 00:05:15		tpl_actionlink() is deprecated. It was called from tpl_action() in /var/www/html/inc/template.php:712 see devel:menus should be used instead!
2026-06-05 00:05:15		tpl_get_action() is deprecated. It was called from tpl_actionlink() in /var/www/html/inc/template.php:592 see devel:menus should be used instead!
2026-06-05 00:05:15		tpl_action() is deprecated. It was called from include() in /var/www/html/lib/tpl/arcadebasic/main.php:205 see devel:menus should be used instead!
2026-06-05 00:05:15		tpl_actionlink() is deprecated. It was called from tpl_action() in /var/www/html/inc/template.php:712 see devel:menus should be used instead!
2026-06-05 00:05:15		tpl_get_action() is deprecated. It was called from tpl_actionlink() in /var/www/html/inc/template.php:592 see devel:menus should be used instead!
2026-06-05 00:05:15		tpl_toolsevent() is deprecated. It was called from include() in /var/www/html/lib/tpl/arcadebasic/main.php:202 see devel:menus should be used instead!
2026-06-05 00:05:58		tpl_action() is deprecated. It was called from include() in /var/www/html/lib/tpl/arcadebasic/main.php:159 see devel:menus should be used instead!
2026-06-05 00:05:58		tpl_actionlink() is deprecated. It was called from tpl_action() in /var/www/html/inc/template.php:712 see devel:menus should be used instead!
2026-06-05 00:05:58		tpl_get_action() is deprecated. It was called from tpl_actionlink() in /var/www/html/inc/template.php:592 see devel:menus should be used instead!
2026-06-05 00:05:58		tpl_toolsevent() is deprecated. It was called from include() in /var/www/html/lib/tpl/arcadebasic/main.php:158 see devel:menus should be used instead!
2026-06-05 00:05:58		tpl_action() is deprecated. It was called from include() in /var/www/html/lib/tpl/arcadebasic/main.php:190 see devel:menus should be used instead!
2026-06-05 00:05:58		tpl_actionlink() is deprecated. It was called from tpl_action() in /var/www/html/inc/template.php:712 see devel:menus should be used instead!
2026-06-05 00:05:58		tpl_get_action() is deprecated. It was called from tpl_actionlink() in /var/www/html/inc/template.php:592 see devel:menus should be used instead!
2026-06-05 00:05:58		tpl_action() is deprecated. It was called from include() in /var/www/html/lib/tpl/arcadebasic/main.php:191 see devel:menus should be used instead!
2026-06-05 00:05:58		tpl_actionlink() is deprecated. It was called from tpl_action() in /var/www/html/inc/template.php:712 see devel:menus should be used instead!
2026-06-05 00:05:58		tpl_get_action() is deprecated. It was called from tpl_actionlink() in /var/www/html/inc/template.php:592 see devel:menus should be used instead!
2026-06-05 00:05:58		tpl_action() is deprecated. It was called from include() in /var/www/html/lib/tpl/arcadebasic/main.php:192 see devel:menus should be used instead!
2026-06-05 00:05:58		tpl_actionlink() is deprecated. It was called from tpl_action() in /var/www/html/inc/template.php:712 see devel:menus should be used instead!
2026-06-05 00:05:58		tpl_get_action() is deprecated. It was called from tpl_actionlink() in /var/www/html/inc/template.php:592 see devel:menus should be used instead!
2026-06-05 00:05:58		tpl_toolsevent() is deprecated. It was called from include() in /var/www/html/lib/tpl/arcadebasic/main.php:187 see devel:menus should be used instead!
2026-06-05 00:05:58		tpl_action() is deprecated. It was called from include() in /var/www/html/lib/tpl/arcadebasic/main.php:203 see devel:menus should be used instead!
2026-06-05 00:05:58		tpl_actionlink() is deprecated. It was called from tpl_action() in /var/www/html/inc/template.php:712 see devel:menus should be used instead!
2026-06-05 00:05:58		tpl_get_action() is deprecated. It was called from tpl_actionlink() in /var/www/html/inc/template.php:592 see devel:menus should be used instead!
2026-06-05 00:05:58		tpl_action() is deprecated. It was called from include() in /var/www/html/lib/tpl/arcadebasic/main.php:204 see devel:menus should be used instead!
2026-06-05 00:05:58		tpl_actionlink() is deprecated. It was called from tpl_action() in /var/www/html/inc/template.php:712 see devel:menus should be used instead!
2026-06-05 00:05:58		tpl_get_action() is deprecated. It was called from tpl_actionlink() in /var/www/html/inc/template.php:592 see devel:menus should be used instead!
2026-06-05 00:05:58		tpl_action() is deprecated. It was called from include() in /var/www/html/lib/tpl/arcadebasic/main.php:205 see devel:menus should be used instead!
2026-06-05 00:05:58		tpl_actionlink() is deprecated. It was called from tpl_action() in /var/www/html/inc/template.php:712 see devel:menus should be used instead!
2026-06-05 00:05:58		tpl_get_action() is deprecated. It was called from tpl_actionlink() in /var/www/html/inc/template.php:592 see devel:menus should be used instead!
2026-06-05 00:05:58		tpl_toolsevent() is deprecated. It was called from include() in /var/www/html/lib/tpl/arcadebasic/main.php:202 see devel:menus should be used instead!
2026-06-05 00:36:18		tpl_action() is deprecated. It was called from include() in /var/www/html/lib/tpl/arcadebasic/main.php:159 see devel:menus should be used instead!
2026-06-05 00:36:18		tpl_actionlink() is deprecated. It was called from tpl_action() in /var/www/html/inc/template.php:712 see devel:menus should be used instead!
2026-06-05 00:36:18		tpl_get_action() is deprecated. It was called from tpl_actionlink() in /var/www/html/inc/template.php:592 see devel:menus should be used instead!
2026-06-05 00:36:18		tpl_toolsevent() is deprecated. It was called from include() in /var/www/html/lib/tpl/arcadebasic/main.php:158 see devel:menus should be used instead!
2026-06-05 00:36:18		tpl_action() is deprecated. It was called from include() in /var/www/html/lib/tpl/arcadebasic/main.php:190 see devel:menus should be used instead!
2026-06-05 00:36:18		tpl_actionlink() is deprecated. It was called from tpl_action() in /var/www/html/inc/template.php:712 see devel:menus should be used instead!
2026-06-05 00:36:18		tpl_get_action() is deprecated. It was called from tpl_actionlink() in /var/www/html/inc/template.php:592 see devel:menus should be used instead!
2026-06-05 00:36:18		tpl_action() is deprecated. It was called from include() in /var/www/html/lib/tpl/arcadebasic/main.php:191 see devel:menus should be used instead!
2026-06-05 00:36:18		tpl_actionlink() is deprecated. It was called from tpl_action() in /var/www/html/inc/template.php:712 see devel:menus should be used instead!
2026-06-05 00:36:18		tpl_get_action() is deprecated. It was called from tpl_actionlink() in /var/www/html/inc/template.php:592 see devel:menus should be used instead!
2026-06-05 00:36:18		tpl_action() is deprecated. It was called from include() in /var/www/html/lib/tpl/arcadebasic/main.php:192 see devel:menus should be used instead!
2026-06-05 00:36:18		tpl_actionlink() is deprecated. It was called from tpl_action() in /var/www/html/inc/template.php:712 see devel:menus should be used instead!
2026-06-05 00:36:18		tpl_get_action() is deprecated. It was called from tpl_actionlink() in /var/www/html/inc/template.php:592 see devel:menus should be used instead!
2026-06-05 00:36:18		tpl_toolsevent() is deprecated. It was called from include() in /var/www/html/lib/tpl/arcadebasic/main.php:187 see devel:menus should be used instead!
2026-06-05 00:36:18		tpl_action() is deprecated. It was called from include() in /var/www/html/lib/tpl/arcadebasic/main.php:203 see devel:menus should be used instead!
2026-06-05 00:36:18		tpl_actionlink() is deprecated. It was called from tpl_action() in /var/www/html/inc/template.php:712 see devel:menus should be used instead!
2026-06-05 00:36:18		tpl_get_action() is deprecated. It was called from tpl_actionlink() in /var/www/html/inc/template.php:592 see devel:menus should be used instead!
2026-06-05 00:36:18		tpl_action() is deprecated. It was called from include() in /var/www/html/lib/tpl/arcadebasic/main.php:204 see devel:menus should be used instead!
2026-06-05 00:36:18		tpl_actionlink() is deprecated. It was called from tpl_action() in /var/www/html/inc/template.php:712 see devel:menus should be used instead!
2026-06-05 00:36:18		tpl_get_action() is deprecated. It was called from tpl_actionlink() in /var/www/html/inc/template.php:592 see devel:menus should be used instead!
2026-06-05 00:36:18		tpl_action() is deprecated. It was called from include() in /var/www/html/lib/tpl/arcadebasic/main.php:205 see devel:menus should be used instead!
2026-06-05 00:36:18		tpl_actionlink() is deprecated. It was called from tpl_action() in /var/www/html/inc/template.php:712 see devel:menus should be used instead!
2026-06-05 00:36:18		tpl_get_action() is deprecated. It was called from tpl_actionlink() in /var/www/html/inc/template.php:592 see devel:menus should be used instead!
2026-06-05 00:36:18		tpl_toolsevent() is deprecated. It was called from include() in /var/www/html/lib/tpl/arcadebasic/main.php:202 see devel:menus should be used instead!
2026-06-05 00:36:19		tpl_action() is deprecated. It was called from include() in /var/www/html/lib/tpl/arcadebasic/main.php:159 see devel:menus should be used instead!
2026-06-05 00:36:19		tpl_actionlink() is deprecated. It was called from tpl_action() in /var/www/html/inc/template.php:712 see devel:menus should be used instead!
2026-06-05 00:36:19		tpl_get_action() is deprecated. It was called from tpl_actionlink() in /var/www/html/inc/template.php:592 see devel:menus should be used instead!
2026-06-05 00:36:19		tpl_toolsevent() is deprecated. It was called from include() in /var/www/html/lib/tpl/arcadebasic/main.php:158 see devel:menus should be used instead!
2026-06-05 00:36:19		tpl_action() is deprecated. It was called from include() in /var/www/html/lib/tpl/arcadebasic/main.php:190 see devel:menus should be used instead!
2026-06-05 00:36:19		tpl_actionlink() is deprecated. It was called from tpl_action() in /var/www/html/inc/template.php:712 see devel:menus should be used instead!
2026-06-05 00:36:19		tpl_get_action() is deprecated. It was called from tpl_actionlink() in /var/www/html/inc/template.php:592 see devel:menus should be used instead!
2026-06-05 00:36:19		tpl_action() is deprecated. It was called from include() in /var/www/html/lib/tpl/arcadebasic/main.php:191 see devel:menus should be used instead!
2026-06-05 00:36:19		tpl_actionlink() is deprecated. It was called from tpl_action() in /var/www/html/inc/template.php:712 see devel:menus should be used instead!
2026-06-05 00:36:19		tpl_get_action() is deprecated. It was called from tpl_actionlink() in /var/www/html/inc/template.php:592 see devel:menus should be used instead!
2026-06-05 00:36:19		tpl_action() is deprecated. It was called from include() in /var/www/html/lib/tpl/arcadebasic/main.php:192 see devel:menus should be used instead!
2026-06-05 00:36:19		tpl_actionlink() is deprecated. It was called from tpl_action() in /var/www/html/inc/template.php:712 see devel:menus should be used instead!
2026-06-05 00:36:19		tpl_get_action() is deprecated. It was called from tpl_actionlink() in /var/www/html/inc/template.php:592 see devel:menus should be used instead!
2026-06-05 00:36:19		tpl_toolsevent() is deprecated. It was called from include() in /var/www/html/lib/tpl/arcadebasic/main.php:187 see devel:menus should be used instead!
2026-06-05 00:36:19		tpl_action() is deprecated. It was called from include() in /var/www/html/lib/tpl/arcadebasic/main.php:203 see devel:menus should be used instead!
2026-06-05 00:36:19		tpl_actionlink() is deprecated. It was called from tpl_action() in /var/www/html/inc/template.php:712 see devel:menus should be used instead!
2026-06-05 00:36:19		tpl_get_action() is deprecated. It was called from tpl_actionlink() in /var/www/html/inc/template.php:592 see devel:menus should be used instead!
2026-06-05 00:36:19		tpl_action() is deprecated. It was called from include() in /var/www/html/lib/tpl/arcadebasic/main.php:204 see devel:menus should be used instead!
2026-06-05 00:36:19		tpl_actionlink() is deprecated. It was called from tpl_action() in /var/www/html/inc/template.php:712 see devel:menus should be used instead!
2026-06-05 00:36:19		tpl_get_action() is deprecated. It was called from tpl_actionlink() in /var/www/html/inc/template.php:592 see devel:menus should be used instead!
2026-06-05 00:36:19		tpl_action() is deprecated. It was called from include() in /var/www/html/lib/tpl/arcadebasic/main.php:205 see devel:menus should be used instead!
2026-06-05 00:36:19		tpl_actionlink() is deprecated. It was called from tpl_action() in /var/www/html/inc/template.php:712 see devel:menus should be used instead!
2026-06-05 00:36:19		tpl_get_action() is deprecated. It was called from tpl_actionlink() in /var/www/html/inc/template.php:592 see devel:menus should be used instead!
2026-06-05 00:36:19		tpl_toolsevent() is deprecated. It was called from include() in /var/www/html/lib/tpl/arcadebasic/main.php:202 see devel:menus should be used instead!
2026-06-05 00:36:21		tpl_action() is deprecated. It was called from include() in /var/www/html/lib/tpl/arcadebasic/main.php:159 see devel:menus should be used instead!
2026-06-05 00:36:21		tpl_actionlink() is deprecated. It was called from tpl_action() in /var/www/html/inc/template.php:712 see devel:menus should be used instead!
2026-06-05 00:36:21		tpl_get_action() is deprecated. It was called from tpl_actionlink() in /var/www/html/inc/template.php:592 see devel:menus should be used instead!
2026-06-05 00:36:21		tpl_toolsevent() is deprecated. It was called from include() in /var/www/html/lib/tpl/arcadebasic/main.php:158 see devel:menus should be used instead!
2026-06-05 00:36:21		tpl_action() is deprecated. It was called from include() in /var/www/html/lib/tpl/arcadebasic/main.php:190 see devel:menus should be used instead!
2026-06-05 00:36:21		tpl_actionlink() is deprecated. It was called from tpl_action() in /var/www/html/inc/template.php:712 see devel:menus should be used instead!
2026-06-05 00:36:21		tpl_get_action() is deprecated. It was called from tpl_actionlink() in /var/www/html/inc/template.php:592 see devel:menus should be used instead!
2026-06-05 00:36:21		tpl_action() is deprecated. It was called from include() in /var/www/html/lib/tpl/arcadebasic/main.php:191 see devel:menus should be used instead!
2026-06-05 00:36:21		tpl_actionlink() is deprecated. It was called from tpl_action() in /var/www/html/inc/template.php:712 see devel:menus should be used instead!
2026-06-05 00:36:21		tpl_get_action() is deprecated. It was called from tpl_actionlink() in /var/www/html/inc/template.php:592 see devel:menus should be used instead!
2026-06-05 00:36:21		tpl_action() is deprecated. It was called from include() in /var/www/html/lib/tpl/arcadebasic/main.php:192 see devel:menus should be used instead!
2026-06-05 00:36:21		tpl_actionlink() is deprecated. It was called from tpl_action() in /var/www/html/inc/template.php:712 see devel:menus should be used instead!
2026-06-05 00:36:21		tpl_get_action() is deprecated. It was called from tpl_actionlink() in /var/www/html/inc/template.php:592 see devel:menus should be used instead!
2026-06-05 00:36:21		tpl_toolsevent() is deprecated. It was called from include() in /var/www/html/lib/tpl/arcadebasic/main.php:187 see devel:menus should be used instead!
2026-06-05 00:36:21		tpl_action() is deprecated. It was called from include() in /var/www/html/lib/tpl/arcadebasic/main.php:203 see devel:menus should be used instead!
2026-06-05 00:36:21		tpl_actionlink() is deprecated. It was called from tpl_action() in /var/www/html/inc/template.php:712 see devel:menus should be used instead!
2026-06-05 00:36:21		tpl_get_action() is deprecated. It was called from tpl_actionlink() in /var/www/html/inc/template.php:592 see devel:menus should be used instead!
2026-06-05 00:36:21		tpl_action() is deprecated. It was called from include() in /var/www/html/lib/tpl/arcadebasic/main.php:204 see devel:menus should be used instead!
2026-06-05 00:36:21		tpl_actionlink() is deprecated. It was called from tpl_action() in /var/www/html/inc/template.php:712 see devel:menus should be used instead!
2026-06-05 00:36:21		tpl_get_action() is deprecated. It was called from tpl_actionlink() in /var/www/html/inc/template.php:592 see devel:menus should be used instead!
2026-06-05 00:36:21		tpl_action() is deprecated. It was called from include() in /var/www/html/lib/tpl/arcadebasic/main.php:205 see devel:menus should be used instead!
2026-06-05 00:36:21		tpl_actionlink() is deprecated. It was called from tpl_action() in /var/www/html/inc/template.php:712 see devel:menus should be used instead!
2026-06-05 00:36:21		tpl_get_action() is deprecated. It was called from tpl_actionlink() in /var/www/html/inc/template.php:592 see devel:menus should be used instead!
2026-06-05 00:36:21		tpl_toolsevent() is deprecated. It was called from include() in /var/www/html/lib/tpl/arcadebasic/main.php:202 see devel:menus should be used instead!
2026-06-05 00:36:23		tpl_action() is deprecated. It was called from include() in /var/www/html/lib/tpl/arcadebasic/main.php:159 see devel:menus should be used instead!
2026-06-05 00:36:23		tpl_actionlink() is deprecated. It was called from tpl_action() in /var/www/html/inc/template.php:712 see devel:menus should be used instead!
2026-06-05 00:36:23		tpl_get_action() is deprecated. It was called from tpl_actionlink() in /var/www/html/inc/template.php:592 see devel:menus should be used instead!
2026-06-05 00:36:23		tpl_toolsevent() is deprecated. It was called from include() in /var/www/html/lib/tpl/arcadebasic/main.php:158 see devel:menus should be used instead!
2026-06-05 00:36:23		tpl_action() is deprecated. It was called from include() in /var/www/html/lib/tpl/arcadebasic/main.php:190 see devel:menus should be used instead!
2026-06-05 00:36:23		tpl_actionlink() is deprecated. It was called from tpl_action() in /var/www/html/inc/template.php:712 see devel:menus should be used instead!
2026-06-05 00:36:23		tpl_get_action() is deprecated. It was called from tpl_actionlink() in /var/www/html/inc/template.php:592 see devel:menus should be used instead!
2026-06-05 00:36:23		tpl_action() is deprecated. It was called from include() in /var/www/html/lib/tpl/arcadebasic/main.php:191 see devel:menus should be used instead!
2026-06-05 00:36:23		tpl_actionlink() is deprecated. It was called from tpl_action() in /var/www/html/inc/template.php:712 see devel:menus should be used instead!
2026-06-05 00:36:23		tpl_get_action() is deprecated. It was called from tpl_actionlink() in /var/www/html/inc/template.php:592 see devel:menus should be used instead!
2026-06-05 00:36:23		tpl_action() is deprecated. It was called from include() in /var/www/html/lib/tpl/arcadebasic/main.php:192 see devel:menus should be used instead!
2026-06-05 00:36:23		tpl_actionlink() is deprecated. It was called from tpl_action() in /var/www/html/inc/template.php:712 see devel:menus should be used instead!
2026-06-05 00:36:23		tpl_get_action() is deprecated. It was called from tpl_actionlink() in /var/www/html/inc/template.php:592 see devel:menus should be used instead!
2026-06-05 00:36:23		tpl_toolsevent() is deprecated. It was called from include() in /var/www/html/lib/tpl/arcadebasic/main.php:187 see devel:menus should be used instead!
2026-06-05 00:36:23		tpl_action() is deprecated. It was called from include() in /var/www/html/lib/tpl/arcadebasic/main.php:203 see devel:menus should be used instead!
2026-06-05 00:36:23		tpl_actionlink() is deprecated. It was called from tpl_action() in /var/www/html/inc/template.php:712 see devel:menus should be used instead!
2026-06-05 00:36:23		tpl_get_action() is deprecated. It was called from tpl_actionlink() in /var/www/html/inc/template.php:592 see devel:menus should be used instead!
2026-06-05 00:36:23		tpl_action() is deprecated. It was called from include() in /var/www/html/lib/tpl/arcadebasic/main.php:204 see devel:menus should be used instead!
2026-06-05 00:36:23		tpl_actionlink() is deprecated. It was called from tpl_action() in /var/www/html/inc/template.php:712 see devel:menus should be used instead!
2026-06-05 00:36:23		tpl_get_action() is deprecated. It was called from tpl_actionlink() in /var/www/html/inc/template.php:592 see devel:menus should be used instead!
2026-06-05 00:36:23		tpl_action() is deprecated. It was called from include() in /var/www/html/lib/tpl/arcadebasic/main.php:205 see devel:menus should be used instead!
2026-06-05 00:36:23		tpl_actionlink() is deprecated. It was called from tpl_action() in /var/www/html/inc/template.php:712 see devel:menus should be used instead!
2026-06-05 00:36:23		tpl_get_action() is deprecated. It was called from tpl_actionlink() in /var/www/html/inc/template.php:592 see devel:menus should be used instead!
2026-06-05 00:36:23		tpl_toolsevent() is deprecated. It was called from include() in /var/www/html/lib/tpl/arcadebasic/main.php:202 see devel:menus should be used instead!
2026-06-05 00:36:24		tpl_action() is deprecated. It was called from include() in /var/www/html/lib/tpl/arcadebasic/main.php:159 see devel:menus should be used instead!
2026-06-05 00:36:24		tpl_actionlink() is deprecated. It was called from tpl_action() in /var/www/html/inc/template.php:712 see devel:menus should be used instead!
2026-06-05 00:36:24		tpl_get_action() is deprecated. It was called from tpl_actionlink() in /var/www/html/inc/template.php:592 see devel:menus should be used instead!
2026-06-05 00:36:24		tpl_toolsevent() is deprecated. It was called from include() in /var/www/html/lib/tpl/arcadebasic/main.php:158 see devel:menus should be used instead!
2026-06-05 00:36:24		tpl_action() is deprecated. It was called from include() in /var/www/html/lib/tpl/arcadebasic/main.php:190 see devel:menus should be used instead!
2026-06-05 00:36:24		tpl_actionlink() is deprecated. It was called from tpl_action() in /var/www/html/inc/template.php:712 see devel:menus should be used instead!
2026-06-05 00:36:24		tpl_get_action() is deprecated. It was called from tpl_actionlink() in /var/www/html/inc/template.php:592 see devel:menus should be used instead!
2026-06-05 00:36:24		tpl_action() is deprecated. It was called from include() in /var/www/html/lib/tpl/arcadebasic/main.php:191 see devel:menus should be used instead!
2026-06-05 00:36:24		tpl_actionlink() is deprecated. It was called from tpl_action() in /var/www/html/inc/template.php:712 see devel:menus should be used instead!
2026-06-05 00:36:24		tpl_get_action() is deprecated. It was called from tpl_actionlink() in /var/www/html/inc/template.php:592 see devel:menus should be used instead!
2026-06-05 00:36:24		tpl_action() is deprecated. It was called from include() in /var/www/html/lib/tpl/arcadebasic/main.php:192 see devel:menus should be used instead!
2026-06-05 00:36:24		tpl_actionlink() is deprecated. It was called from tpl_action() in /var/www/html/inc/template.php:712 see devel:menus should be used instead!
2026-06-05 00:36:24		tpl_get_action() is deprecated. It was called from tpl_actionlink() in /var/www/html/inc/template.php:592 see devel:menus should be used instead!
2026-06-05 00:36:24		tpl_toolsevent() is deprecated. It was called from include() in /var/www/html/lib/tpl/arcadebasic/main.php:187 see devel:menus should be used instead!
2026-06-05 00:36:24		tpl_action() is deprecated. It was called from include() in /var/www/html/lib/tpl/arcadebasic/main.php:203 see devel:menus should be used instead!
2026-06-05 00:36:24		tpl_actionlink() is deprecated. It was called from tpl_action() in /var/www/html/inc/template.php:712 see devel:menus should be used instead!
2026-06-05 00:36:24		tpl_get_action() is deprecated. It was called from tpl_actionlink() in /var/www/html/inc/template.php:592 see devel:menus should be used instead!
2026-06-05 00:36:24		tpl_action() is deprecated. It was called from include() in /var/www/html/lib/tpl/arcadebasic/main.php:204 see devel:menus should be used instead!
2026-06-05 00:36:24		tpl_actionlink() is deprecated. It was called from tpl_action() in /var/www/html/inc/template.php:712 see devel:menus should be used instead!
2026-06-05 00:36:24		tpl_get_action() is deprecated. It was called from tpl_actionlink() in /var/www/html/inc/template.php:592 see devel:menus should be used instead!
2026-06-05 00:36:24		tpl_action() is deprecated. It was called from include() in /var/www/html/lib/tpl/arcadebasic/main.php:205 see devel:menus should be used instead!
2026-06-05 00:36:24		tpl_actionlink() is deprecated. It was called from tpl_action() in /var/www/html/inc/template.php:712 see devel:menus should be used instead!
2026-06-05 00:36:24		tpl_get_action() is deprecated. It was called from tpl_actionlink() in /var/www/html/inc/template.php:592 see devel:menus should be used instead!
2026-06-05 00:36:24		tpl_toolsevent() is deprecated. It was called from include() in /var/www/html/lib/tpl/arcadebasic/main.php:202 see devel:menus should be used instead!
2026-06-05 00:36:25		tpl_action() is deprecated. It was called from include() in /var/www/html/lib/tpl/arcadebasic/main.php:159 see devel:menus should be used instead!
2026-06-05 00:36:25		tpl_actionlink() is deprecated. It was called from tpl_action() in /var/www/html/inc/template.php:712 see devel:menus should be used instead!
2026-06-05 00:36:25		tpl_get_action() is deprecated. It was called from tpl_actionlink() in /var/www/html/inc/template.php:592 see devel:menus should be used instead!
2026-06-05 00:36:25		tpl_toolsevent() is deprecated. It was called from include() in /var/www/html/lib/tpl/arcadebasic/main.php:158 see devel:menus should be used instead!
2026-06-05 00:36:25		tpl_action() is deprecated. It was called from include() in /var/www/html/lib/tpl/arcadebasic/main.php:190 see devel:menus should be used instead!
2026-06-05 00:36:25		tpl_actionlink() is deprecated. It was called from tpl_action() in /var/www/html/inc/template.php:712 see devel:menus should be used instead!
2026-06-05 00:36:25		tpl_get_action() is deprecated. It was called from tpl_actionlink() in /var/www/html/inc/template.php:592 see devel:menus should be used instead!
2026-06-05 00:36:25		tpl_action() is deprecated. It was called from include() in /var/www/html/lib/tpl/arcadebasic/main.php:191 see devel:menus should be used instead!
2026-06-05 00:36:25		tpl_actionlink() is deprecated. It was called from tpl_action() in /var/www/html/inc/template.php:712 see devel:menus should be used instead!
2026-06-05 00:36:25		tpl_get_action() is deprecated. It was called from tpl_actionlink() in /var/www/html/inc/template.php:592 see devel:menus should be used instead!
2026-06-05 00:36:25		tpl_action() is deprecated. It was called from include() in /var/www/html/lib/tpl/arcadebasic/main.php:192 see devel:menus should be used instead!
2026-06-05 00:36:25		tpl_actionlink() is deprecated. It was called from tpl_action() in /var/www/html/inc/template.php:712 see devel:menus should be used instead!
2026-06-05 00:36:25		tpl_get_action() is deprecated. It was called from tpl_actionlink() in /var/www/html/inc/template.php:592 see devel:menus should be used instead!
2026-06-05 00:36:25		tpl_toolsevent() is deprecated. It was called from include() in /var/www/html/lib/tpl/arcadebasic/main.php:187 see devel:menus should be used instead!
2026-06-05 00:36:25		tpl_action() is deprecated. It was called from include() in /var/www/html/lib/tpl/arcadebasic/main.php:203 see devel:menus should be used instead!
2026-06-05 00:36:25		tpl_actionlink() is deprecated. It was called from tpl_action() in /var/www/html/inc/template.php:712 see devel:menus should be used instead!
2026-06-05 00:36:25		tpl_get_action() is deprecated. It was called from tpl_actionlink() in /var/www/html/inc/template.php:592 see devel:menus should be used instead!
2026-06-05 00:36:25		tpl_action() is deprecated. It was called from include() in /var/www/html/lib/tpl/arcadebasic/main.php:204 see devel:menus should be used instead!
2026-06-05 00:36:25		tpl_actionlink() is deprecated. It was called from tpl_action() in /var/www/html/inc/template.php:712 see devel:menus should be used instead!
2026-06-05 00:36:25		tpl_get_action() is deprecated. It was called from tpl_actionlink() in /var/www/html/inc/template.php:592 see devel:menus should be used instead!
2026-06-05 00:36:25		tpl_action() is deprecated. It was called from include() in /var/www/html/lib/tpl/arcadebasic/main.php:205 see devel:menus should be used instead!
2026-06-05 00:36:25		tpl_actionlink() is deprecated. It was called from tpl_action() in /var/www/html/inc/template.php:712 see devel:menus should be used instead!
2026-06-05 00:36:25		tpl_get_action() is deprecated. It was called from tpl_actionlink() in /var/www/html/inc/template.php:592 see devel:menus should be used instead!
2026-06-05 00:36:25		tpl_toolsevent() is deprecated. It was called from include() in /var/www/html/lib/tpl/arcadebasic/main.php:202 see devel:menus should be used instead!
2026-06-05 00:36:26		tpl_action() is deprecated. It was called from include() in /var/www/html/lib/tpl/arcadebasic/main.php:159 see devel:menus should be used instead!
2026-06-05 00:36:26		tpl_actionlink() is deprecated. It was called from tpl_action() in /var/www/html/inc/template.php:712 see devel:menus should be used instead!
2026-06-05 00:36:26		tpl_get_action() is deprecated. It was called from tpl_actionlink() in /var/www/html/inc/template.php:592 see devel:menus should be used instead!
2026-06-05 00:36:26		tpl_toolsevent() is deprecated. It was called from include() in /var/www/html/lib/tpl/arcadebasic/main.php:158 see devel:menus should be used instead!
2026-06-05 00:36:26		tpl_action() is deprecated. It was called from include() in /var/www/html/lib/tpl/arcadebasic/main.php:190 see devel:menus should be used instead!
2026-06-05 00:36:26		tpl_actionlink() is deprecated. It was called from tpl_action() in /var/www/html/inc/template.php:712 see devel:menus should be used instead!
2026-06-05 00:36:26		tpl_get_action() is deprecated. It was called from tpl_actionlink() in /var/www/html/inc/template.php:592 see devel:menus should be used instead!
2026-06-05 00:36:26		tpl_action() is deprecated. It was called from include() in /var/www/html/lib/tpl/arcadebasic/main.php:191 see devel:menus should be used instead!
2026-06-05 00:36:26		tpl_actionlink() is deprecated. It was called from tpl_action() in /var/www/html/inc/template.php:712 see devel:menus should be used instead!
2026-06-05 00:36:26		tpl_get_action() is deprecated. It was called from tpl_actionlink() in /var/www/html/inc/template.php:592 see devel:menus should be used instead!
2026-06-05 00:36:26		tpl_action() is deprecated. It was called from include() in /var/www/html/lib/tpl/arcadebasic/main.php:192 see devel:menus should be used instead!
2026-06-05 00:36:26		tpl_actionlink() is deprecated. It was called from tpl_action() in /var/www/html/inc/template.php:712 see devel:menus should be used instead!
2026-06-05 00:36:26		tpl_get_action() is deprecated. It was called from tpl_actionlink() in /var/www/html/inc/template.php:592 see devel:menus should be used instead!
2026-06-05 00:36:26		tpl_toolsevent() is deprecated. It was called from include() in /var/www/html/lib/tpl/arcadebasic/main.php:187 see devel:menus should be used instead!
2026-06-05 00:36:26		tpl_action() is deprecated. It was called from include() in /var/www/html/lib/tpl/arcadebasic/main.php:203 see devel:menus should be used instead!
2026-06-05 00:36:26		tpl_actionlink() is deprecated. It was called from tpl_action() in /var/www/html/inc/template.php:712 see devel:menus should be used instead!
2026-06-05 00:36:26		tpl_get_action() is deprecated. It was called from tpl_actionlink() in /var/www/html/inc/template.php:592 see devel:menus should be used instead!
2026-06-05 00:36:26		tpl_action() is deprecated. It was called from include() in /var/www/html/lib/tpl/arcadebasic/main.php:204 see devel:menus should be used instead!
2026-06-05 00:36:26		tpl_actionlink() is deprecated. It was called from tpl_action() in /var/www/html/inc/template.php:712 see devel:menus should be used instead!
2026-06-05 00:36:26		tpl_get_action() is deprecated. It was called from tpl_actionlink() in /var/www/html/inc/template.php:592 see devel:menus should be used instead!
2026-06-05 00:36:26		tpl_action() is deprecated. It was called from include() in /var/www/html/lib/tpl/arcadebasic/main.php:205 see devel:menus should be used instead!
2026-06-05 00:36:26		tpl_actionlink() is deprecated. It was called from tpl_action() in /var/www/html/inc/template.php:712 see devel:menus should be used instead!
2026-06-05 00:36:26		tpl_get_action() is deprecated. It was called from tpl_actionlink() in /var/www/html/inc/template.php:592 see devel:menus should be used instead!
2026-06-05 00:36:26		tpl_toolsevent() is deprecated. It was called from include() in /var/www/html/lib/tpl/arcadebasic/main.php:202 see devel:menus should be used instead!
2026-06-05 00:36:26		tpl_action() is deprecated. It was called from include() in /var/www/html/lib/tpl/arcadebasic/main.php:159 see devel:menus should be used instead!
2026-06-05 00:36:26		tpl_actionlink() is deprecated. It was called from tpl_action() in /var/www/html/inc/template.php:712 see devel:menus should be used instead!
2026-06-05 00:36:26		tpl_get_action() is deprecated. It was called from tpl_actionlink() in /var/www/html/inc/template.php:592 see devel:menus should be used instead!
2026-06-05 00:36:26		tpl_toolsevent() is deprecated. It was called from include() in /var/www/html/lib/tpl/arcadebasic/main.php:158 see devel:menus should be used instead!
2026-06-05 00:36:26		tpl_action() is deprecated. It was called from include() in /var/www/html/lib/tpl/arcadebasic/main.php:190 see devel:menus should be used instead!
2026-06-05 00:36:26		tpl_actionlink() is deprecated. It was called from tpl_action() in /var/www/html/inc/template.php:712 see devel:menus should be used instead!
2026-06-05 00:36:26		tpl_get_action() is deprecated. It was called from tpl_actionlink() in /var/www/html/inc/template.php:592 see devel:menus should be used instead!
2026-06-05 00:36:26		tpl_action() is deprecated. It was called from include() in /var/www/html/lib/tpl/arcadebasic/main.php:191 see devel:menus should be used instead!
2026-06-05 00:36:26		tpl_actionlink() is deprecated. It was called from tpl_action() in /var/www/html/inc/template.php:712 see devel:menus should be used instead!
2026-06-05 00:36:26		tpl_get_action() is deprecated. It was called from tpl_actionlink() in /var/www/html/inc/template.php:592 see devel:menus should be used instead!
2026-06-05 00:36:26		tpl_action() is deprecated. It was called from include() in /var/www/html/lib/tpl/arcadebasic/main.php:192 see devel:menus should be used instead!
2026-06-05 00:36:26		tpl_actionlink() is deprecated. It was called from tpl_action() in /var/www/html/inc/template.php:712 see devel:menus should be used instead!
2026-06-05 00:36:26		tpl_get_action() is deprecated. It was called from tpl_actionlink() in /var/www/html/inc/template.php:592 see devel:menus should be used instead!
2026-06-05 00:36:26		tpl_toolsevent() is deprecated. It was called from include() in /var/www/html/lib/tpl/arcadebasic/main.php:187 see devel:menus should be used instead!
2026-06-05 00:36:26		tpl_action() is deprecated. It was called from include() in /var/www/html/lib/tpl/arcadebasic/main.php:203 see devel:menus should be used instead!
2026-06-05 00:36:26		tpl_actionlink() is deprecated. It was called from tpl_action() in /var/www/html/inc/template.php:712 see devel:menus should be used instead!
2026-06-05 00:36:26		tpl_get_action() is deprecated. It was called from tpl_actionlink() in /var/www/html/inc/template.php:592 see devel:menus should be used instead!
2026-06-05 00:36:26		tpl_action() is deprecated. It was called from include() in /var/www/html/lib/tpl/arcadebasic/main.php:204 see devel:menus should be used instead!
2026-06-05 00:36:26		tpl_actionlink() is deprecated. It was called from tpl_action() in /var/www/html/inc/template.php:712 see devel:menus should be used instead!
2026-06-05 00:36:26		tpl_get_action() is deprecated. It was called from tpl_actionlink() in /var/www/html/inc/template.php:592 see devel:menus should be used instead!
2026-06-05 00:36:26		tpl_action() is deprecated. It was called from include() in /var/www/html/lib/tpl/arcadebasic/main.php:205 see devel:menus should be used instead!
2026-06-05 00:36:26		tpl_actionlink() is deprecated. It was called from tpl_action() in /var/www/html/inc/template.php:712 see devel:menus should be used instead!
2026-06-05 00:36:26		tpl_get_action() is deprecated. It was called from tpl_actionlink() in /var/www/html/inc/template.php:592 see devel:menus should be used instead!
2026-06-05 00:36:26		tpl_toolsevent() is deprecated. It was called from include() in /var/www/html/lib/tpl/arcadebasic/main.php:202 see devel:menus should be used instead!
2026-06-05 00:36:26		tpl_action() is deprecated. It was called from include() in /var/www/html/lib/tpl/arcadebasic/main.php:159 see devel:menus should be used instead!
2026-06-05 00:36:26		tpl_actionlink() is deprecated. It was called from tpl_action() in /var/www/html/inc/template.php:712 see devel:menus should be used instead!
2026-06-05 00:36:26		tpl_get_action() is deprecated. It was called from tpl_actionlink() in /var/www/html/inc/template.php:592 see devel:menus should be used instead!
2026-06-05 00:36:26		tpl_toolsevent() is deprecated. It was called from include() in /var/www/html/lib/tpl/arcadebasic/main.php:158 see devel:menus should be used instead!
2026-06-05 00:36:26		tpl_action() is deprecated. It was called from include() in /var/www/html/lib/tpl/arcadebasic/main.php:190 see devel:menus should be used instead!
2026-06-05 00:36:26		tpl_actionlink() is deprecated. It was called from tpl_action() in /var/www/html/inc/template.php:712 see devel:menus should be used instead!
2026-06-05 00:36:26		tpl_get_action() is deprecated. It was called from tpl_actionlink() in /var/www/html/inc/template.php:592 see devel:menus should be used instead!
2026-06-05 00:36:26		tpl_action() is deprecated. It was called from include() in /var/www/html/lib/tpl/arcadebasic/main.php:191 see devel:menus should be used instead!
2026-06-05 00:36:26		tpl_actionlink() is deprecated. It was called from tpl_action() in /var/www/html/inc/template.php:712 see devel:menus should be used instead!
2026-06-05 00:36:26		tpl_get_action() is deprecated. It was called from tpl_actionlink() in /var/www/html/inc/template.php:592 see devel:menus should be used instead!
2026-06-05 00:36:26		tpl_action() is deprecated. It was called from include() in /var/www/html/lib/tpl/arcadebasic/main.php:192 see devel:menus should be used instead!
2026-06-05 00:36:26		tpl_actionlink() is deprecated. It was called from tpl_action() in /var/www/html/inc/template.php:712 see devel:menus should be used instead!
2026-06-05 00:36:26		tpl_get_action() is deprecated. It was called from tpl_actionlink() in /var/www/html/inc/template.php:592 see devel:menus should be used instead!
2026-06-05 00:36:26		tpl_toolsevent() is deprecated. It was called from include() in /var/www/html/lib/tpl/arcadebasic/main.php:187 see devel:menus should be used instead!
2026-06-05 00:36:26		tpl_action() is deprecated. It was called from include() in /var/www/html/lib/tpl/arcadebasic/main.php:203 see devel:menus should be used instead!
2026-06-05 00:36:26		tpl_actionlink() is deprecated. It was called from tpl_action() in /var/www/html/inc/template.php:712 see devel:menus should be used instead!
2026-06-05 00:36:26		tpl_get_action() is deprecated. It was called from tpl_actionlink() in /var/www/html/inc/template.php:592 see devel:menus should be used instead!
2026-06-05 00:36:26		tpl_action() is deprecated. It was called from include() in /var/www/html/lib/tpl/arcadebasic/main.php:204 see devel:menus should be used instead!
2026-06-05 00:36:26		tpl_actionlink() is deprecated. It was called from tpl_action() in /var/www/html/inc/template.php:712 see devel:menus should be used instead!
2026-06-05 00:36:26		tpl_get_action() is deprecated. It was called from tpl_actionlink() in /var/www/html/inc/template.php:592 see devel:menus should be used instead!
2026-06-05 00:36:26		tpl_action() is deprecated. It was called from include() in /var/www/html/lib/tpl/arcadebasic/main.php:205 see devel:menus should be used instead!
2026-06-05 00:36:26		tpl_actionlink() is deprecated. It was called from tpl_action() in /var/www/html/inc/template.php:712 see devel:menus should be used instead!
2026-06-05 00:36:26		tpl_get_action() is deprecated. It was called from tpl_actionlink() in /var/www/html/inc/template.php:592 see devel:menus should be used instead!
2026-06-05 00:36:26		tpl_toolsevent() is deprecated. It was called from include() in /var/www/html/lib/tpl/arcadebasic/main.php:202 see devel:menus should be used instead!
2026-06-05 00:36:27		tpl_action() is deprecated. It was called from include() in /var/www/html/lib/tpl/arcadebasic/main.php:159 see devel:menus should be used instead!
2026-06-05 00:36:27		tpl_actionlink() is deprecated. It was called from tpl_action() in /var/www/html/inc/template.php:712 see devel:menus should be used instead!
2026-06-05 00:36:27		tpl_get_action() is deprecated. It was called from tpl_actionlink() in /var/www/html/inc/template.php:592 see devel:menus should be used instead!
2026-06-05 00:36:27		tpl_toolsevent() is deprecated. It was called from include() in /var/www/html/lib/tpl/arcadebasic/main.php:158 see devel:menus should be used instead!
2026-06-05 00:36:27		tpl_action() is deprecated. It was called from include() in /var/www/html/lib/tpl/arcadebasic/main.php:190 see devel:menus should be used instead!
2026-06-05 00:36:27		tpl_actionlink() is deprecated. It was called from tpl_action() in /var/www/html/inc/template.php:712 see devel:menus should be used instead!
2026-06-05 00:36:27		tpl_get_action() is deprecated. It was called from tpl_actionlink() in /var/www/html/inc/template.php:592 see devel:menus should be used instead!
2026-06-05 00:36:27		tpl_action() is deprecated. It was called from include() in /var/www/html/lib/tpl/arcadebasic/main.php:191 see devel:menus should be used instead!
2026-06-05 00:36:27		tpl_actionlink() is deprecated. It was called from tpl_action() in /var/www/html/inc/template.php:712 see devel:menus should be used instead!
2026-06-05 00:36:27		tpl_get_action() is deprecated. It was called from tpl_actionlink() in /var/www/html/inc/template.php:592 see devel:menus should be used instead!
2026-06-05 00:36:27		tpl_action() is deprecated. It was called from include() in /var/www/html/lib/tpl/arcadebasic/main.php:192 see devel:menus should be used instead!
2026-06-05 00:36:27		tpl_actionlink() is deprecated. It was called from tpl_action() in /var/www/html/inc/template.php:712 see devel:menus should be used instead!
2026-06-05 00:36:27		tpl_get_action() is deprecated. It was called from tpl_actionlink() in /var/www/html/inc/template.php:592 see devel:menus should be used instead!
2026-06-05 00:36:27		tpl_toolsevent() is deprecated. It was called from include() in /var/www/html/lib/tpl/arcadebasic/main.php:187 see devel:menus should be used instead!
2026-06-05 00:36:27		tpl_action() is deprecated. It was called from include() in /var/www/html/lib/tpl/arcadebasic/main.php:203 see devel:menus should be used instead!
2026-06-05 00:36:27		tpl_actionlink() is deprecated. It was called from tpl_action() in /var/www/html/inc/template.php:712 see devel:menus should be used instead!
2026-06-05 00:36:27		tpl_get_action() is deprecated. It was called from tpl_actionlink() in /var/www/html/inc/template.php:592 see devel:menus should be used instead!
2026-06-05 00:36:27		tpl_action() is deprecated. It was called from include() in /var/www/html/lib/tpl/arcadebasic/main.php:204 see devel:menus should be used instead!
2026-06-05 00:36:27		tpl_actionlink() is deprecated. It was called from tpl_action() in /var/www/html/inc/template.php:712 see devel:menus should be used instead!
2026-06-05 00:36:27		tpl_get_action() is deprecated. It was called from tpl_actionlink() in /var/www/html/inc/template.php:592 see devel:menus should be used instead!
2026-06-05 00:36:27		tpl_action() is deprecated. It was called from include() in /var/www/html/lib/tpl/arcadebasic/main.php:205 see devel:menus should be used instead!
2026-06-05 00:36:27		tpl_actionlink() is deprecated. It was called from tpl_action() in /var/www/html/inc/template.php:712 see devel:menus should be used instead!
2026-06-05 00:36:27		tpl_get_action() is deprecated. It was called from tpl_actionlink() in /var/www/html/inc/template.php:592 see devel:menus should be used instead!
2026-06-05 00:36:27		tpl_toolsevent() is deprecated. It was called from include() in /var/www/html/lib/tpl/arcadebasic/main.php:202 see devel:menus should be used instead!
2026-06-05 03:41:56		tpl_action() is deprecated. It was called from include() in /var/www/html/lib/tpl/arcadebasic/main.php:159 see devel:menus should be used instead!
2026-06-05 03:41:56		tpl_actionlink() is deprecated. It was called from tpl_action() in /var/www/html/inc/template.php:712 see devel:menus should be used instead!
2026-06-05 03:41:56		tpl_get_action() is deprecated. It was called from tpl_actionlink() in /var/www/html/inc/template.php:592 see devel:menus should be used instead!
2026-06-05 03:41:56		tpl_toolsevent() is deprecated. It was called from include() in /var/www/html/lib/tpl/arcadebasic/main.php:158 see devel:menus should be used instead!
2026-06-05 03:41:56		tpl_action() is deprecated. It was called from include() in /var/www/html/lib/tpl/arcadebasic/main.php:190 see devel:menus should be used instead!
2026-06-05 03:41:56		tpl_actionlink() is deprecated. It was called from tpl_action() in /var/www/html/inc/template.php:712 see devel:menus should be used instead!
2026-06-05 03:41:56		tpl_get_action() is deprecated. It was called from tpl_actionlink() in /var/www/html/inc/template.php:592 see devel:menus should be used instead!
2026-06-05 03:41:56		tpl_action() is deprecated. It was called from include() in /var/www/html/lib/tpl/arcadebasic/main.php:191 see devel:menus should be used instead!
2026-06-05 03:41:56		tpl_actionlink() is deprecated. It was called from tpl_action() in /var/www/html/inc/template.php:712 see devel:menus should be used instead!
2026-06-05 03:41:56		tpl_get_action() is deprecated. It was called from tpl_actionlink() in /var/www/html/inc/template.php:592 see devel:menus should be used instead!
2026-06-05 03:41:56		tpl_action() is deprecated. It was called from include() in /var/www/html/lib/tpl/arcadebasic/main.php:192 see devel:menus should be used instead!
2026-06-05 03:41:56		tpl_actionlink() is deprecated. It was called from tpl_action() in /var/www/html/inc/template.php:712 see devel:menus should be used instead!
2026-06-05 03:41:56		tpl_get_action() is deprecated. It was called from tpl_actionlink() in /var/www/html/inc/template.php:592 see devel:menus should be used instead!
2026-06-05 03:41:56		tpl_toolsevent() is deprecated. It was called from include() in /var/www/html/lib/tpl/arcadebasic/main.php:187 see devel:menus should be used instead!
2026-06-05 03:41:56		tpl_action() is deprecated. It was called from include() in /var/www/html/lib/tpl/arcadebasic/main.php:203 see devel:menus should be used instead!
2026-06-05 03:41:56		tpl_actionlink() is deprecated. It was called from tpl_action() in /var/www/html/inc/template.php:712 see devel:menus should be used instead!
2026-06-05 03:41:56		tpl_get_action() is deprecated. It was called from tpl_actionlink() in /var/www/html/inc/template.php:592 see devel:menus should be used instead!
2026-06-05 03:41:56		tpl_action() is deprecated. It was called from include() in /var/www/html/lib/tpl/arcadebasic/main.php:204 see devel:menus should be used instead!
2026-06-05 03:41:56		tpl_actionlink() is deprecated. It was called from tpl_action() in /var/www/html/inc/template.php:712 see devel:menus should be used instead!
2026-06-05 03:41:56		tpl_get_action() is deprecated. It was called from tpl_actionlink() in /var/www/html/inc/template.php:592 see devel:menus should be used instead!
2026-06-05 03:41:56		tpl_action() is deprecated. It was called from include() in /var/www/html/lib/tpl/arcadebasic/main.php:205 see devel:menus should be used instead!
2026-06-05 03:41:56		tpl_actionlink() is deprecated. It was called from tpl_action() in /var/www/html/inc/template.php:712 see devel:menus should be used instead!
2026-06-05 03:41:56		tpl_get_action() is deprecated. It was called from tpl_actionlink() in /var/www/html/inc/template.php:592 see devel:menus should be used instead!
2026-06-05 03:41:56		tpl_toolsevent() is deprecated. It was called from include() in /var/www/html/lib/tpl/arcadebasic/main.php:202 see devel:menus should be used instead!
2026-06-05 04:00:30		tpl_action() is deprecated. It was called from include() in /var/www/html/lib/tpl/arcadebasic/main.php:159 see devel:menus should be used instead!
2026-06-05 04:00:30		tpl_actionlink() is deprecated. It was called from tpl_action() in /var/www/html/inc/template.php:712 see devel:menus should be used instead!
2026-06-05 04:00:30		tpl_get_action() is deprecated. It was called from tpl_actionlink() in /var/www/html/inc/template.php:592 see devel:menus should be used instead!
2026-06-05 04:00:30		tpl_toolsevent() is deprecated. It was called from include() in /var/www/html/lib/tpl/arcadebasic/main.php:158 see devel:menus should be used instead!
2026-06-05 04:00:30		tpl_action() is deprecated. It was called from include() in /var/www/html/lib/tpl/arcadebasic/main.php:190 see devel:menus should be used instead!
2026-06-05 04:00:30		tpl_actionlink() is deprecated. It was called from tpl_action() in /var/www/html/inc/template.php:712 see devel:menus should be used instead!
2026-06-05 04:00:30		tpl_get_action() is deprecated. It was called from tpl_actionlink() in /var/www/html/inc/template.php:592 see devel:menus should be used instead!
2026-06-05 04:00:30		tpl_action() is deprecated. It was called from include() in /var/www/html/lib/tpl/arcadebasic/main.php:191 see devel:menus should be used instead!
2026-06-05 04:00:30		tpl_actionlink() is deprecated. It was called from tpl_action() in /var/www/html/inc/template.php:712 see devel:menus should be used instead!
2026-06-05 04:00:30		tpl_get_action() is deprecated. It was called from tpl_actionlink() in /var/www/html/inc/template.php:592 see devel:menus should be used instead!
2026-06-05 04:00:30		tpl_action() is deprecated. It was called from include() in /var/www/html/lib/tpl/arcadebasic/main.php:192 see devel:menus should be used instead!
2026-06-05 04:00:30		tpl_actionlink() is deprecated. It was called from tpl_action() in /var/www/html/inc/template.php:712 see devel:menus should be used instead!
2026-06-05 04:00:30		tpl_get_action() is deprecated. It was called from tpl_actionlink() in /var/www/html/inc/template.php:592 see devel:menus should be used instead!
2026-06-05 04:00:30		tpl_toolsevent() is deprecated. It was called from include() in /var/www/html/lib/tpl/arcadebasic/main.php:187 see devel:menus should be used instead!
2026-06-05 04:00:30		tpl_action() is deprecated. It was called from include() in /var/www/html/lib/tpl/arcadebasic/main.php:203 see devel:menus should be used instead!
2026-06-05 04:00:30		tpl_actionlink() is deprecated. It was called from tpl_action() in /var/www/html/inc/template.php:712 see devel:menus should be used instead!
2026-06-05 04:00:30		tpl_get_action() is deprecated. It was called from tpl_actionlink() in /var/www/html/inc/template.php:592 see devel:menus should be used instead!
2026-06-05 04:00:30		tpl_action() is deprecated. It was called from include() in /var/www/html/lib/tpl/arcadebasic/main.php:204 see devel:menus should be used instead!
2026-06-05 04:00:30		tpl_actionlink() is deprecated. It was called from tpl_action() in /var/www/html/inc/template.php:712 see devel:menus should be used instead!
2026-06-05 04:00:30		tpl_get_action() is deprecated. It was called from tpl_actionlink() in /var/www/html/inc/template.php:592 see devel:menus should be used instead!
2026-06-05 04:00:30		tpl_action() is deprecated. It was called from include() in /var/www/html/lib/tpl/arcadebasic/main.php:205 see devel:menus should be used instead!
2026-06-05 04:00:30		tpl_actionlink() is deprecated. It was called from tpl_action() in /var/www/html/inc/template.php:712 see devel:menus should be used instead!
2026-06-05 04:00:30		tpl_get_action() is deprecated. It was called from tpl_actionlink() in /var/www/html/inc/template.php:592 see devel:menus should be used instead!
2026-06-05 04:00:30		tpl_toolsevent() is deprecated. It was called from include() in /var/www/html/lib/tpl/arcadebasic/main.php:202 see devel:menus should be used instead!
2026-06-05 07:54:18		tpl_action() is deprecated. It was called from include() in /var/www/html/lib/tpl/arcadebasic/main.php:159 see devel:menus should be used instead!
2026-06-05 07:54:18		tpl_actionlink() is deprecated. It was called from tpl_action() in /var/www/html/inc/template.php:712 see devel:menus should be used instead!
2026-06-05 07:54:18		tpl_get_action() is deprecated. It was called from tpl_actionlink() in /var/www/html/inc/template.php:592 see devel:menus should be used instead!
2026-06-05 07:54:18		tpl_toolsevent() is deprecated. It was called from include() in /var/www/html/lib/tpl/arcadebasic/main.php:158 see devel:menus should be used instead!
2026-06-05 07:54:18		tpl_action() is deprecated. It was called from include() in /var/www/html/lib/tpl/arcadebasic/main.php:190 see devel:menus should be used instead!
2026-06-05 07:54:18		tpl_actionlink() is deprecated. It was called from tpl_action() in /var/www/html/inc/template.php:712 see devel:menus should be used instead!
2026-06-05 07:54:18		tpl_get_action() is deprecated. It was called from tpl_actionlink() in /var/www/html/inc/template.php:592 see devel:menus should be used instead!
2026-06-05 07:54:18		tpl_action() is deprecated. It was called from include() in /var/www/html/lib/tpl/arcadebasic/main.php:191 see devel:menus should be used instead!
2026-06-05 07:54:18		tpl_actionlink() is deprecated. It was called from tpl_action() in /var/www/html/inc/template.php:712 see devel:menus should be used instead!
2026-06-05 07:54:18		tpl_get_action() is deprecated. It was called from tpl_actionlink() in /var/www/html/inc/template.php:592 see devel:menus should be used instead!
2026-06-05 07:54:18		tpl_action() is deprecated. It was called from include() in /var/www/html/lib/tpl/arcadebasic/main.php:192 see devel:menus should be used instead!
2026-06-05 07:54:18		tpl_actionlink() is deprecated. It was called from tpl_action() in /var/www/html/inc/template.php:712 see devel:menus should be used instead!
2026-06-05 07:54:18		tpl_get_action() is deprecated. It was called from tpl_actionlink() in /var/www/html/inc/template.php:592 see devel:menus should be used instead!
2026-06-05 07:54:18		tpl_toolsevent() is deprecated. It was called from include() in /var/www/html/lib/tpl/arcadebasic/main.php:187 see devel:menus should be used instead!
2026-06-05 07:54:18		tpl_action() is deprecated. It was called from include() in /var/www/html/lib/tpl/arcadebasic/main.php:203 see devel:menus should be used instead!
2026-06-05 07:54:18		tpl_actionlink() is deprecated. It was called from tpl_action() in /var/www/html/inc/template.php:712 see devel:menus should be used instead!
2026-06-05 07:54:18		tpl_get_action() is deprecated. It was called from tpl_actionlink() in /var/www/html/inc/template.php:592 see devel:menus should be used instead!
2026-06-05 07:54:18		tpl_action() is deprecated. It was called from include() in /var/www/html/lib/tpl/arcadebasic/main.php:204 see devel:menus should be used instead!
2026-06-05 07:54:18		tpl_actionlink() is deprecated. It was called from tpl_action() in /var/www/html/inc/template.php:712 see devel:menus should be used instead!
2026-06-05 07:54:18		tpl_get_action() is deprecated. It was called from tpl_actionlink() in /var/www/html/inc/template.php:592 see devel:menus should be used instead!
2026-06-05 07:54:18		tpl_action() is deprecated. It was called from include() in /var/www/html/lib/tpl/arcadebasic/main.php:205 see devel:menus should be used instead!
2026-06-05 07:54:18		tpl_actionlink() is deprecated. It was called from tpl_action() in /var/www/html/inc/template.php:712 see devel:menus should be used instead!
2026-06-05 07:54:18		tpl_get_action() is deprecated. It was called from tpl_actionlink() in /var/www/html/inc/template.php:592 see devel:menus should be used instead!
2026-06-05 07:54:18		tpl_toolsevent() is deprecated. It was called from include() in /var/www/html/lib/tpl/arcadebasic/main.php:202 see devel:menus should be used instead!
2026-06-05 08:15:46		tpl_action() is deprecated. It was called from include() in /var/www/html/lib/tpl/arcadebasic/main.php:159 see devel:menus should be used instead!
2026-06-05 08:15:46		tpl_actionlink() is deprecated. It was called from tpl_action() in /var/www/html/inc/template.php:712 see devel:menus should be used instead!
2026-06-05 08:15:46		tpl_get_action() is deprecated. It was called from tpl_actionlink() in /var/www/html/inc/template.php:592 see devel:menus should be used instead!
2026-06-05 08:15:46		tpl_toolsevent() is deprecated. It was called from include() in /var/www/html/lib/tpl/arcadebasic/main.php:158 see devel:menus should be used instead!
2026-06-05 08:15:46		tpl_action() is deprecated. It was called from include() in /var/www/html/lib/tpl/arcadebasic/main.php:190 see devel:menus should be used instead!
2026-06-05 08:15:46		tpl_actionlink() is deprecated. It was called from tpl_action() in /var/www/html/inc/template.php:712 see devel:menus should be used instead!
2026-06-05 08:15:46		tpl_get_action() is deprecated. It was called from tpl_actionlink() in /var/www/html/inc/template.php:592 see devel:menus should be used instead!
2026-06-05 08:15:46		tpl_action() is deprecated. It was called from include() in /var/www/html/lib/tpl/arcadebasic/main.php:191 see devel:menus should be used instead!
2026-06-05 08:15:46		tpl_actionlink() is deprecated. It was called from tpl_action() in /var/www/html/inc/template.php:712 see devel:menus should be used instead!
2026-06-05 08:15:46		tpl_get_action() is deprecated. It was called from tpl_actionlink() in /var/www/html/inc/template.php:592 see devel:menus should be used instead!
2026-06-05 08:15:46		tpl_action() is deprecated. It was called from include() in /var/www/html/lib/tpl/arcadebasic/main.php:192 see devel:menus should be used instead!
2026-06-05 08:15:46		tpl_actionlink() is deprecated. It was called from tpl_action() in /var/www/html/inc/template.php:712 see devel:menus should be used instead!
2026-06-05 08:15:46		tpl_get_action() is deprecated. It was called from tpl_actionlink() in /var/www/html/inc/template.php:592 see devel:menus should be used instead!
2026-06-05 08:15:46		tpl_toolsevent() is deprecated. It was called from include() in /var/www/html/lib/tpl/arcadebasic/main.php:187 see devel:menus should be used instead!
2026-06-05 08:15:46		tpl_action() is deprecated. It was called from include() in /var/www/html/lib/tpl/arcadebasic/main.php:203 see devel:menus should be used instead!
2026-06-05 08:15:46		tpl_actionlink() is deprecated. It was called from tpl_action() in /var/www/html/inc/template.php:712 see devel:menus should be used instead!
2026-06-05 08:15:46		tpl_get_action() is deprecated. It was called from tpl_actionlink() in /var/www/html/inc/template.php:592 see devel:menus should be used instead!
2026-06-05 08:15:46		tpl_action() is deprecated. It was called from include() in /var/www/html/lib/tpl/arcadebasic/main.php:204 see devel:menus should be used instead!
2026-06-05 08:15:46		tpl_actionlink() is deprecated. It was called from tpl_action() in /var/www/html/inc/template.php:712 see devel:menus should be used instead!
2026-06-05 08:15:46		tpl_get_action() is deprecated. It was called from tpl_actionlink() in /var/www/html/inc/template.php:592 see devel:menus should be used instead!
2026-06-05 08:15:46		tpl_action() is deprecated. It was called from include() in /var/www/html/lib/tpl/arcadebasic/main.php:205 see devel:menus should be used instead!
2026-06-05 08:15:46		tpl_actionlink() is deprecated. It was called from tpl_action() in /var/www/html/inc/template.php:712 see devel:menus should be used instead!
2026-06-05 08:15:46		tpl_get_action() is deprecated. It was called from tpl_actionlink() in /var/www/html/inc/template.php:592 see devel:menus should be used instead!
2026-06-05 08:15:46		tpl_toolsevent() is deprecated. It was called from include() in /var/www/html/lib/tpl/arcadebasic/main.php:202 see devel:menus should be used instead!
2026-06-05 11:39:42		tpl_action() is deprecated. It was called from include() in /var/www/html/lib/tpl/arcadebasic/main.php:159 see devel:menus should be used instead!
2026-06-05 11:39:42		tpl_actionlink() is deprecated. It was called from tpl_action() in /var/www/html/inc/template.php:712 see devel:menus should be used instead!
2026-06-05 11:39:42		tpl_get_action() is deprecated. It was called from tpl_actionlink() in /var/www/html/inc/template.php:592 see devel:menus should be used instead!
2026-06-05 11:39:42		tpl_toolsevent() is deprecated. It was called from include() in /var/www/html/lib/tpl/arcadebasic/main.php:158 see devel:menus should be used instead!
2026-06-05 11:39:42		tpl_action() is deprecated. It was called from include() in /var/www/html/lib/tpl/arcadebasic/main.php:190 see devel:menus should be used instead!
2026-06-05 11:39:42		tpl_actionlink() is deprecated. It was called from tpl_action() in /var/www/html/inc/template.php:712 see devel:menus should be used instead!
2026-06-05 11:39:42		tpl_get_action() is deprecated. It was called from tpl_actionlink() in /var/www/html/inc/template.php:592 see devel:menus should be used instead!
2026-06-05 11:39:42		tpl_action() is deprecated. It was called from include() in /var/www/html/lib/tpl/arcadebasic/main.php:191 see devel:menus should be used instead!
2026-06-05 11:39:42		tpl_actionlink() is deprecated. It was called from tpl_action() in /var/www/html/inc/template.php:712 see devel:menus should be used instead!
2026-06-05 11:39:42		tpl_get_action() is deprecated. It was called from tpl_actionlink() in /var/www/html/inc/template.php:592 see devel:menus should be used instead!
2026-06-05 11:39:42		tpl_action() is deprecated. It was called from include() in /var/www/html/lib/tpl/arcadebasic/main.php:192 see devel:menus should be used instead!
2026-06-05 11:39:42		tpl_actionlink() is deprecated. It was called from tpl_action() in /var/www/html/inc/template.php:712 see devel:menus should be used instead!
2026-06-05 11:39:42		tpl_get_action() is deprecated. It was called from tpl_actionlink() in /var/www/html/inc/template.php:592 see devel:menus should be used instead!
2026-06-05 11:39:42		tpl_toolsevent() is deprecated. It was called from include() in /var/www/html/lib/tpl/arcadebasic/main.php:187 see devel:menus should be used instead!
2026-06-05 11:39:42		tpl_action() is deprecated. It was called from include() in /var/www/html/lib/tpl/arcadebasic/main.php:203 see devel:menus should be used instead!
2026-06-05 11:39:42		tpl_actionlink() is deprecated. It was called from tpl_action() in /var/www/html/inc/template.php:712 see devel:menus should be used instead!
2026-06-05 11:39:42		tpl_get_action() is deprecated. It was called from tpl_actionlink() in /var/www/html/inc/template.php:592 see devel:menus should be used instead!
2026-06-05 11:39:42		tpl_action() is deprecated. It was called from include() in /var/www/html/lib/tpl/arcadebasic/main.php:204 see devel:menus should be used instead!
2026-06-05 11:39:42		tpl_actionlink() is deprecated. It was called from tpl_action() in /var/www/html/inc/template.php:712 see devel:menus should be used instead!
2026-06-05 11:39:42		tpl_get_action() is deprecated. It was called from tpl_actionlink() in /var/www/html/inc/template.php:592 see devel:menus should be used instead!
2026-06-05 11:39:42		tpl_action() is deprecated. It was called from include() in /var/www/html/lib/tpl/arcadebasic/main.php:205 see devel:menus should be used instead!
2026-06-05 11:39:42		tpl_actionlink() is deprecated. It was called from tpl_action() in /var/www/html/inc/template.php:712 see devel:menus should be used instead!
2026-06-05 11:39:42		tpl_get_action() is deprecated. It was called from tpl_actionlink() in /var/www/html/inc/template.php:592 see devel:menus should be used instead!
2026-06-05 11:39:42		tpl_toolsevent() is deprecated. It was called from include() in /var/www/html/lib/tpl/arcadebasic/main.php:202 see devel:menus should be used instead!
2026-06-05 16:13:37		tpl_action() is deprecated. It was called from include() in /var/www/html/lib/tpl/arcadebasic/main.php:159 see devel:menus should be used instead!
2026-06-05 16:13:37		tpl_actionlink() is deprecated. It was called from tpl_action() in /var/www/html/inc/template.php:712 see devel:menus should be used instead!
2026-06-05 16:13:37		tpl_get_action() is deprecated. It was called from tpl_actionlink() in /var/www/html/inc/template.php:592 see devel:menus should be used instead!
2026-06-05 16:13:37		tpl_toolsevent() is deprecated. It was called from include() in /var/www/html/lib/tpl/arcadebasic/main.php:158 see devel:menus should be used instead!
2026-06-05 16:13:37		tpl_action() is deprecated. It was called from include() in /var/www/html/lib/tpl/arcadebasic/main.php:190 see devel:menus should be used instead!
2026-06-05 16:13:37		tpl_actionlink() is deprecated. It was called from tpl_action() in /var/www/html/inc/template.php:712 see devel:menus should be used instead!
2026-06-05 16:13:37		tpl_get_action() is deprecated. It was called from tpl_actionlink() in /var/www/html/inc/template.php:592 see devel:menus should be used instead!
2026-06-05 16:13:37		tpl_action() is deprecated. It was called from include() in /var/www/html/lib/tpl/arcadebasic/main.php:191 see devel:menus should be used instead!
2026-06-05 16:13:37		tpl_actionlink() is deprecated. It was called from tpl_action() in /var/www/html/inc/template.php:712 see devel:menus should be used instead!
2026-06-05 16:13:37		tpl_get_action() is deprecated. It was called from tpl_actionlink() in /var/www/html/inc/template.php:592 see devel:menus should be used instead!
2026-06-05 16:13:37		tpl_action() is deprecated. It was called from include() in /var/www/html/lib/tpl/arcadebasic/main.php:192 see devel:menus should be used instead!
2026-06-05 16:13:37		tpl_actionlink() is deprecated. It was called from tpl_action() in /var/www/html/inc/template.php:712 see devel:menus should be used instead!
2026-06-05 16:13:37		tpl_get_action() is deprecated. It was called from tpl_actionlink() in /var/www/html/inc/template.php:592 see devel:menus should be used instead!
2026-06-05 16:13:37		tpl_toolsevent() is deprecated. It was called from include() in /var/www/html/lib/tpl/arcadebasic/main.php:187 see devel:menus should be used instead!
2026-06-05 16:13:37		tpl_action() is deprecated. It was called from include() in /var/www/html/lib/tpl/arcadebasic/main.php:203 see devel:menus should be used instead!
2026-06-05 16:13:37		tpl_actionlink() is deprecated. It was called from tpl_action() in /var/www/html/inc/template.php:712 see devel:menus should be used instead!
2026-06-05 16:13:37		tpl_get_action() is deprecated. It was called from tpl_actionlink() in /var/www/html/inc/template.php:592 see devel:menus should be used instead!
2026-06-05 16:13:37		tpl_action() is deprecated. It was called from include() in /var/www/html/lib/tpl/arcadebasic/main.php:204 see devel:menus should be used instead!
2026-06-05 16:13:37		tpl_actionlink() is deprecated. It was called from tpl_action() in /var/www/html/inc/template.php:712 see devel:menus should be used instead!
2026-06-05 16:13:37		tpl_get_action() is deprecated. It was called from tpl_actionlink() in /var/www/html/inc/template.php:592 see devel:menus should be used instead!
2026-06-05 16:13:37		tpl_action() is deprecated. It was called from include() in /var/www/html/lib/tpl/arcadebasic/main.php:205 see devel:menus should be used instead!
2026-06-05 16:13:37		tpl_actionlink() is deprecated. It was called from tpl_action() in /var/www/html/inc/template.php:712 see devel:menus should be used instead!
2026-06-05 16:13:37		tpl_get_action() is deprecated. It was called from tpl_actionlink() in /var/www/html/inc/template.php:592 see devel:menus should be used instead!
2026-06-05 16:13:37		tpl_toolsevent() is deprecated. It was called from include() in /var/www/html/lib/tpl/arcadebasic/main.php:202 see devel:menus should be used instead!
2026-06-05 16:36:19		require_once() is deprecated. It was called from require() in /var/www/html/lib/plugins/imagebox/syntax.php:9 Autoloading should be used instead!
2026-06-05 16:36:19		require_once() is deprecated. It was called from require() in /var/www/html/lib/plugins/imagebox/syntax.php:9 Autoloading should be used instead!
2026-06-05 16:36:19		Doku_Handler::_addCall() is deprecated. It was called from syntax_plugin_toctweak_autotoc::handle() in /var/www/html/lib/plugins/toctweak/syntax/autotoc.php:60 addCall should be used instead!
2026-06-05 16:36:19		Doku_Handler::_addCall() is deprecated. It was called from syntax_plugin_toctweak_autotoc::handle() in /var/www/html/lib/plugins/toctweak/syntax/autotoc.php:60 addCall should be used instead!
2026-06-05 16:36:19		Doku_Handler::_addCall() is deprecated. It was called from syntax_plugin_toctweak_sidetoc::handle() in /var/www/html/lib/plugins/toctweak/syntax/sidetoc.php:30 addCall should be used instead!
2026-06-05 16:36:19		tpl_action() is deprecated. It was called from include() in /var/www/html/lib/tpl/arcadebasic/main.php:159 see devel:menus should be used instead!
2026-06-05 16:36:19		tpl_actionlink() is deprecated. It was called from tpl_action() in /var/www/html/inc/template.php:712 see devel:menus should be used instead!
2026-06-05 16:36:19		tpl_get_action() is deprecated. It was called from tpl_actionlink() in /var/www/html/inc/template.php:592 see devel:menus should be used instead!
2026-06-05 16:36:19		tpl_toolsevent() is deprecated. It was called from include() in /var/www/html/lib/tpl/arcadebasic/main.php:158 see devel:menus should be used instead!
2026-06-05 16:36:19		tpl_action() is deprecated. It was called from include() in /var/www/html/lib/tpl/arcadebasic/main.php:190 see devel:menus should be used instead!
2026-06-05 16:36:19		tpl_actionlink() is deprecated. It was called from tpl_action() in /var/www/html/inc/template.php:712 see devel:menus should be used instead!
2026-06-05 16:36:19		tpl_get_action() is deprecated. It was called from tpl_actionlink() in /var/www/html/inc/template.php:592 see devel:menus should be used instead!
2026-06-05 16:36:19		tpl_action() is deprecated. It was called from include() in /var/www/html/lib/tpl/arcadebasic/main.php:191 see devel:menus should be used instead!
2026-06-05 16:36:19		tpl_actionlink() is deprecated. It was called from tpl_action() in /var/www/html/inc/template.php:712 see devel:menus should be used instead!
2026-06-05 16:36:19		tpl_get_action() is deprecated. It was called from tpl_actionlink() in /var/www/html/inc/template.php:592 see devel:menus should be used instead!
2026-06-05 16:36:19		tpl_action() is deprecated. It was called from include() in /var/www/html/lib/tpl/arcadebasic/main.php:192 see devel:menus should be used instead!
2026-06-05 16:36:19		tpl_actionlink() is deprecated. It was called from tpl_action() in /var/www/html/inc/template.php:712 see devel:menus should be used instead!
2026-06-05 16:36:19		tpl_get_action() is deprecated. It was called from tpl_actionlink() in /var/www/html/inc/template.php:592 see devel:menus should be used instead!
2026-06-05 16:36:19		tpl_toolsevent() is deprecated. It was called from include() in /var/www/html/lib/tpl/arcadebasic/main.php:187 see devel:menus should be used instead!
2026-06-05 16:36:19		tpl_action() is deprecated. It was called from include() in /var/www/html/lib/tpl/arcadebasic/main.php:203 see devel:menus should be used instead!
2026-06-05 16:36:19		tpl_actionlink() is deprecated. It was called from tpl_action() in /var/www/html/inc/template.php:712 see devel:menus should be used instead!
2026-06-05 16:36:19		tpl_get_action() is deprecated. It was called from tpl_actionlink() in /var/www/html/inc/template.php:592 see devel:menus should be used instead!
2026-06-05 16:36:19		Doku_Handler::_addCall() is deprecated. It was called from syntax_plugin_toctweak_sidetoc::handle() in /var/www/html/lib/plugins/toctweak/syntax/sidetoc.php:30 addCall should be used instead!
2026-06-05 16:36:19		tpl_action() is deprecated. It was called from include() in /var/www/html/lib/tpl/arcadebasic/main.php:204 see devel:menus should be used instead!
2026-06-05 16:36:19		tpl_actionlink() is deprecated. It was called from tpl_action() in /var/www/html/inc/template.php:712 see devel:menus should be used instead!
2026-06-05 16:36:19		tpl_get_action() is deprecated. It was called from tpl_actionlink() in /var/www/html/inc/template.php:592 see devel:menus should be used instead!
2026-06-05 16:36:19		tpl_action() is deprecated. It was called from include() in /var/www/html/lib/tpl/arcadebasic/main.php:205 see devel:menus should be used instead!
2026-06-05 16:36:19		tpl_actionlink() is deprecated. It was called from tpl_action() in /var/www/html/inc/template.php:712 see devel:menus should be used instead!
2026-06-05 16:36:19		tpl_get_action() is deprecated. It was called from tpl_actionlink() in /var/www/html/inc/template.php:592 see devel:menus should be used instead!
2026-06-05 16:36:19		tpl_toolsevent() is deprecated. It was called from include() in /var/www/html/lib/tpl/arcadebasic/main.php:202 see devel:menus should be used instead!
2026-06-05 16:36:19		tpl_action() is deprecated. It was called from include() in /var/www/html/lib/tpl/arcadebasic/main.php:159 see devel:menus should be used instead!
2026-06-05 16:36:19		tpl_actionlink() is deprecated. It was called from tpl_action() in /var/www/html/inc/template.php:712 see devel:menus should be used instead!
2026-06-05 16:36:19		tpl_get_action() is deprecated. It was called from tpl_actionlink() in /var/www/html/inc/template.php:592 see devel:menus should be used instead!
2026-06-05 16:36:19		tpl_toolsevent() is deprecated. It was called from include() in /var/www/html/lib/tpl/arcadebasic/main.php:158 see devel:menus should be used instead!
2026-06-05 16:36:19		tpl_action() is deprecated. It was called from include() in /var/www/html/lib/tpl/arcadebasic/main.php:190 see devel:menus should be used instead!
2026-06-05 16:36:19		tpl_actionlink() is deprecated. It was called from tpl_action() in /var/www/html/inc/template.php:712 see devel:menus should be used instead!
2026-06-05 16:36:19		tpl_get_action() is deprecated. It was called from tpl_actionlink() in /var/www/html/inc/template.php:592 see devel:menus should be used instead!
2026-06-05 16:36:19		tpl_action() is deprecated. It was called from include() in /var/www/html/lib/tpl/arcadebasic/main.php:191 see devel:menus should be used instead!
2026-06-05 16:36:19		tpl_actionlink() is deprecated. It was called from tpl_action() in /var/www/html/inc/template.php:712 see devel:menus should be used instead!
2026-06-05 16:36:19		tpl_get_action() is deprecated. It was called from tpl_actionlink() in /var/www/html/inc/template.php:592 see devel:menus should be used instead!
2026-06-05 16:36:19		tpl_action() is deprecated. It was called from include() in /var/www/html/lib/tpl/arcadebasic/main.php:192 see devel:menus should be used instead!
2026-06-05 16:36:19		tpl_actionlink() is deprecated. It was called from tpl_action() in /var/www/html/inc/template.php:712 see devel:menus should be used instead!
2026-06-05 16:36:19		tpl_get_action() is deprecated. It was called from tpl_actionlink() in /var/www/html/inc/template.php:592 see devel:menus should be used instead!
2026-06-05 16:36:19		tpl_toolsevent() is deprecated. It was called from include() in /var/www/html/lib/tpl/arcadebasic/main.php:187 see devel:menus should be used instead!
2026-06-05 16:36:19		tpl_action() is deprecated. It was called from include() in /var/www/html/lib/tpl/arcadebasic/main.php:203 see devel:menus should be used instead!
2026-06-05 16:36:19		tpl_actionlink() is deprecated. It was called from tpl_action() in /var/www/html/inc/template.php:712 see devel:menus should be used instead!
2026-06-05 16:36:19		tpl_get_action() is deprecated. It was called from tpl_actionlink() in /var/www/html/inc/template.php:592 see devel:menus should be used instead!
2026-06-05 16:36:19		tpl_action() is deprecated. It was called from include() in /var/www/html/lib/tpl/arcadebasic/main.php:204 see devel:menus should be used instead!
2026-06-05 16:36:19		tpl_actionlink() is deprecated. It was called from tpl_action() in /var/www/html/inc/template.php:712 see devel:menus should be used instead!
2026-06-05 16:36:19		tpl_get_action() is deprecated. It was called from tpl_actionlink() in /var/www/html/inc/template.php:592 see devel:menus should be used instead!
2026-06-05 16:36:19		tpl_action() is deprecated. It was called from include() in /var/www/html/lib/tpl/arcadebasic/main.php:205 see devel:menus should be used instead!
2026-06-05 16:36:19		tpl_actionlink() is deprecated. It was called from tpl_action() in /var/www/html/inc/template.php:712 see devel:menus should be used instead!
2026-06-05 16:36:19		tpl_get_action() is deprecated. It was called from tpl_actionlink() in /var/www/html/inc/template.php:592 see devel:menus should be used instead!
2026-06-05 16:36:19		tpl_toolsevent() is deprecated. It was called from include() in /var/www/html/lib/tpl/arcadebasic/main.php:202 see devel:menus should be used instead!
2026-06-05 16:36:19		tpl_action() is deprecated. It was called from include() in /var/www/html/lib/tpl/arcadebasic/main.php:159 see devel:menus should be used instead!
2026-06-05 16:36:19		tpl_actionlink() is deprecated. It was called from tpl_action() in /var/www/html/inc/template.php:712 see devel:menus should be used instead!
2026-06-05 16:36:19		tpl_get_action() is deprecated. It was called from tpl_actionlink() in /var/www/html/inc/template.php:592 see devel:menus should be used instead!
2026-06-05 16:36:19		tpl_toolsevent() is deprecated. It was called from include() in /var/www/html/lib/tpl/arcadebasic/main.php:158 see devel:menus should be used instead!
2026-06-05 16:36:19		tpl_action() is deprecated. It was called from include() in /var/www/html/lib/tpl/arcadebasic/main.php:190 see devel:menus should be used instead!
2026-06-05 16:36:19		tpl_actionlink() is deprecated. It was called from tpl_action() in /var/www/html/inc/template.php:712 see devel:menus should be used instead!
2026-06-05 16:36:19		tpl_get_action() is deprecated. It was called from tpl_actionlink() in /var/www/html/inc/template.php:592 see devel:menus should be used instead!
2026-06-05 16:36:19		tpl_action() is deprecated. It was called from include() in /var/www/html/lib/tpl/arcadebasic/main.php:191 see devel:menus should be used instead!
2026-06-05 16:36:19		tpl_actionlink() is deprecated. It was called from tpl_action() in /var/www/html/inc/template.php:712 see devel:menus should be used instead!
2026-06-05 16:36:19		tpl_get_action() is deprecated. It was called from tpl_actionlink() in /var/www/html/inc/template.php:592 see devel:menus should be used instead!
2026-06-05 16:36:19		tpl_action() is deprecated. It was called from include() in /var/www/html/lib/tpl/arcadebasic/main.php:192 see devel:menus should be used instead!
2026-06-05 16:36:19		tpl_actionlink() is deprecated. It was called from tpl_action() in /var/www/html/inc/template.php:712 see devel:menus should be used instead!
2026-06-05 16:36:19		tpl_get_action() is deprecated. It was called from tpl_actionlink() in /var/www/html/inc/template.php:592 see devel:menus should be used instead!
2026-06-05 16:36:19		tpl_toolsevent() is deprecated. It was called from include() in /var/www/html/lib/tpl/arcadebasic/main.php:187 see devel:menus should be used instead!
2026-06-05 16:36:19		tpl_action() is deprecated. It was called from include() in /var/www/html/lib/tpl/arcadebasic/main.php:203 see devel:menus should be used instead!
2026-06-05 16:36:19		tpl_actionlink() is deprecated. It was called from tpl_action() in /var/www/html/inc/template.php:712 see devel:menus should be used instead!
2026-06-05 16:36:19		tpl_get_action() is deprecated. It was called from tpl_actionlink() in /var/www/html/inc/template.php:592 see devel:menus should be used instead!
2026-06-05 16:36:19		tpl_action() is deprecated. It was called from include() in /var/www/html/lib/tpl/arcadebasic/main.php:204 see devel:menus should be used instead!
2026-06-05 16:36:19		tpl_actionlink() is deprecated. It was called from tpl_action() in /var/www/html/inc/template.php:712 see devel:menus should be used instead!
2026-06-05 16:36:19		tpl_get_action() is deprecated. It was called from tpl_actionlink() in /var/www/html/inc/template.php:592 see devel:menus should be used instead!
2026-06-05 16:36:19		tpl_action() is deprecated. It was called from include() in /var/www/html/lib/tpl/arcadebasic/main.php:205 see devel:menus should be used instead!
2026-06-05 16:36:19		tpl_actionlink() is deprecated. It was called from tpl_action() in /var/www/html/inc/template.php:712 see devel:menus should be used instead!
2026-06-05 16:36:19		tpl_get_action() is deprecated. It was called from tpl_actionlink() in /var/www/html/inc/template.php:592 see devel:menus should be used instead!
2026-06-05 16:36:19		tpl_toolsevent() is deprecated. It was called from include() in /var/www/html/lib/tpl/arcadebasic/main.php:202 see devel:menus should be used instead!
2026-06-05 17:17:30		tpl_action() is deprecated. It was called from include() in /var/www/html/lib/tpl/arcadebasic/main.php:159 see devel:menus should be used instead!
2026-06-05 17:17:30		tpl_actionlink() is deprecated. It was called from tpl_action() in /var/www/html/inc/template.php:712 see devel:menus should be used instead!
2026-06-05 17:17:30		tpl_get_action() is deprecated. It was called from tpl_actionlink() in /var/www/html/inc/template.php:592 see devel:menus should be used instead!
2026-06-05 17:17:30		tpl_toolsevent() is deprecated. It was called from include() in /var/www/html/lib/tpl/arcadebasic/main.php:158 see devel:menus should be used instead!
2026-06-05 17:17:30		tpl_action() is deprecated. It was called from include() in /var/www/html/lib/tpl/arcadebasic/main.php:190 see devel:menus should be used instead!
2026-06-05 17:17:30		tpl_actionlink() is deprecated. It was called from tpl_action() in /var/www/html/inc/template.php:712 see devel:menus should be used instead!
2026-06-05 17:17:30		tpl_get_action() is deprecated. It was called from tpl_actionlink() in /var/www/html/inc/template.php:592 see devel:menus should be used instead!
2026-06-05 17:17:30		tpl_action() is deprecated. It was called from include() in /var/www/html/lib/tpl/arcadebasic/main.php:191 see devel:menus should be used instead!
2026-06-05 17:17:30		tpl_actionlink() is deprecated. It was called from tpl_action() in /var/www/html/inc/template.php:712 see devel:menus should be used instead!
2026-06-05 17:17:30		tpl_get_action() is deprecated. It was called from tpl_actionlink() in /var/www/html/inc/template.php:592 see devel:menus should be used instead!
2026-06-05 17:17:30		tpl_action() is deprecated. It was called from include() in /var/www/html/lib/tpl/arcadebasic/main.php:192 see devel:menus should be used instead!
2026-06-05 17:17:30		tpl_actionlink() is deprecated. It was called from tpl_action() in /var/www/html/inc/template.php:712 see devel:menus should be used instead!
2026-06-05 17:17:30		tpl_get_action() is deprecated. It was called from tpl_actionlink() in /var/www/html/inc/template.php:592 see devel:menus should be used instead!
2026-06-05 17:17:30		tpl_toolsevent() is deprecated. It was called from include() in /var/www/html/lib/tpl/arcadebasic/main.php:187 see devel:menus should be used instead!
2026-06-05 17:17:30		tpl_action() is deprecated. It was called from include() in /var/www/html/lib/tpl/arcadebasic/main.php:203 see devel:menus should be used instead!
2026-06-05 17:17:30		tpl_actionlink() is deprecated. It was called from tpl_action() in /var/www/html/inc/template.php:712 see devel:menus should be used instead!
2026-06-05 17:17:30		tpl_get_action() is deprecated. It was called from tpl_actionlink() in /var/www/html/inc/template.php:592 see devel:menus should be used instead!
2026-06-05 17:17:30		tpl_action() is deprecated. It was called from include() in /var/www/html/lib/tpl/arcadebasic/main.php:204 see devel:menus should be used instead!
2026-06-05 17:17:30		tpl_actionlink() is deprecated. It was called from tpl_action() in /var/www/html/inc/template.php:712 see devel:menus should be used instead!
2026-06-05 17:17:30		tpl_get_action() is deprecated. It was called from tpl_actionlink() in /var/www/html/inc/template.php:592 see devel:menus should be used instead!
2026-06-05 17:17:30		tpl_action() is deprecated. It was called from include() in /var/www/html/lib/tpl/arcadebasic/main.php:205 see devel:menus should be used instead!
2026-06-05 17:17:30		tpl_actionlink() is deprecated. It was called from tpl_action() in /var/www/html/inc/template.php:712 see devel:menus should be used instead!
2026-06-05 17:17:30		tpl_get_action() is deprecated. It was called from tpl_actionlink() in /var/www/html/inc/template.php:592 see devel:menus should be used instead!
2026-06-05 17:17:30		tpl_toolsevent() is deprecated. It was called from include() in /var/www/html/lib/tpl/arcadebasic/main.php:202 see devel:menus should be used instead!
2026-06-05 17:34:54		tpl_action() is deprecated. It was called from include() in /var/www/html/lib/tpl/arcadebasic/main.php:159 see devel:menus should be used instead!
2026-06-05 17:34:54		tpl_actionlink() is deprecated. It was called from tpl_action() in /var/www/html/inc/template.php:712 see devel:menus should be used instead!
2026-06-05 17:34:54		tpl_get_action() is deprecated. It was called from tpl_actionlink() in /var/www/html/inc/template.php:592 see devel:menus should be used instead!
2026-06-05 17:34:54		tpl_toolsevent() is deprecated. It was called from include() in /var/www/html/lib/tpl/arcadebasic/main.php:158 see devel:menus should be used instead!
2026-06-05 17:34:54		tpl_action() is deprecated. It was called from include() in /var/www/html/lib/tpl/arcadebasic/main.php:190 see devel:menus should be used instead!
2026-06-05 17:34:54		tpl_actionlink() is deprecated. It was called from tpl_action() in /var/www/html/inc/template.php:712 see devel:menus should be used instead!
2026-06-05 17:34:54		tpl_get_action() is deprecated. It was called from tpl_actionlink() in /var/www/html/inc/template.php:592 see devel:menus should be used instead!
2026-06-05 17:34:54		tpl_action() is deprecated. It was called from include() in /var/www/html/lib/tpl/arcadebasic/main.php:191 see devel:menus should be used instead!
2026-06-05 17:34:54		tpl_actionlink() is deprecated. It was called from tpl_action() in /var/www/html/inc/template.php:712 see devel:menus should be used instead!
2026-06-05 17:34:54		tpl_get_action() is deprecated. It was called from tpl_actionlink() in /var/www/html/inc/template.php:592 see devel:menus should be used instead!
2026-06-05 17:34:54		tpl_action() is deprecated. It was called from include() in /var/www/html/lib/tpl/arcadebasic/main.php:192 see devel:menus should be used instead!
2026-06-05 17:34:54		tpl_actionlink() is deprecated. It was called from tpl_action() in /var/www/html/inc/template.php:712 see devel:menus should be used instead!
2026-06-05 17:34:54		tpl_get_action() is deprecated. It was called from tpl_actionlink() in /var/www/html/inc/template.php:592 see devel:menus should be used instead!
2026-06-05 17:34:54		tpl_toolsevent() is deprecated. It was called from include() in /var/www/html/lib/tpl/arcadebasic/main.php:187 see devel:menus should be used instead!
2026-06-05 17:34:54		tpl_action() is deprecated. It was called from include() in /var/www/html/lib/tpl/arcadebasic/main.php:203 see devel:menus should be used instead!
2026-06-05 17:34:54		tpl_actionlink() is deprecated. It was called from tpl_action() in /var/www/html/inc/template.php:712 see devel:menus should be used instead!
2026-06-05 17:34:54		tpl_get_action() is deprecated. It was called from tpl_actionlink() in /var/www/html/inc/template.php:592 see devel:menus should be used instead!
2026-06-05 17:34:54		tpl_action() is deprecated. It was called from include() in /var/www/html/lib/tpl/arcadebasic/main.php:204 see devel:menus should be used instead!
2026-06-05 17:34:54		tpl_actionlink() is deprecated. It was called from tpl_action() in /var/www/html/inc/template.php:712 see devel:menus should be used instead!
2026-06-05 17:34:54		tpl_get_action() is deprecated. It was called from tpl_actionlink() in /var/www/html/inc/template.php:592 see devel:menus should be used instead!
2026-06-05 17:34:54		tpl_action() is deprecated. It was called from include() in /var/www/html/lib/tpl/arcadebasic/main.php:205 see devel:menus should be used instead!
2026-06-05 17:34:54		tpl_actionlink() is deprecated. It was called from tpl_action() in /var/www/html/inc/template.php:712 see devel:menus should be used instead!
2026-06-05 17:34:54		tpl_get_action() is deprecated. It was called from tpl_actionlink() in /var/www/html/inc/template.php:592 see devel:menus should be used instead!
2026-06-05 17:34:54		tpl_toolsevent() is deprecated. It was called from include() in /var/www/html/lib/tpl/arcadebasic/main.php:202 see devel:menus should be used instead!
2026-06-05 17:46:49		tpl_action() is deprecated. It was called from include() in /var/www/html/lib/tpl/arcadebasic/main.php:159 see devel:menus should be used instead!
2026-06-05 17:46:49		tpl_actionlink() is deprecated. It was called from tpl_action() in /var/www/html/inc/template.php:712 see devel:menus should be used instead!
2026-06-05 17:46:49		tpl_get_action() is deprecated. It was called from tpl_actionlink() in /var/www/html/inc/template.php:592 see devel:menus should be used instead!
2026-06-05 17:46:49		tpl_toolsevent() is deprecated. It was called from include() in /var/www/html/lib/tpl/arcadebasic/main.php:158 see devel:menus should be used instead!
2026-06-05 17:46:49		tpl_action() is deprecated. It was called from include() in /var/www/html/lib/tpl/arcadebasic/main.php:190 see devel:menus should be used instead!
2026-06-05 17:46:49		tpl_actionlink() is deprecated. It was called from tpl_action() in /var/www/html/inc/template.php:712 see devel:menus should be used instead!
2026-06-05 17:46:49		tpl_get_action() is deprecated. It was called from tpl_actionlink() in /var/www/html/inc/template.php:592 see devel:menus should be used instead!
2026-06-05 17:46:49		tpl_action() is deprecated. It was called from include() in /var/www/html/lib/tpl/arcadebasic/main.php:191 see devel:menus should be used instead!
2026-06-05 17:46:49		tpl_actionlink() is deprecated. It was called from tpl_action() in /var/www/html/inc/template.php:712 see devel:menus should be used instead!
2026-06-05 17:46:49		tpl_get_action() is deprecated. It was called from tpl_actionlink() in /var/www/html/inc/template.php:592 see devel:menus should be used instead!
2026-06-05 17:46:49		tpl_action() is deprecated. It was called from include() in /var/www/html/lib/tpl/arcadebasic/main.php:192 see devel:menus should be used instead!
2026-06-05 17:46:49		tpl_actionlink() is deprecated. It was called from tpl_action() in /var/www/html/inc/template.php:712 see devel:menus should be used instead!
2026-06-05 17:46:49		tpl_get_action() is deprecated. It was called from tpl_actionlink() in /var/www/html/inc/template.php:592 see devel:menus should be used instead!
2026-06-05 17:46:49		tpl_toolsevent() is deprecated. It was called from include() in /var/www/html/lib/tpl/arcadebasic/main.php:187 see devel:menus should be used instead!
2026-06-05 17:46:49		tpl_action() is deprecated. It was called from include() in /var/www/html/lib/tpl/arcadebasic/main.php:203 see devel:menus should be used instead!
2026-06-05 17:46:49		tpl_actionlink() is deprecated. It was called from tpl_action() in /var/www/html/inc/template.php:712 see devel:menus should be used instead!
2026-06-05 17:46:49		tpl_get_action() is deprecated. It was called from tpl_actionlink() in /var/www/html/inc/template.php:592 see devel:menus should be used instead!
2026-06-05 17:46:49		tpl_action() is deprecated. It was called from include() in /var/www/html/lib/tpl/arcadebasic/main.php:204 see devel:menus should be used instead!
2026-06-05 17:46:49		tpl_actionlink() is deprecated. It was called from tpl_action() in /var/www/html/inc/template.php:712 see devel:menus should be used instead!
2026-06-05 17:46:49		tpl_get_action() is deprecated. It was called from tpl_actionlink() in /var/www/html/inc/template.php:592 see devel:menus should be used instead!
2026-06-05 17:46:49		tpl_action() is deprecated. It was called from include() in /var/www/html/lib/tpl/arcadebasic/main.php:205 see devel:menus should be used instead!
2026-06-05 17:46:49		tpl_actionlink() is deprecated. It was called from tpl_action() in /var/www/html/inc/template.php:712 see devel:menus should be used instead!
2026-06-05 17:46:49		tpl_get_action() is deprecated. It was called from tpl_actionlink() in /var/www/html/inc/template.php:592 see devel:menus should be used instead!
2026-06-05 17:46:49		tpl_toolsevent() is deprecated. It was called from include() in /var/www/html/lib/tpl/arcadebasic/main.php:202 see devel:menus should be used instead!
2026-06-05 18:03:39		tpl_action() is deprecated. It was called from include() in /var/www/html/lib/tpl/arcadebasic/main.php:159 see devel:menus should be used instead!
2026-06-05 18:03:39		tpl_actionlink() is deprecated. It was called from tpl_action() in /var/www/html/inc/template.php:712 see devel:menus should be used instead!
2026-06-05 18:03:39		tpl_get_action() is deprecated. It was called from tpl_actionlink() in /var/www/html/inc/template.php:592 see devel:menus should be used instead!
2026-06-05 18:03:39		tpl_toolsevent() is deprecated. It was called from include() in /var/www/html/lib/tpl/arcadebasic/main.php:158 see devel:menus should be used instead!
2026-06-05 18:03:39		tpl_action() is deprecated. It was called from include() in /var/www/html/lib/tpl/arcadebasic/main.php:190 see devel:menus should be used instead!
2026-06-05 18:03:39		tpl_actionlink() is deprecated. It was called from tpl_action() in /var/www/html/inc/template.php:712 see devel:menus should be used instead!
2026-06-05 18:03:39		tpl_get_action() is deprecated. It was called from tpl_actionlink() in /var/www/html/inc/template.php:592 see devel:menus should be used instead!
2026-06-05 18:03:39		tpl_action() is deprecated. It was called from include() in /var/www/html/lib/tpl/arcadebasic/main.php:191 see devel:menus should be used instead!
2026-06-05 18:03:39		tpl_actionlink() is deprecated. It was called from tpl_action() in /var/www/html/inc/template.php:712 see devel:menus should be used instead!
2026-06-05 18:03:39		tpl_get_action() is deprecated. It was called from tpl_actionlink() in /var/www/html/inc/template.php:592 see devel:menus should be used instead!
2026-06-05 18:03:39		tpl_action() is deprecated. It was called from include() in /var/www/html/lib/tpl/arcadebasic/main.php:192 see devel:menus should be used instead!
2026-06-05 18:03:39		tpl_actionlink() is deprecated. It was called from tpl_action() in /var/www/html/inc/template.php:712 see devel:menus should be used instead!
2026-06-05 18:03:39		tpl_get_action() is deprecated. It was called from tpl_actionlink() in /var/www/html/inc/template.php:592 see devel:menus should be used instead!
2026-06-05 18:03:39		tpl_toolsevent() is deprecated. It was called from include() in /var/www/html/lib/tpl/arcadebasic/main.php:187 see devel:menus should be used instead!
2026-06-05 18:03:39		tpl_action() is deprecated. It was called from include() in /var/www/html/lib/tpl/arcadebasic/main.php:203 see devel:menus should be used instead!
2026-06-05 18:03:39		tpl_actionlink() is deprecated. It was called from tpl_action() in /var/www/html/inc/template.php:712 see devel:menus should be used instead!
2026-06-05 18:03:39		tpl_get_action() is deprecated. It was called from tpl_actionlink() in /var/www/html/inc/template.php:592 see devel:menus should be used instead!
2026-06-05 18:03:39		tpl_action() is deprecated. It was called from include() in /var/www/html/lib/tpl/arcadebasic/main.php:204 see devel:menus should be used instead!
2026-06-05 18:03:39		tpl_actionlink() is deprecated. It was called from tpl_action() in /var/www/html/inc/template.php:712 see devel:menus should be used instead!
2026-06-05 18:03:39		tpl_get_action() is deprecated. It was called from tpl_actionlink() in /var/www/html/inc/template.php:592 see devel:menus should be used instead!
2026-06-05 18:03:39		tpl_action() is deprecated. It was called from include() in /var/www/html/lib/tpl/arcadebasic/main.php:205 see devel:menus should be used instead!
2026-06-05 18:03:39		tpl_actionlink() is deprecated. It was called from tpl_action() in /var/www/html/inc/template.php:712 see devel:menus should be used instead!
2026-06-05 18:03:39		tpl_get_action() is deprecated. It was called from tpl_actionlink() in /var/www/html/inc/template.php:592 see devel:menus should be used instead!
2026-06-05 18:03:39		tpl_toolsevent() is deprecated. It was called from include() in /var/www/html/lib/tpl/arcadebasic/main.php:202 see devel:menus should be used instead!
2026-06-05 18:44:44		tpl_action() is deprecated. It was called from include() in /var/www/html/lib/tpl/arcadebasic/main.php:159 see devel:menus should be used instead!
2026-06-05 18:44:44		tpl_actionlink() is deprecated. It was called from tpl_action() in /var/www/html/inc/template.php:712 see devel:menus should be used instead!
2026-06-05 18:44:44		tpl_get_action() is deprecated. It was called from tpl_actionlink() in /var/www/html/inc/template.php:592 see devel:menus should be used instead!
2026-06-05 18:44:44		tpl_toolsevent() is deprecated. It was called from include() in /var/www/html/lib/tpl/arcadebasic/main.php:158 see devel:menus should be used instead!
2026-06-05 18:44:44		tpl_action() is deprecated. It was called from include() in /var/www/html/lib/tpl/arcadebasic/main.php:190 see devel:menus should be used instead!
2026-06-05 18:44:44		tpl_actionlink() is deprecated. It was called from tpl_action() in /var/www/html/inc/template.php:712 see devel:menus should be used instead!
2026-06-05 18:44:44		tpl_get_action() is deprecated. It was called from tpl_actionlink() in /var/www/html/inc/template.php:592 see devel:menus should be used instead!
2026-06-05 18:44:44		tpl_action() is deprecated. It was called from include() in /var/www/html/lib/tpl/arcadebasic/main.php:191 see devel:menus should be used instead!
2026-06-05 18:44:44		tpl_actionlink() is deprecated. It was called from tpl_action() in /var/www/html/inc/template.php:712 see devel:menus should be used instead!
2026-06-05 18:44:44		tpl_get_action() is deprecated. It was called from tpl_actionlink() in /var/www/html/inc/template.php:592 see devel:menus should be used instead!
2026-06-05 18:44:44		tpl_action() is deprecated. It was called from include() in /var/www/html/lib/tpl/arcadebasic/main.php:192 see devel:menus should be used instead!
2026-06-05 18:44:44		tpl_actionlink() is deprecated. It was called from tpl_action() in /var/www/html/inc/template.php:712 see devel:menus should be used instead!
2026-06-05 18:44:44		tpl_get_action() is deprecated. It was called from tpl_actionlink() in /var/www/html/inc/template.php:592 see devel:menus should be used instead!
2026-06-05 18:44:44		tpl_toolsevent() is deprecated. It was called from include() in /var/www/html/lib/tpl/arcadebasic/main.php:187 see devel:menus should be used instead!
2026-06-05 18:44:44		tpl_action() is deprecated. It was called from include() in /var/www/html/lib/tpl/arcadebasic/main.php:203 see devel:menus should be used instead!
2026-06-05 18:44:44		tpl_actionlink() is deprecated. It was called from tpl_action() in /var/www/html/inc/template.php:712 see devel:menus should be used instead!
2026-06-05 18:44:44		tpl_get_action() is deprecated. It was called from tpl_actionlink() in /var/www/html/inc/template.php:592 see devel:menus should be used instead!
2026-06-05 18:44:44		tpl_action() is deprecated. It was called from include() in /var/www/html/lib/tpl/arcadebasic/main.php:204 see devel:menus should be used instead!
2026-06-05 18:44:44		tpl_actionlink() is deprecated. It was called from tpl_action() in /var/www/html/inc/template.php:712 see devel:menus should be used instead!
2026-06-05 18:44:44		tpl_get_action() is deprecated. It was called from tpl_actionlink() in /var/www/html/inc/template.php:592 see devel:menus should be used instead!
2026-06-05 18:44:44		tpl_action() is deprecated. It was called from include() in /var/www/html/lib/tpl/arcadebasic/main.php:205 see devel:menus should be used instead!
2026-06-05 18:44:44		tpl_actionlink() is deprecated. It was called from tpl_action() in /var/www/html/inc/template.php:712 see devel:menus should be used instead!
2026-06-05 18:44:44		tpl_get_action() is deprecated. It was called from tpl_actionlink() in /var/www/html/inc/template.php:592 see devel:menus should be used instead!
2026-06-05 18:44:44		tpl_toolsevent() is deprecated. It was called from include() in /var/www/html/lib/tpl/arcadebasic/main.php:202 see devel:menus should be used instead!
2026-06-05 19:54:10		tpl_action() is deprecated. It was called from include() in /var/www/html/lib/tpl/arcadebasic/main.php:159 see devel:menus should be used instead!
2026-06-05 19:54:10		tpl_actionlink() is deprecated. It was called from tpl_action() in /var/www/html/inc/template.php:712 see devel:menus should be used instead!
2026-06-05 19:54:10		tpl_get_action() is deprecated. It was called from tpl_actionlink() in /var/www/html/inc/template.php:592 see devel:menus should be used instead!
2026-06-05 19:54:10		tpl_toolsevent() is deprecated. It was called from include() in /var/www/html/lib/tpl/arcadebasic/main.php:158 see devel:menus should be used instead!
2026-06-05 19:54:10		tpl_action() is deprecated. It was called from include() in /var/www/html/lib/tpl/arcadebasic/main.php:190 see devel:menus should be used instead!
2026-06-05 19:54:10		tpl_actionlink() is deprecated. It was called from tpl_action() in /var/www/html/inc/template.php:712 see devel:menus should be used instead!
2026-06-05 19:54:10		tpl_get_action() is deprecated. It was called from tpl_actionlink() in /var/www/html/inc/template.php:592 see devel:menus should be used instead!
2026-06-05 19:54:10		tpl_action() is deprecated. It was called from include() in /var/www/html/lib/tpl/arcadebasic/main.php:191 see devel:menus should be used instead!
2026-06-05 19:54:10		tpl_actionlink() is deprecated. It was called from tpl_action() in /var/www/html/inc/template.php:712 see devel:menus should be used instead!
2026-06-05 19:54:10		tpl_get_action() is deprecated. It was called from tpl_actionlink() in /var/www/html/inc/template.php:592 see devel:menus should be used instead!
2026-06-05 19:54:10		tpl_action() is deprecated. It was called from include() in /var/www/html/lib/tpl/arcadebasic/main.php:192 see devel:menus should be used instead!
2026-06-05 19:54:10		tpl_actionlink() is deprecated. It was called from tpl_action() in /var/www/html/inc/template.php:712 see devel:menus should be used instead!
2026-06-05 19:54:10		tpl_get_action() is deprecated. It was called from tpl_actionlink() in /var/www/html/inc/template.php:592 see devel:menus should be used instead!
2026-06-05 19:54:10		tpl_toolsevent() is deprecated. It was called from include() in /var/www/html/lib/tpl/arcadebasic/main.php:187 see devel:menus should be used instead!
2026-06-05 19:54:10		tpl_action() is deprecated. It was called from include() in /var/www/html/lib/tpl/arcadebasic/main.php:203 see devel:menus should be used instead!
2026-06-05 19:54:10		tpl_actionlink() is deprecated. It was called from tpl_action() in /var/www/html/inc/template.php:712 see devel:menus should be used instead!
2026-06-05 19:54:10		tpl_get_action() is deprecated. It was called from tpl_actionlink() in /var/www/html/inc/template.php:592 see devel:menus should be used instead!
2026-06-05 19:54:10		tpl_action() is deprecated. It was called from include() in /var/www/html/lib/tpl/arcadebasic/main.php:204 see devel:menus should be used instead!
2026-06-05 19:54:10		tpl_actionlink() is deprecated. It was called from tpl_action() in /var/www/html/inc/template.php:712 see devel:menus should be used instead!
2026-06-05 19:54:10		tpl_get_action() is deprecated. It was called from tpl_actionlink() in /var/www/html/inc/template.php:592 see devel:menus should be used instead!
2026-06-05 19:54:10		tpl_action() is deprecated. It was called from include() in /var/www/html/lib/tpl/arcadebasic/main.php:205 see devel:menus should be used instead!
2026-06-05 19:54:10		tpl_actionlink() is deprecated. It was called from tpl_action() in /var/www/html/inc/template.php:712 see devel:menus should be used instead!
2026-06-05 19:54:10		tpl_get_action() is deprecated. It was called from tpl_actionlink() in /var/www/html/inc/template.php:592 see devel:menus should be used instead!
2026-06-05 19:54:10		tpl_toolsevent() is deprecated. It was called from include() in /var/www/html/lib/tpl/arcadebasic/main.php:202 see devel:menus should be used instead!
2026-06-05 20:34:21		tpl_action() is deprecated. It was called from include() in /var/www/html/lib/tpl/arcadebasic/main.php:159 see devel:menus should be used instead!
2026-06-05 20:34:21		tpl_actionlink() is deprecated. It was called from tpl_action() in /var/www/html/inc/template.php:712 see devel:menus should be used instead!
2026-06-05 20:34:21		tpl_get_action() is deprecated. It was called from tpl_actionlink() in /var/www/html/inc/template.php:592 see devel:menus should be used instead!
2026-06-05 20:34:21		tpl_toolsevent() is deprecated. It was called from include() in /var/www/html/lib/tpl/arcadebasic/main.php:158 see devel:menus should be used instead!
2026-06-05 20:34:21		tpl_action() is deprecated. It was called from include() in /var/www/html/lib/tpl/arcadebasic/main.php:190 see devel:menus should be used instead!
2026-06-05 20:34:21		tpl_actionlink() is deprecated. It was called from tpl_action() in /var/www/html/inc/template.php:712 see devel:menus should be used instead!
2026-06-05 20:34:21		tpl_get_action() is deprecated. It was called from tpl_actionlink() in /var/www/html/inc/template.php:592 see devel:menus should be used instead!
2026-06-05 20:34:21		tpl_action() is deprecated. It was called from include() in /var/www/html/lib/tpl/arcadebasic/main.php:191 see devel:menus should be used instead!
2026-06-05 20:34:21		tpl_actionlink() is deprecated. It was called from tpl_action() in /var/www/html/inc/template.php:712 see devel:menus should be used instead!
2026-06-05 20:34:21		tpl_get_action() is deprecated. It was called from tpl_actionlink() in /var/www/html/inc/template.php:592 see devel:menus should be used instead!
2026-06-05 20:34:21		tpl_action() is deprecated. It was called from include() in /var/www/html/lib/tpl/arcadebasic/main.php:192 see devel:menus should be used instead!
2026-06-05 20:34:21		tpl_actionlink() is deprecated. It was called from tpl_action() in /var/www/html/inc/template.php:712 see devel:menus should be used instead!
2026-06-05 20:34:21		tpl_get_action() is deprecated. It was called from tpl_actionlink() in /var/www/html/inc/template.php:592 see devel:menus should be used instead!
2026-06-05 20:34:21		tpl_toolsevent() is deprecated. It was called from include() in /var/www/html/lib/tpl/arcadebasic/main.php:187 see devel:menus should be used instead!
2026-06-05 20:34:21		tpl_action() is deprecated. It was called from include() in /var/www/html/lib/tpl/arcadebasic/main.php:203 see devel:menus should be used instead!
2026-06-05 20:34:21		tpl_actionlink() is deprecated. It was called from tpl_action() in /var/www/html/inc/template.php:712 see devel:menus should be used instead!
2026-06-05 20:34:21		tpl_get_action() is deprecated. It was called from tpl_actionlink() in /var/www/html/inc/template.php:592 see devel:menus should be used instead!
2026-06-05 20:34:21		tpl_action() is deprecated. It was called from include() in /var/www/html/lib/tpl/arcadebasic/main.php:204 see devel:menus should be used instead!
2026-06-05 20:34:21		tpl_actionlink() is deprecated. It was called from tpl_action() in /var/www/html/inc/template.php:712 see devel:menus should be used instead!
2026-06-05 20:34:21		tpl_get_action() is deprecated. It was called from tpl_actionlink() in /var/www/html/inc/template.php:592 see devel:menus should be used instead!
2026-06-05 20:34:21		tpl_action() is deprecated. It was called from include() in /var/www/html/lib/tpl/arcadebasic/main.php:205 see devel:menus should be used instead!
2026-06-05 20:34:21		tpl_actionlink() is deprecated. It was called from tpl_action() in /var/www/html/inc/template.php:712 see devel:menus should be used instead!
2026-06-05 20:34:21		tpl_get_action() is deprecated. It was called from tpl_actionlink() in /var/www/html/inc/template.php:592 see devel:menus should be used instead!
2026-06-05 20:34:21		tpl_toolsevent() is deprecated. It was called from include() in /var/www/html/lib/tpl/arcadebasic/main.php:202 see devel:menus should be used instead!
2026-06-05 20:48:21		tpl_action() is deprecated. It was called from include() in /var/www/html/lib/tpl/arcadebasic/main.php:159 see devel:menus should be used instead!
2026-06-05 20:48:21		tpl_actionlink() is deprecated. It was called from tpl_action() in /var/www/html/inc/template.php:712 see devel:menus should be used instead!
2026-06-05 20:48:21		tpl_get_action() is deprecated. It was called from tpl_actionlink() in /var/www/html/inc/template.php:592 see devel:menus should be used instead!
2026-06-05 20:48:21		tpl_toolsevent() is deprecated. It was called from include() in /var/www/html/lib/tpl/arcadebasic/main.php:158 see devel:menus should be used instead!
2026-06-05 20:48:21		tpl_action() is deprecated. It was called from include() in /var/www/html/lib/tpl/arcadebasic/main.php:190 see devel:menus should be used instead!
2026-06-05 20:48:21		tpl_actionlink() is deprecated. It was called from tpl_action() in /var/www/html/inc/template.php:712 see devel:menus should be used instead!
2026-06-05 20:48:21		tpl_get_action() is deprecated. It was called from tpl_actionlink() in /var/www/html/inc/template.php:592 see devel:menus should be used instead!
2026-06-05 20:48:21		tpl_action() is deprecated. It was called from include() in /var/www/html/lib/tpl/arcadebasic/main.php:191 see devel:menus should be used instead!
2026-06-05 20:48:21		tpl_actionlink() is deprecated. It was called from tpl_action() in /var/www/html/inc/template.php:712 see devel:menus should be used instead!
2026-06-05 20:48:21		tpl_get_action() is deprecated. It was called from tpl_actionlink() in /var/www/html/inc/template.php:592 see devel:menus should be used instead!
2026-06-05 20:48:21		tpl_action() is deprecated. It was called from include() in /var/www/html/lib/tpl/arcadebasic/main.php:192 see devel:menus should be used instead!
2026-06-05 20:48:21		tpl_actionlink() is deprecated. It was called from tpl_action() in /var/www/html/inc/template.php:712 see devel:menus should be used instead!
2026-06-05 20:48:21		tpl_get_action() is deprecated. It was called from tpl_actionlink() in /var/www/html/inc/template.php:592 see devel:menus should be used instead!
2026-06-05 20:48:21		tpl_toolsevent() is deprecated. It was called from include() in /var/www/html/lib/tpl/arcadebasic/main.php:187 see devel:menus should be used instead!
2026-06-05 20:48:21		tpl_action() is deprecated. It was called from include() in /var/www/html/lib/tpl/arcadebasic/main.php:203 see devel:menus should be used instead!
2026-06-05 20:48:21		tpl_actionlink() is deprecated. It was called from tpl_action() in /var/www/html/inc/template.php:712 see devel:menus should be used instead!
2026-06-05 20:48:21		tpl_get_action() is deprecated. It was called from tpl_actionlink() in /var/www/html/inc/template.php:592 see devel:menus should be used instead!
2026-06-05 20:48:21		tpl_action() is deprecated. It was called from include() in /var/www/html/lib/tpl/arcadebasic/main.php:204 see devel:menus should be used instead!
2026-06-05 20:48:21		tpl_actionlink() is deprecated. It was called from tpl_action() in /var/www/html/inc/template.php:712 see devel:menus should be used instead!
2026-06-05 20:48:21		tpl_get_action() is deprecated. It was called from tpl_actionlink() in /var/www/html/inc/template.php:592 see devel:menus should be used instead!
2026-06-05 20:48:21		tpl_action() is deprecated. It was called from include() in /var/www/html/lib/tpl/arcadebasic/main.php:205 see devel:menus should be used instead!
2026-06-05 20:48:21		tpl_actionlink() is deprecated. It was called from tpl_action() in /var/www/html/inc/template.php:712 see devel:menus should be used instead!
2026-06-05 20:48:21		tpl_get_action() is deprecated. It was called from tpl_actionlink() in /var/www/html/inc/template.php:592 see devel:menus should be used instead!
2026-06-05 20:48:21		tpl_toolsevent() is deprecated. It was called from include() in /var/www/html/lib/tpl/arcadebasic/main.php:202 see devel:menus should be used instead!
2026-06-05 20:52:30		tpl_action() is deprecated. It was called from include() in /var/www/html/lib/tpl/arcadebasic/main.php:159 see devel:menus should be used instead!
2026-06-05 20:52:30		tpl_actionlink() is deprecated. It was called from tpl_action() in /var/www/html/inc/template.php:712 see devel:menus should be used instead!
2026-06-05 20:52:30		tpl_get_action() is deprecated. It was called from tpl_actionlink() in /var/www/html/inc/template.php:592 see devel:menus should be used instead!
2026-06-05 20:52:30		tpl_toolsevent() is deprecated. It was called from include() in /var/www/html/lib/tpl/arcadebasic/main.php:158 see devel:menus should be used instead!
2026-06-05 20:52:30		tpl_action() is deprecated. It was called from include() in /var/www/html/lib/tpl/arcadebasic/main.php:190 see devel:menus should be used instead!
2026-06-05 20:52:30		tpl_actionlink() is deprecated. It was called from tpl_action() in /var/www/html/inc/template.php:712 see devel:menus should be used instead!
2026-06-05 20:52:30		tpl_get_action() is deprecated. It was called from tpl_actionlink() in /var/www/html/inc/template.php:592 see devel:menus should be used instead!
2026-06-05 20:52:30		tpl_action() is deprecated. It was called from include() in /var/www/html/lib/tpl/arcadebasic/main.php:191 see devel:menus should be used instead!
2026-06-05 20:52:30		tpl_actionlink() is deprecated. It was called from tpl_action() in /var/www/html/inc/template.php:712 see devel:menus should be used instead!
2026-06-05 20:52:30		tpl_get_action() is deprecated. It was called from tpl_actionlink() in /var/www/html/inc/template.php:592 see devel:menus should be used instead!
2026-06-05 20:52:30		tpl_action() is deprecated. It was called from include() in /var/www/html/lib/tpl/arcadebasic/main.php:192 see devel:menus should be used instead!
2026-06-05 20:52:30		tpl_actionlink() is deprecated. It was called from tpl_action() in /var/www/html/inc/template.php:712 see devel:menus should be used instead!
2026-06-05 20:52:30		tpl_get_action() is deprecated. It was called from tpl_actionlink() in /var/www/html/inc/template.php:592 see devel:menus should be used instead!
2026-06-05 20:52:30		tpl_toolsevent() is deprecated. It was called from include() in /var/www/html/lib/tpl/arcadebasic/main.php:187 see devel:menus should be used instead!
2026-06-05 20:52:30		tpl_action() is deprecated. It was called from include() in /var/www/html/lib/tpl/arcadebasic/main.php:203 see devel:menus should be used instead!
2026-06-05 20:52:30		tpl_actionlink() is deprecated. It was called from tpl_action() in /var/www/html/inc/template.php:712 see devel:menus should be used instead!
2026-06-05 20:52:30		tpl_get_action() is deprecated. It was called from tpl_actionlink() in /var/www/html/inc/template.php:592 see devel:menus should be used instead!
2026-06-05 20:52:30		tpl_action() is deprecated. It was called from include() in /var/www/html/lib/tpl/arcadebasic/main.php:204 see devel:menus should be used instead!
2026-06-05 20:52:30		tpl_actionlink() is deprecated. It was called from tpl_action() in /var/www/html/inc/template.php:712 see devel:menus should be used instead!
2026-06-05 20:52:30		tpl_get_action() is deprecated. It was called from tpl_actionlink() in /var/www/html/inc/template.php:592 see devel:menus should be used instead!
2026-06-05 20:52:30		tpl_action() is deprecated. It was called from include() in /var/www/html/lib/tpl/arcadebasic/main.php:205 see devel:menus should be used instead!
2026-06-05 20:52:30		tpl_actionlink() is deprecated. It was called from tpl_action() in /var/www/html/inc/template.php:712 see devel:menus should be used instead!
2026-06-05 20:52:30		tpl_get_action() is deprecated. It was called from tpl_actionlink() in /var/www/html/inc/template.php:592 see devel:menus should be used instead!
2026-06-05 20:52:30		tpl_toolsevent() is deprecated. It was called from include() in /var/www/html/lib/tpl/arcadebasic/main.php:202 see devel:menus should be used instead!
2026-06-05 22:52:49		tpl_action() is deprecated. It was called from include() in /var/www/html/lib/tpl/arcadebasic/main.php:159 see devel:menus should be used instead!
2026-06-05 22:52:49		tpl_actionlink() is deprecated. It was called from tpl_action() in /var/www/html/inc/template.php:712 see devel:menus should be used instead!
2026-06-05 22:52:49		tpl_get_action() is deprecated. It was called from tpl_actionlink() in /var/www/html/inc/template.php:592 see devel:menus should be used instead!
2026-06-05 22:52:49		tpl_toolsevent() is deprecated. It was called from include() in /var/www/html/lib/tpl/arcadebasic/main.php:158 see devel:menus should be used instead!
2026-06-05 22:52:49		tpl_action() is deprecated. It was called from include() in /var/www/html/lib/tpl/arcadebasic/main.php:190 see devel:menus should be used instead!
2026-06-05 22:52:49		tpl_actionlink() is deprecated. It was called from tpl_action() in /var/www/html/inc/template.php:712 see devel:menus should be used instead!
2026-06-05 22:52:49		tpl_get_action() is deprecated. It was called from tpl_actionlink() in /var/www/html/inc/template.php:592 see devel:menus should be used instead!
2026-06-05 22:52:49		tpl_action() is deprecated. It was called from include() in /var/www/html/lib/tpl/arcadebasic/main.php:191 see devel:menus should be used instead!
2026-06-05 22:52:49		tpl_actionlink() is deprecated. It was called from tpl_action() in /var/www/html/inc/template.php:712 see devel:menus should be used instead!
2026-06-05 22:52:49		tpl_get_action() is deprecated. It was called from tpl_actionlink() in /var/www/html/inc/template.php:592 see devel:menus should be used instead!
2026-06-05 22:52:49		tpl_action() is deprecated. It was called from include() in /var/www/html/lib/tpl/arcadebasic/main.php:192 see devel:menus should be used instead!
2026-06-05 22:52:49		tpl_actionlink() is deprecated. It was called from tpl_action() in /var/www/html/inc/template.php:712 see devel:menus should be used instead!
2026-06-05 22:52:49		tpl_get_action() is deprecated. It was called from tpl_actionlink() in /var/www/html/inc/template.php:592 see devel:menus should be used instead!
2026-06-05 22:52:49		tpl_toolsevent() is deprecated. It was called from include() in /var/www/html/lib/tpl/arcadebasic/main.php:187 see devel:menus should be used instead!
2026-06-05 22:52:49		tpl_action() is deprecated. It was called from include() in /var/www/html/lib/tpl/arcadebasic/main.php:203 see devel:menus should be used instead!
2026-06-05 22:52:49		tpl_actionlink() is deprecated. It was called from tpl_action() in /var/www/html/inc/template.php:712 see devel:menus should be used instead!
2026-06-05 22:52:49		tpl_get_action() is deprecated. It was called from tpl_actionlink() in /var/www/html/inc/template.php:592 see devel:menus should be used instead!
2026-06-05 22:52:49		tpl_action() is deprecated. It was called from include() in /var/www/html/lib/tpl/arcadebasic/main.php:204 see devel:menus should be used instead!
2026-06-05 22:52:49		tpl_actionlink() is deprecated. It was called from tpl_action() in /var/www/html/inc/template.php:712 see devel:menus should be used instead!
2026-06-05 22:52:49		tpl_get_action() is deprecated. It was called from tpl_actionlink() in /var/www/html/inc/template.php:592 see devel:menus should be used instead!
2026-06-05 22:52:49		tpl_action() is deprecated. It was called from include() in /var/www/html/lib/tpl/arcadebasic/main.php:205 see devel:menus should be used instead!
2026-06-05 22:52:49		tpl_actionlink() is deprecated. It was called from tpl_action() in /var/www/html/inc/template.php:712 see devel:menus should be used instead!
2026-06-05 22:52:49		tpl_get_action() is deprecated. It was called from tpl_actionlink() in /var/www/html/inc/template.php:592 see devel:menus should be used instead!
2026-06-05 22:52:49		tpl_toolsevent() is deprecated. It was called from include() in /var/www/html/lib/tpl/arcadebasic/main.php:202 see devel:menus should be used instead!
2026-06-05 23:39:23		tpl_action() is deprecated. It was called from include() in /var/www/html/lib/tpl/arcadebasic/main.php:159 see devel:menus should be used instead!
2026-06-05 23:39:23		tpl_actionlink() is deprecated. It was called from tpl_action() in /var/www/html/inc/template.php:712 see devel:menus should be used instead!
2026-06-05 23:39:23		tpl_get_action() is deprecated. It was called from tpl_actionlink() in /var/www/html/inc/template.php:592 see devel:menus should be used instead!
2026-06-05 23:39:23		tpl_toolsevent() is deprecated. It was called from include() in /var/www/html/lib/tpl/arcadebasic/main.php:158 see devel:menus should be used instead!
2026-06-05 23:39:23		tpl_action() is deprecated. It was called from include() in /var/www/html/lib/tpl/arcadebasic/main.php:190 see devel:menus should be used instead!
2026-06-05 23:39:23		tpl_actionlink() is deprecated. It was called from tpl_action() in /var/www/html/inc/template.php:712 see devel:menus should be used instead!
2026-06-05 23:39:23		tpl_get_action() is deprecated. It was called from tpl_actionlink() in /var/www/html/inc/template.php:592 see devel:menus should be used instead!
2026-06-05 23:39:23		tpl_action() is deprecated. It was called from include() in /var/www/html/lib/tpl/arcadebasic/main.php:191 see devel:menus should be used instead!
2026-06-05 23:39:23		tpl_actionlink() is deprecated. It was called from tpl_action() in /var/www/html/inc/template.php:712 see devel:menus should be used instead!
2026-06-05 23:39:23		tpl_get_action() is deprecated. It was called from tpl_actionlink() in /var/www/html/inc/template.php:592 see devel:menus should be used instead!
2026-06-05 23:39:23		tpl_action() is deprecated. It was called from include() in /var/www/html/lib/tpl/arcadebasic/main.php:192 see devel:menus should be used instead!
2026-06-05 23:39:23		tpl_actionlink() is deprecated. It was called from tpl_action() in /var/www/html/inc/template.php:712 see devel:menus should be used instead!
2026-06-05 23:39:23		tpl_get_action() is deprecated. It was called from tpl_actionlink() in /var/www/html/inc/template.php:592 see devel:menus should be used instead!
2026-06-05 23:39:23		tpl_toolsevent() is deprecated. It was called from include() in /var/www/html/lib/tpl/arcadebasic/main.php:187 see devel:menus should be used instead!
2026-06-05 23:39:23		tpl_action() is deprecated. It was called from include() in /var/www/html/lib/tpl/arcadebasic/main.php:203 see devel:menus should be used instead!
2026-06-05 23:39:23		tpl_actionlink() is deprecated. It was called from tpl_action() in /var/www/html/inc/template.php:712 see devel:menus should be used instead!
2026-06-05 23:39:23		tpl_get_action() is deprecated. It was called from tpl_actionlink() in /var/www/html/inc/template.php:592 see devel:menus should be used instead!
2026-06-05 23:39:23		tpl_action() is deprecated. It was called from include() in /var/www/html/lib/tpl/arcadebasic/main.php:204 see devel:menus should be used instead!
2026-06-05 23:39:23		tpl_actionlink() is deprecated. It was called from tpl_action() in /var/www/html/inc/template.php:712 see devel:menus should be used instead!
2026-06-05 23:39:23		tpl_get_action() is deprecated. It was called from tpl_actionlink() in /var/www/html/inc/template.php:592 see devel:menus should be used instead!
2026-06-05 23:39:23		tpl_action() is deprecated. It was called from include() in /var/www/html/lib/tpl/arcadebasic/main.php:205 see devel:menus should be used instead!
2026-06-05 23:39:23		tpl_actionlink() is deprecated. It was called from tpl_action() in /var/www/html/inc/template.php:712 see devel:menus should be used instead!
2026-06-05 23:39:23		tpl_get_action() is deprecated. It was called from tpl_actionlink() in /var/www/html/inc/template.php:592 see devel:menus should be used instead!
2026-06-05 23:39:23		tpl_toolsevent() is deprecated. It was called from include() in /var/www/html/lib/tpl/arcadebasic/main.php:202 see devel:menus should be used instead!
2026-06-05 23:39:24		tpl_action() is deprecated. It was called from include() in /var/www/html/lib/tpl/arcadebasic/main.php:159 see devel:menus should be used instead!
2026-06-05 23:39:24		tpl_actionlink() is deprecated. It was called from tpl_action() in /var/www/html/inc/template.php:712 see devel:menus should be used instead!
2026-06-05 23:39:24		tpl_get_action() is deprecated. It was called from tpl_actionlink() in /var/www/html/inc/template.php:592 see devel:menus should be used instead!
2026-06-05 23:39:24		tpl_toolsevent() is deprecated. It was called from include() in /var/www/html/lib/tpl/arcadebasic/main.php:158 see devel:menus should be used instead!
2026-06-05 23:39:24		tpl_action() is deprecated. It was called from include() in /var/www/html/lib/tpl/arcadebasic/main.php:190 see devel:menus should be used instead!
2026-06-05 23:39:24		tpl_actionlink() is deprecated. It was called from tpl_action() in /var/www/html/inc/template.php:712 see devel:menus should be used instead!
2026-06-05 23:39:24		tpl_get_action() is deprecated. It was called from tpl_actionlink() in /var/www/html/inc/template.php:592 see devel:menus should be used instead!
2026-06-05 23:39:24		tpl_action() is deprecated. It was called from include() in /var/www/html/lib/tpl/arcadebasic/main.php:191 see devel:menus should be used instead!
2026-06-05 23:39:24		tpl_actionlink() is deprecated. It was called from tpl_action() in /var/www/html/inc/template.php:712 see devel:menus should be used instead!
2026-06-05 23:39:24		tpl_get_action() is deprecated. It was called from tpl_actionlink() in /var/www/html/inc/template.php:592 see devel:menus should be used instead!
2026-06-05 23:39:24		tpl_action() is deprecated. It was called from include() in /var/www/html/lib/tpl/arcadebasic/main.php:192 see devel:menus should be used instead!
2026-06-05 23:39:24		tpl_actionlink() is deprecated. It was called from tpl_action() in /var/www/html/inc/template.php:712 see devel:menus should be used instead!
2026-06-05 23:39:24		tpl_get_action() is deprecated. It was called from tpl_actionlink() in /var/www/html/inc/template.php:592 see devel:menus should be used instead!
2026-06-05 23:39:24		tpl_toolsevent() is deprecated. It was called from include() in /var/www/html/lib/tpl/arcadebasic/main.php:187 see devel:menus should be used instead!
2026-06-05 23:39:24		tpl_action() is deprecated. It was called from include() in /var/www/html/lib/tpl/arcadebasic/main.php:203 see devel:menus should be used instead!
2026-06-05 23:39:24		tpl_actionlink() is deprecated. It was called from tpl_action() in /var/www/html/inc/template.php:712 see devel:menus should be used instead!
2026-06-05 23:39:24		tpl_get_action() is deprecated. It was called from tpl_actionlink() in /var/www/html/inc/template.php:592 see devel:menus should be used instead!
2026-06-05 23:39:24		tpl_action() is deprecated. It was called from include() in /var/www/html/lib/tpl/arcadebasic/main.php:204 see devel:menus should be used instead!
2026-06-05 23:39:24		tpl_actionlink() is deprecated. It was called from tpl_action() in /var/www/html/inc/template.php:712 see devel:menus should be used instead!
2026-06-05 23:39:24		tpl_get_action() is deprecated. It was called from tpl_actionlink() in /var/www/html/inc/template.php:592 see devel:menus should be used instead!
2026-06-05 23:39:24		tpl_action() is deprecated. It was called from include() in /var/www/html/lib/tpl/arcadebasic/main.php:205 see devel:menus should be used instead!
2026-06-05 23:39:24		tpl_actionlink() is deprecated. It was called from tpl_action() in /var/www/html/inc/template.php:712 see devel:menus should be used instead!
2026-06-05 23:39:24		tpl_get_action() is deprecated. It was called from tpl_actionlink() in /var/www/html/inc/template.php:592 see devel:menus should be used instead!
2026-06-05 23:39:24		tpl_toolsevent() is deprecated. It was called from include() in /var/www/html/lib/tpl/arcadebasic/main.php:202 see devel:menus should be used instead!
2026-06-05 23:39:25		tpl_action() is deprecated. It was called from include() in /var/www/html/lib/tpl/arcadebasic/main.php:159 see devel:menus should be used instead!
2026-06-05 23:39:25		tpl_actionlink() is deprecated. It was called from tpl_action() in /var/www/html/inc/template.php:712 see devel:menus should be used instead!
2026-06-05 23:39:25		tpl_get_action() is deprecated. It was called from tpl_actionlink() in /var/www/html/inc/template.php:592 see devel:menus should be used instead!
2026-06-05 23:39:25		tpl_toolsevent() is deprecated. It was called from include() in /var/www/html/lib/tpl/arcadebasic/main.php:158 see devel:menus should be used instead!
2026-06-05 23:39:25		tpl_action() is deprecated. It was called from include() in /var/www/html/lib/tpl/arcadebasic/main.php:190 see devel:menus should be used instead!
2026-06-05 23:39:25		tpl_actionlink() is deprecated. It was called from tpl_action() in /var/www/html/inc/template.php:712 see devel:menus should be used instead!
2026-06-05 23:39:25		tpl_get_action() is deprecated. It was called from tpl_actionlink() in /var/www/html/inc/template.php:592 see devel:menus should be used instead!
2026-06-05 23:39:25		tpl_action() is deprecated. It was called from include() in /var/www/html/lib/tpl/arcadebasic/main.php:191 see devel:menus should be used instead!
2026-06-05 23:39:25		tpl_actionlink() is deprecated. It was called from tpl_action() in /var/www/html/inc/template.php:712 see devel:menus should be used instead!
2026-06-05 23:39:25		tpl_get_action() is deprecated. It was called from tpl_actionlink() in /var/www/html/inc/template.php:592 see devel:menus should be used instead!
2026-06-05 23:39:25		tpl_action() is deprecated. It was called from include() in /var/www/html/lib/tpl/arcadebasic/main.php:192 see devel:menus should be used instead!
2026-06-05 23:39:25		tpl_actionlink() is deprecated. It was called from tpl_action() in /var/www/html/inc/template.php:712 see devel:menus should be used instead!
2026-06-05 23:39:25		tpl_get_action() is deprecated. It was called from tpl_actionlink() in /var/www/html/inc/template.php:592 see devel:menus should be used instead!
2026-06-05 23:39:25		tpl_toolsevent() is deprecated. It was called from include() in /var/www/html/lib/tpl/arcadebasic/main.php:187 see devel:menus should be used instead!
2026-06-05 23:39:25		tpl_action() is deprecated. It was called from include() in /var/www/html/lib/tpl/arcadebasic/main.php:203 see devel:menus should be used instead!
2026-06-05 23:39:25		tpl_actionlink() is deprecated. It was called from tpl_action() in /var/www/html/inc/template.php:712 see devel:menus should be used instead!
2026-06-05 23:39:25		tpl_get_action() is deprecated. It was called from tpl_actionlink() in /var/www/html/inc/template.php:592 see devel:menus should be used instead!
2026-06-05 23:39:25		tpl_action() is deprecated. It was called from include() in /var/www/html/lib/tpl/arcadebasic/main.php:204 see devel:menus should be used instead!
2026-06-05 23:39:25		tpl_actionlink() is deprecated. It was called from tpl_action() in /var/www/html/inc/template.php:712 see devel:menus should be used instead!
2026-06-05 23:39:25		tpl_get_action() is deprecated. It was called from tpl_actionlink() in /var/www/html/inc/template.php:592 see devel:menus should be used instead!
2026-06-05 23:39:25		tpl_action() is deprecated. It was called from include() in /var/www/html/lib/tpl/arcadebasic/main.php:205 see devel:menus should be used instead!
2026-06-05 23:39:25		tpl_actionlink() is deprecated. It was called from tpl_action() in /var/www/html/inc/template.php:712 see devel:menus should be used instead!
2026-06-05 23:39:25		tpl_get_action() is deprecated. It was called from tpl_actionlink() in /var/www/html/inc/template.php:592 see devel:menus should be used instead!
2026-06-05 23:39:25		tpl_toolsevent() is deprecated. It was called from include() in /var/www/html/lib/tpl/arcadebasic/main.php:202 see devel:menus should be used instead!
2026-06-05 23:39:29		tpl_action() is deprecated. It was called from include() in /var/www/html/lib/tpl/arcadebasic/main.php:159 see devel:menus should be used instead!
2026-06-05 23:39:29		tpl_actionlink() is deprecated. It was called from tpl_action() in /var/www/html/inc/template.php:712 see devel:menus should be used instead!
2026-06-05 23:39:29		tpl_get_action() is deprecated. It was called from tpl_actionlink() in /var/www/html/inc/template.php:592 see devel:menus should be used instead!
2026-06-05 23:39:29		tpl_toolsevent() is deprecated. It was called from include() in /var/www/html/lib/tpl/arcadebasic/main.php:158 see devel:menus should be used instead!
2026-06-05 23:39:29		tpl_action() is deprecated. It was called from include() in /var/www/html/lib/tpl/arcadebasic/main.php:190 see devel:menus should be used instead!
2026-06-05 23:39:29		tpl_actionlink() is deprecated. It was called from tpl_action() in /var/www/html/inc/template.php:712 see devel:menus should be used instead!
2026-06-05 23:39:29		tpl_get_action() is deprecated. It was called from tpl_actionlink() in /var/www/html/inc/template.php:592 see devel:menus should be used instead!
2026-06-05 23:39:29		tpl_action() is deprecated. It was called from include() in /var/www/html/lib/tpl/arcadebasic/main.php:191 see devel:menus should be used instead!
2026-06-05 23:39:29		tpl_actionlink() is deprecated. It was called from tpl_action() in /var/www/html/inc/template.php:712 see devel:menus should be used instead!
2026-06-05 23:39:29		tpl_get_action() is deprecated. It was called from tpl_actionlink() in /var/www/html/inc/template.php:592 see devel:menus should be used instead!
2026-06-05 23:39:29		tpl_action() is deprecated. It was called from include() in /var/www/html/lib/tpl/arcadebasic/main.php:192 see devel:menus should be used instead!
2026-06-05 23:39:29		tpl_actionlink() is deprecated. It was called from tpl_action() in /var/www/html/inc/template.php:712 see devel:menus should be used instead!
2026-06-05 23:39:29		tpl_get_action() is deprecated. It was called from tpl_actionlink() in /var/www/html/inc/template.php:592 see devel:menus should be used instead!
2026-06-05 23:39:29		tpl_toolsevent() is deprecated. It was called from include() in /var/www/html/lib/tpl/arcadebasic/main.php:187 see devel:menus should be used instead!
2026-06-05 23:39:29		tpl_action() is deprecated. It was called from include() in /var/www/html/lib/tpl/arcadebasic/main.php:203 see devel:menus should be used instead!
2026-06-05 23:39:29		tpl_actionlink() is deprecated. It was called from tpl_action() in /var/www/html/inc/template.php:712 see devel:menus should be used instead!
2026-06-05 23:39:29		tpl_get_action() is deprecated. It was called from tpl_actionlink() in /var/www/html/inc/template.php:592 see devel:menus should be used instead!
2026-06-05 23:39:29		tpl_action() is deprecated. It was called from include() in /var/www/html/lib/tpl/arcadebasic/main.php:204 see devel:menus should be used instead!
2026-06-05 23:39:29		tpl_actionlink() is deprecated. It was called from tpl_action() in /var/www/html/inc/template.php:712 see devel:menus should be used instead!
2026-06-05 23:39:29		tpl_get_action() is deprecated. It was called from tpl_actionlink() in /var/www/html/inc/template.php:592 see devel:menus should be used instead!
2026-06-05 23:39:29		tpl_action() is deprecated. It was called from include() in /var/www/html/lib/tpl/arcadebasic/main.php:205 see devel:menus should be used instead!
2026-06-05 23:39:29		tpl_actionlink() is deprecated. It was called from tpl_action() in /var/www/html/inc/template.php:712 see devel:menus should be used instead!
2026-06-05 23:39:29		tpl_get_action() is deprecated. It was called from tpl_actionlink() in /var/www/html/inc/template.php:592 see devel:menus should be used instead!
2026-06-05 23:39:29		tpl_toolsevent() is deprecated. It was called from include() in /var/www/html/lib/tpl/arcadebasic/main.php:202 see devel:menus should be used instead!
2026-06-05 23:39:29		tpl_action() is deprecated. It was called from include() in /var/www/html/lib/tpl/arcadebasic/main.php:159 see devel:menus should be used instead!
2026-06-05 23:39:29		tpl_actionlink() is deprecated. It was called from tpl_action() in /var/www/html/inc/template.php:712 see devel:menus should be used instead!
2026-06-05 23:39:29		tpl_get_action() is deprecated. It was called from tpl_actionlink() in /var/www/html/inc/template.php:592 see devel:menus should be used instead!
2026-06-05 23:39:29		tpl_toolsevent() is deprecated. It was called from include() in /var/www/html/lib/tpl/arcadebasic/main.php:158 see devel:menus should be used instead!
2026-06-05 23:39:29		tpl_action() is deprecated. It was called from include() in /var/www/html/lib/tpl/arcadebasic/main.php:190 see devel:menus should be used instead!
2026-06-05 23:39:29		tpl_actionlink() is deprecated. It was called from tpl_action() in /var/www/html/inc/template.php:712 see devel:menus should be used instead!
2026-06-05 23:39:29		tpl_get_action() is deprecated. It was called from tpl_actionlink() in /var/www/html/inc/template.php:592 see devel:menus should be used instead!
2026-06-05 23:39:29		tpl_action() is deprecated. It was called from include() in /var/www/html/lib/tpl/arcadebasic/main.php:191 see devel:menus should be used instead!
2026-06-05 23:39:29		tpl_actionlink() is deprecated. It was called from tpl_action() in /var/www/html/inc/template.php:712 see devel:menus should be used instead!
2026-06-05 23:39:29		tpl_get_action() is deprecated. It was called from tpl_actionlink() in /var/www/html/inc/template.php:592 see devel:menus should be used instead!
2026-06-05 23:39:29		tpl_action() is deprecated. It was called from include() in /var/www/html/lib/tpl/arcadebasic/main.php:192 see devel:menus should be used instead!
2026-06-05 23:39:29		tpl_actionlink() is deprecated. It was called from tpl_action() in /var/www/html/inc/template.php:712 see devel:menus should be used instead!
2026-06-05 23:39:29		tpl_get_action() is deprecated. It was called from tpl_actionlink() in /var/www/html/inc/template.php:592 see devel:menus should be used instead!
2026-06-05 23:39:29		tpl_toolsevent() is deprecated. It was called from include() in /var/www/html/lib/tpl/arcadebasic/main.php:187 see devel:menus should be used instead!
2026-06-05 23:39:29		tpl_action() is deprecated. It was called from include() in /var/www/html/lib/tpl/arcadebasic/main.php:203 see devel:menus should be used instead!
2026-06-05 23:39:29		tpl_actionlink() is deprecated. It was called from tpl_action() in /var/www/html/inc/template.php:712 see devel:menus should be used instead!
2026-06-05 23:39:29		tpl_get_action() is deprecated. It was called from tpl_actionlink() in /var/www/html/inc/template.php:592 see devel:menus should be used instead!
2026-06-05 23:39:29		tpl_action() is deprecated. It was called from include() in /var/www/html/lib/tpl/arcadebasic/main.php:204 see devel:menus should be used instead!
2026-06-05 23:39:29		tpl_actionlink() is deprecated. It was called from tpl_action() in /var/www/html/inc/template.php:712 see devel:menus should be used instead!
2026-06-05 23:39:29		tpl_get_action() is deprecated. It was called from tpl_actionlink() in /var/www/html/inc/template.php:592 see devel:menus should be used instead!
2026-06-05 23:39:29		tpl_action() is deprecated. It was called from include() in /var/www/html/lib/tpl/arcadebasic/main.php:205 see devel:menus should be used instead!
2026-06-05 23:39:29		tpl_actionlink() is deprecated. It was called from tpl_action() in /var/www/html/inc/template.php:712 see devel:menus should be used instead!
2026-06-05 23:39:29		tpl_get_action() is deprecated. It was called from tpl_actionlink() in /var/www/html/inc/template.php:592 see devel:menus should be used instead!
2026-06-05 23:39:29		tpl_toolsevent() is deprecated. It was called from include() in /var/www/html/lib/tpl/arcadebasic/main.php:202 see devel:menus should be used instead!
